order_line_id,order_id,sku,tenant_id,qty,unit_price,line_total
1b120aef-1962-a3e7-1015-97605c347880,SO-2001,HP-CF226A,sai-ke,4,7742.0,30968.0
6a82f170-68f3-3ebe-596a-ed7f0d6020d4,SO-2001,BRO-TN2421,sai-ke,2,4905.64,9811.28
255eae18-3c75-0002-c17f-9d8514893f54,SO-2001,OFP-A4-80,sai-ke,5,575.93,2879.65
149f892f-6199-1f5f-25ad-9603c71e4ade,SO-2002,HP-CF226A,sai-ke,4,7742.0,30968.0
10aa9b82-46d8-15d5-94c6-054137031391,SO-2002,BRO-TN2421,sai-ke,2,4905.64,9811.28
9c9b3d80-d73a-3fba-04fc-afae0ba2d4d9,SO-2002,OFP-A4-80,sai-ke,5,575.93,2879.65
059dca24-1a40-ea8a-49aa-2c734e39941c,SO-2003,HP-CF226A,sai-ke,4,7742.0,30968.0
df01319c-2878-a036-eed3-7ed975f7abc3,SO-2003,BRO-TN2421,sai-ke,2,4905.64,9811.28
f8a289a8-ba3a-7113-741e-5fe5056ac984,SO-2003,OFP-A4-80,sai-ke,5,575.93,2879.65
4a8acfcf-311c-bd0e-8f3b-0cff5f656518,SO-2004,HP-CF226A,sai-ke,4,7742.0,30968.0
ec74211f-d26c-9263-d551-8391f7ff4676,SO-2004,BRO-TN2421,sai-ke,2,4905.64,9811.28
b42b1d4d-2c4c-ffcb-597d-ffa90d48dda6,SO-2004,OFP-A4-80,sai-ke,5,575.93,2879.65
3247d6d0-1d22-e35d-3ea4-2abadc525323,SO-2005,HP-CF226A,sai-ke,4,7742.0,30968.0
12b78013-187c-e965-5c20-73ae1c463072,SO-2005,BRO-TN2421,sai-ke,2,4905.64,9811.28
55a33418-7c39-5e65-8046-02c42c516f60,SO-2005,OFP-A4-80,sai-ke,5,575.93,2879.65
b1e89781-fc0e-10b4-906a-979d75c7cdb3,SO-2006,HP-CF226A,sai-ke,4,7742.0,30968.0
cdf0b7d8-c559-21e5-2f4b-cb2063d292af,SO-2006,BRO-TN2421,sai-ke,2,4905.64,9811.28
d034bcb8-c8e5-9111-7c91-4997f286a446,SO-2006,OFP-A4-80,sai-ke,5,575.93,2879.65
8c87258f-cdbc-e650-ab73-2f82bd04215c,SO-2007,HP-CF226A,sai-ke,4,7742.0,30968.0
63b3a0a3-cf85-3ea1-d708-f9731742b9a0,SO-2007,BRO-TN2421,sai-ke,2,4905.64,9811.28
a58d2cb9-8ead-e6cf-b99c-3afda60d69f7,SO-2007,OFP-A4-80,sai-ke,5,575.93,2879.65
b934a20d-d661-bb35-6e98-67abade9b1a5,SO-2008,HP-CF226A,sai-ke,4,7742.0,30968.0
2dba0409-e2eb-54cc-2d87-c763701b30a9,SO-2008,BRO-TN2421,sai-ke,2,4905.64,9811.28
40f24d9a-70bd-5fbf-ec80-bbbb101d2644,SO-2008,OFP-A4-80,sai-ke,5,575.93,2879.65
170e2ee0-f5fa-d7cf-c3a1-a75f762c7d0e,SO-2009,HP-CF226A,sai-ke,4,7742.0,30968.0
a2d471f3-1ece-3950-e02a-66ad3ce91718,SO-2009,BRO-TN2421,sai-ke,2,4905.64,9811.28
8604d26e-a13a-916e-bc80-a85d61f08eab,SO-2009,OFP-A4-80,sai-ke,5,575.93,2879.65
61937822-8e2b-e4b4-8a9f-1e6ae9a1d614,SO-2010,HP-CF226A,sai-ke,4,7742.0,30968.0
70e807ba-0249-d729-1461-48580cc0a354,SO-2010,BRO-TN2421,sai-ke,2,4905.64,9811.28
71666dd7-d1b3-19fe-93bf-3c2cb7b475c0,SO-2010,OFP-A4-80,sai-ke,5,575.93,2879.65
54ff1cf0-893d-3281-e068-88623d7545f6,SO-2011,HP-CF226A,sai-ke,4,7742.0,30968.0
f80de472-cb52-eff9-4789-2c9242cccdc3,SO-2011,BRO-TN2421,sai-ke,2,4905.64,9811.28
d89dba60-3ca9-3389-2687-c45bef15c264,SO-2011,OFP-A4-80,sai-ke,5,575.93,2879.65
8c9cdaf2-f4b3-0c90-0794-da26b795d8b2,SO-2012,HP-CF226A,sai-ke,4,7742.0,30968.0
c72baeeb-6fa7-15fc-f829-c0437450d050,SO-2012,BRO-TN2421,sai-ke,2,4905.64,9811.28
fb0feda9-4a7d-5b65-7fa6-8649cd4292b7,SO-2012,OFP-A4-80,sai-ke,5,575.93,2879.65
3677f2ef-a03a-59fe-4534-67e85d5bef70,SO-2013,REX-1175,sai-ke,8,8331.65,66653.2
462a45ac-3e1a-f754-0506-42abf5d6302a,SO-2013,DEL-1041,sai-ke,3,8129.13,24387.39
d592d64c-f979-2e02-f0bd-57d8da577ce6,SO-2013,SKO-1116,sai-ke,6,1101.07,6606.42
0b04873a-65dd-6921-b1e4-c64fe8e5e4d6,SO-2013,OFF-1114,sai-ke,4,2323.39,9293.56
c668507b-9936-0157-cb7b-d7a277f4af81,SO-2014,SCH-1317,sai-ke,6,3907.11,23442.66
2df27d63-d09a-f380-ae0e-784bdfb7763e,SO-2014,KAN-1110,sai-ke,7,8205.12,57435.84
12c1ee97-4227-4748-c50e-e564f2c3da00,SO-2014,EPS-1045,sai-ke,3,8217.39,24652.17
4a61bdd9-2b82-7147-8564-bf9b78a2ef68,SO-2014,D-L-1039,sai-ke,5,9255.42,46277.1
aeda457a-64b2-6563-0d24-6501670d387a,SO-2014,BRO-1095,sai-ke,1,8430.21,8430.21
1052a651-6093-9fda-89ea-fed11ae318ea,SO-2015,ORT-1210,sai-ke,4,1426.31,5705.24
ee9f35f1-5dc0-c8ce-994f-963dcf2e4b42,SO-2015,DEL-1077,sai-ke,8,3748.39,29987.12
e82a622b-e271-e12e-0340-03540f649f02,SO-2015,VED-1117,sai-ke,6,3135.38,18812.28
f1117892-1612-6c70-1626-57a572db5bcc,SO-2015,BRO-1033,sai-ke,7,1947.3,13631.1
2222d8ef-a92d-684f-5edd-7ad2b84fd57e,SO-2016,BRO-1033,sai-ke,8,1947.3,15578.4
0da429e6-66a6-bb87-507b-e94ceec1b97f,SO-2016,LEN-1005,sai-ke,1,5347.24,5347.24
f89380b6-0046-3f28-1781-0d7c3814d25e,SO-2016,CAN-1048,sai-ke,2,8078.14,16156.28
b12bda92-9dbf-69fb-417e-4e19b8c8af9e,SO-2016,DEL-1021,sai-ke,4,3599.58,14398.32
fa049a53-3842-87ad-80b8-0a64211310a9,SO-2016,EPS-1045,sai-ke,4,8217.39,32869.56
bef2e01d-58c3-3646-c41e-dd2fbfe4c545,SO-2017,BLU-1304,sai-ke,6,1234.78,7408.68
79409d2f-2162-ddf9-852f-7fcfab1be39e,SO-2017,DEL-1077,sai-ke,8,3748.39,29987.12
0c520be4-281d-fc72-6f71-5b095bb12e63,SO-2017,SCH-1317,sai-ke,7,3907.11,27349.77
37b77da3-6d18-9ff9-a486-5a07e4880ff4,SO-2017,FEL-1225,sai-ke,4,8672.33,34689.32
a83ffe40-e681-4369-aafd-c58e58206011,SO-2017,VED-1117,sai-ke,3,3135.38,9406.14
a20a3ac0-a26c-baf0-9e25-959c6be78174,SO-2018,HP-1031,sai-ke,5,175.28,876.4
1e4d90fa-7c6a-0df3-912b-fefa28ea82e6,SO-2018,BLU-1293,sai-ke,1,6620.85,6620.85
ee84284b-b89b-d236-2375-d449199a203e,SO-2018,BRO-1095,sai-ke,8,8430.21,67441.68
a1fb7bca-62a2-31a5-e169-68c67b37c31a,SO-2018,FEL-1144,sai-ke,4,4918.07,19672.28
fb928148-8452-e9e8-64fe-e1aa54d71f4f,SO-2018,OFF-1114,sai-ke,1,2323.39,2323.39
f7514aa0-bfc0-e4a8-4b1a-142248ca62f1,SO-2019,ORT-1210,sai-ke,8,1426.31,11410.48
f7ccd5ad-e1e8-273a-dde9-ae69e64ddda6,SO-2019,MAP-1149,sai-ke,8,2461.49,19691.92
1fd9d505-65e4-56f4-66f3-60ab1c931ac1,SO-2019,BRO-1033,sai-ke,3,1947.3,5841.9
f2a24138-32ea-4c07-3468-c10e70232260,SO-2019,BLU-1304,sai-ke,7,1234.78,8643.46
c82c1cc9-a252-4f0e-746c-ce5d8553d864,SO-2019,CAN-1048,sai-ke,1,8078.14,8078.14
3633c502-f91b-ac16-c7fe-7423831d4d55,SO-2020,VED-1117,sai-ke,8,3135.38,25083.04
ed4cdfb3-1b37-5817-922c-6ab4ee88bc7d,SO-2020,BLU-1304,sai-ke,6,1234.78,7408.68
35f543da-1911-1798-09c4-ab42a987578f,SO-2020,FEL-1144,sai-ke,8,4918.07,39344.56
a855f186-f00d-0890-6613-7f8caf266f48,SO-2021,MAP-1149,sai-ke,8,2461.49,19691.92
5d362c56-5308-c6ee-5c4d-5d4127b978ca,SO-2021,BRO-1095,sai-ke,7,8430.21,59011.47
f188a60b-7a99-ca27-81e7-99fbdafcbc97,SO-2021,FEL-1144,sai-ke,7,4918.07,34426.49
6961ecef-ace2-e7fa-5089-58d51f2b1119,SO-2021,FEL-1225,sai-ke,8,8672.33,69378.64
9fb9fe07-be47-0858-dc12-bdd895bc29ec,SO-2021,SCH-1312,sai-ke,4,8648.01,34592.04
b1b773e0-b3a3-2213-3107-808ea59ef0d1,SO-2022,BRO-1095,sai-ke,6,8430.21,50581.26
28bbd6e4-8cdf-1cd3-167e-f1449a76c721,SO-2022,D-L-1039,sai-ke,6,9255.42,55532.52
82182d2f-967c-e7ae-f078-d8af37d1cda2,SO-2022,BLU-1304,sai-ke,8,1234.78,9878.24
8b729c7f-10f0-a723-9af2-89318c529e10,SO-2022,HEL-1222,sai-ke,5,7997.46,39987.3
aecc09d8-bcaa-4f69-c962-b48adeb07864,SO-2023,DEL-1041,sai-ke,3,8129.13,24387.39
5907463c-fa75-8fb6-503d-974ff5198bd8,SO-2023,SCH-1312,sai-ke,2,8648.01,17296.02
dab44454-972e-6713-ed31-ea7118561697,SO-2023,BLU-1304,sai-ke,2,1234.78,2469.56
5b84426b-9ace-2972-d695-44a5629f1ded,SO-2023,KAN-1110,sai-ke,8,8205.12,65640.96
01ad24ec-e9e8-ded6-ec64-1c2b903c56be,SO-2023,DEL-1077,sai-ke,4,3748.39,14993.56
db202d65-aa4e-4172-51dc-774854641849,SO-2024,DEL-1041,sai-ke,5,8129.13,40645.65
318a1099-cb89-b55d-1bbd-f11d00b283e4,SO-2024,FEL-1144,sai-ke,6,4918.07,29508.42
020d091f-31ed-f131-8951-9b74c9a1b8b4,SO-2024,CAN-1048,sai-ke,8,8078.14,64625.12
c53dcb93-bbb4-987c-b8e1-71205455f408,SO-2024,BRO-1033,sai-ke,2,1947.3,3894.6
adbcfbe8-62e9-1ab2-3f3c-6fabbb68cf26,SO-2024,BLU-1293,sai-ke,1,6620.85,6620.85
1335be2d-f751-70cd-41c3-abb625a92aa4,SO-2025,ORT-1210,sai-ke,3,1420.11,4260.33
853049f3-4c47-5b7a-ef3b-ce7ecd273af5,SO-2025,PRI-1112,sai-ke,8,5104.59,40836.72
76af712d-6705-38dd-7b59-5bdf101bbfce,SO-2025,LEN-1071,sai-ke,2,3893.8,7787.6
c1bf7465-d179-fff0-e9e9-92588991f78c,SO-2025,BLU-1289,sai-ke,2,5201.31,10402.62
9ab42dae-afe6-f309-90dc-fc9df485189f,SO-2026,CAN-1001,sai-ke,6,4271.7,25630.2
68be89a0-86d0-2407-7e81-ffe043f193a5,SO-2026,HEL-1222,sai-ke,2,8472.97,16945.94
edce7187-527c-6040-967f-d4e30dcbe1a8,SO-2026,PRI-1157,sai-ke,8,4897.75,39182.0
f3d94828-e810-c58c-98b5-a1ee895639ea,SO-2026,REX-1178,sai-ke,8,6969.85,55758.8
ff41dada-7a05-2648-d36e-b2add4a1ce3d,SO-2027,PRI-1112,sai-ke,6,5104.59,30627.54
c6090134-acb6-d82b-2f31-1608a72199e6,SO-2027,HEL-1126,sai-ke,7,9039.05,63273.35
15abdb96-5082-5c4e-f042-21e06e44b938,SO-2027,VED-1193,sai-ke,3,746.29,2238.87
70b68561-f86d-bfaa-d630-f6fc5db232bc,SO-2027,PRI-1157,sai-ke,5,4897.75,24488.75
0f3cbe32-aca4-952e-39fb-0c4890fbbc79,SO-2028,KAN-1189,sai-ke,8,5528.32,44226.56
b0a8f7b6-b407-ea0f-d06d-ff529578f97a,SO-2028,OFF-1208,sai-ke,6,4032.99,24197.94
d7a35dab-c5b1-113b-1026-e28bd8569f4e,SO-2028,PRI-1112,sai-ke,5,5104.59,25522.95
be2146fa-b594-2b99-ed9c-74422ebe0bb4,SO-2029,CRA-1216,sai-ke,6,1019.44,6116.64
695e0b77-5ec8-522d-38ea-da0946fb408c,SO-2029,OFF-1208,sai-ke,2,4032.99,8065.98
d84eed9d-34b0-c273-75ca-019a4fcdb4aa,SO-2029,CAN-1001,sai-ke,2,4271.7,8543.4
dce41b43-1672-c676-8e35-973c939fe406,SO-2029,EAT-1274,sai-ke,4,7515.89,30063.56
19852a1a-f186-7b40-75ce-207cb8395719,SO-2030,KAN-1110,sai-ke,1,7886.21,7886.21
91e8e06c-931f-0aab-1451-91ce1617ece1,SO-2030,MAP-1147,sai-ke,4,1836.25,7345.0
1a67623c-4571-ae9e-ab55-ee5c2cd80006,SO-2030,LEN-1015,sai-ke,2,7135.76,14271.52
52715b4e-2c93-3e20-c351-233feb58c3cb,SO-2031,ORT-1313,sai-ke,8,6058.0,48464.0
9dddfb6d-7efb-136d-63a7-d37de1d9d5bb,SO-2031,KAN-1189,sai-ke,5,5528.32,27641.6
ce91142d-3a96-f8b1-281a-77045f486260,SO-2031,BLU-1289,sai-ke,7,5201.31,36409.17
0427c1f7-7e1c-197d-8236-343ef6290051,SO-2031,CAN-1100,sai-ke,8,4041.27,32330.16
1a6eea6a-68f1-298a-4500-a80f549686dd,SO-2031,D-L-1059,sai-ke,1,3179.91,3179.91
6fe09350-aea2-7fe8-ea5d-3673ceed1ff1,SO-2032,DEL-1006,sai-ke,6,1086.44,6518.64
bd9dea17-62c3-cf92-0ed9-d022a45b7565,SO-2032,OFF-1220,sai-ke,7,6747.66,47233.62
e321c931-d972-8d5e-c3e2-40959c04f877,SO-2032,CAN-1100,sai-ke,1,4041.27,4041.27
b9a8e623-f5f4-d13e-77b4-0c83eb4031be,SO-2032,HEL-1222,sai-ke,5,8472.97,42364.85
7e61a408-ecd5-7cb9-79b1-c8f8008dd503,SO-2032,VED-1193,sai-ke,4,746.29,2985.16
08309bab-4ab2-e736-dd65-ff37f30d3c27,SO-2033,LEN-1067,sai-ke,3,9373.59,28120.77
efbc1187-0b95-06f4-d16a-337b0f73de41,SO-2033,FEL-1198,sai-ke,2,4399.68,8799.36
e112ba19-51c3-8b38-52b5-e6059d3dad09,SO-2033,HEL-1126,sai-ke,3,9039.05,27117.15
aaf6057a-dd16-d355-3f10-d98dfb255508,SO-2033,PRI-1157,sai-ke,8,4897.75,39182.0
44716265-1a05-b55f-e765-92f9b73c9e56,SO-2033,BRO-1002,sai-ke,5,5091.96,25459.8
61cb29d4-1ecd-ae21-bc65-ff5664042730,SO-2034,LEN-1071,sai-ke,7,3893.8,27256.6
78456669-1a80-31b3-0f97-d1109f3bf8da,SO-2034,OFF-1208,sai-ke,7,4032.99,28230.93
bb614cfc-f240-7b28-6d13-b8c60acfa565,SO-2034,FEL-1198,sai-ke,7,4399.68,30797.76
15c3dfa0-4aa6-f4a4-2203-1e3ba2be6ceb,SO-2034,MAP-1147,sai-ke,6,1836.25,11017.5
0e0c47d6-0660-01bb-fd20-b3a1a4ff6d50,SO-2035,BLU-1301,sai-ke,6,1928.01,11568.06
ce1e2527-50ce-2723-9665-97d2f4fbdbe9,SO-2035,HEL-1126,sai-ke,6,9039.05,54234.3
729c4979-63a3-ba03-3886-eaf8174b8104,SO-2035,LEN-1071,sai-ke,3,3893.8,11681.4
04b9090e-0c95-6bbc-95fb-ff8302e05e3a,SO-2035,PRI-1202,sai-ke,6,6046.56,36279.36
5c4d2f24-52c5-9c9f-d0e3-af57297af0de,SO-2036,D-L-1059,sai-ke,5,3179.91,15899.55
16e93b54-0e65-2c85-53a2-4967eac2d059,SO-2036,EPS-1003,sai-ke,8,4599.29,36794.32
9c9f0442-4ea1-2033-fe6e-36584e7b91ba,SO-2036,PRI-1157,sai-ke,4,4897.75,19591.0
a2307359-751a-e32a-3ad8-cfbe93972556,SO-2036,OFF-1220,sai-ke,2,6747.66,13495.32
4b9cf24d-784c-4a3a-5fdc-5af0d92e6d98,SO-2036,SCH-1292,sai-ke,4,3035.48,12141.92
9a8ef037-9fc1-b77d-b039-e48843dbd35c,SO-2037,TZ-2000,sai-tz,5,1250.45,6252.25
c95bdc55-56b0-b419-9419-2c61d00e3bfe,SO-2037,TZ-2001,sai-tz,6,5595.33,33571.98
dfac2325-82fb-fe80-e3af-4695af30f1f3,SO-2037,TZ-2004,sai-tz,2,360.62,721.24
656766a0-25d1-1d69-542b-96b09dee56a8,SO-2037,TZ-2009,sai-tz,6,295.67,1774.02
1d47553f-5f6f-f406-57c9-e263c0d0c3d5,SO-2038,TZ-2003,sai-tz,4,10863.84,43455.36
c19429de-6420-2c70-a2ac-9d517f8b445a,SO-2038,TZ-2007,sai-tz,1,8446.8,8446.8
622533ad-5ddc-7cac-cf49-8141a6615e45,SO-2038,TZ-2009,sai-tz,5,295.67,1478.35
30b2d36a-c34a-b6db-570a-d74efb1e7194,SO-2038,TZ-2008,sai-tz,6,677.64,4065.84
e2ea76b3-4803-6dda-9a43-a2ddcc5dfa81,SO-2039,TZ-2007,sai-tz,7,8446.8,59127.6
4c4687f1-a5cc-cb92-5703-1da80d052456,SO-2039,TZ-2000,sai-tz,3,1250.45,3751.35
0b6dcd65-9a24-d275-7fc1-3605bb02ac67,SO-2039,TZ-2006,sai-tz,7,1014.38,7100.66
8889dfad-7e2f-3362-5fc3-4d961748d21e,SO-2039,TZ-2010,sai-tz,8,698.3,5586.4
ce34666c-6281-1d93-706b-01ee2735e3f1,SO-2040,TZ-2002,sai-tz,3,6625.42,19876.26
e6798453-83a2-e31f-ccdd-cf38496cd599,SO-2040,TZ-2000,sai-tz,3,1250.45,3751.35
c9fba3fe-cf98-23a2-29e7-37870154d276,SO-2040,TZ-2007,sai-tz,3,8446.8,25340.4
849e9814-a077-59f5-f1fb-8b93dfd41351,SO-2040,TZ-2001,sai-tz,2,5595.33,11190.66
8e691cd0-a8d6-700e-e73b-647c88ea9812,SO-2040,TZ-2004,sai-tz,3,360.62,1081.86
b9cabdeb-19bf-6891-e702-1151c0267921,SO-2041,TZ-2007,sai-tz,8,8446.8,67574.4
5ee964ce-1ab5-212e-38b6-ee58e560cd4b,SO-2041,TZ-2002,sai-tz,4,6625.42,26501.68
60a21bca-ca93-6057-1a83-4e6b813d125e,SO-2041,TZ-2008,sai-tz,8,677.64,5421.12
8e39306a-10b7-08f8-2d0e-deb8ac371413,SO-2041,TZ-2000,sai-tz,6,1250.45,7502.7
fbc4fef7-8602-fdfe-2f2c-6765d618e7ea,SO-2042,TZ-2002,sai-tz,3,6625.42,19876.26
f3035870-4637-5b46-2f74-3f2fa56a4833,SO-2042,TZ-2007,sai-tz,2,8446.8,16893.6
4e56ea28-4d6f-7dd2-5661-a4565f2bdee6,SO-2042,TZ-2001,sai-tz,3,5595.33,16785.99
1db1dd8b-e6d1-2555-b0ee-56aee705b5cc,SO-2043,TZ-2000,sai-tz,2,1250.45,2500.9
3186ea59-1965-a77e-a2ad-e4be4969eab5,SO-2043,TZ-2005,sai-tz,3,3251.18,9753.54
57569cff-7857-32fd-dec9-3e6725057080,SO-2043,TZ-2008,sai-tz,2,677.64,1355.28
e96135a7-d3b5-3e03-83f4-6ce88de5fcc6,SO-2043,TZ-2007,sai-tz,7,8446.8,59127.6
58c0c854-1294-9c62-89b3-72e6a31df245,SO-2044,TZ-2008,sai-tz,3,677.64,2032.92
8e3ddcec-7ba5-f91e-2854-69be16964c2d,SO-2044,TZ-2000,sai-tz,6,1250.45,7502.7
33adaf04-5f8f-4de3-e412-1cfac54985b1,SO-2044,TZ-2009,sai-tz,1,295.67,295.67
81ccb4d4-da88-d73a-83da-74404a6a8601,SO-2045,TZ-2008,sai-tz,6,677.64,4065.84
c1449c24-d033-7f0c-08bd-963b3c9e4815,SO-2045,TZ-2001,sai-tz,3,5595.33,16785.99
52f6f4b1-25c5-912f-f99f-2a34caeb7b0d,SO-2045,TZ-2009,sai-tz,1,295.67,295.67
f6725b91-7c70-c6eb-17d5-e570328e5e82,SO-2045,TZ-2007,sai-tz,7,8446.8,59127.6
0dd456af-a14f-c607-f447-0a3ee88d5ccf,SO-2045,TZ-2005,sai-tz,5,3251.18,16255.9
44c036c7-f9e2-f802-ae37-9bd6db6aaa65,SO-2046,TZ-2005,sai-tz,8,3251.18,26009.44
0f7c00d4-db85-6adf-d812-61707b52645e,SO-2046,TZ-2010,sai-tz,2,698.3,1396.6
3ad5fa95-6366-9bfb-9278-088696606e3d,SO-2046,TZ-2007,sai-tz,6,8446.8,50680.8
0b436b69-3024-0075-c1d4-a5cb20329953,SO-2046,TZ-2000,sai-tz,7,1250.45,8753.15
8f63269a-ed2b-5015-ff66-3f985657d60a,SO-2046,TZ-2003,sai-tz,3,10863.84,32591.52
579ac955-c271-980a-72b9-ae482e6c10af,SO-2047,TZ-2008,sai-tz,2,677.64,1355.28
9ea01f41-cbe9-95e7-0d89-1161907b6bf6,SO-2047,TZ-2009,sai-tz,8,295.67,2365.36
854dd0c4-47af-0204-4071-02c648705760,SO-2047,TZ-2006,sai-tz,8,1014.38,8115.04
a84e22a0-a19a-f393-1fcc-ef877f900c17,SO-2047,TZ-2003,sai-tz,6,10863.84,65183.04
3410c3ff-2577-a839-806f-19924483098c,SO-2048,TZ-2006,sai-tz,1,1014.38,1014.38
9a8e5223-3c08-5272-c9f0-a591abd82915,SO-2048,TZ-2011,sai-tz,6,683.49,4100.94
89d21e16-742a-77cb-b4b3-9dc1c63c89f5,SO-2048,TZ-2004,sai-tz,4,360.62,1442.48
98c1ed57-189f-1f6a-974c-ad14e01a8dc1,SO-2048,TZ-2009,sai-tz,7,295.67,2069.69
dc5700d4-f42c-2140-8fab-c3dc9aa88cc1,SO-2048,TZ-2005,sai-tz,2,3251.18,6502.36
fbfa54b8-caed-6896-a426-924e582f6abe,SO-2049,ORT-1205,sai-ke,2,2064.61,4129.22
61f31fb7-a2c6-65c1-4aad-e5d56b3d3c57,SO-2049,SCH-1278,sai-ke,3,3572.95,10718.85
5600208b-c1a9-bfd9-8bb2-1160c0a9ea7b,SO-2049,OFF-1248,sai-ke,8,5076.3,40610.4
314cde03-699a-38fe-fdf5-d52673b5584e,SO-2049,D-L-1072,sai-ke,2,1170.4,2340.8
2e8eb46d-0d18-32ed-de83-7d23f7d58e34,SO-2049,DEL-1041,sai-ke,2,8760.0,17520.0
bef3320c-af6f-b738-0c80-8de38dbfb637,SO-2050,D-L-1072,sai-ke,5,1170.4,5852.0
ae144e61-8974-0d7e-fd96-aa9206c42e94,SO-2050,REX-1219,sai-ke,2,2053.62,4107.24
e3d443fb-93e8-d4fb-48e3-e929a1ddd821,SO-2050,ORT-1205,sai-ke,1,2064.61,2064.61
6e291d08-a2d6-4a91-3734-c035efe46ade,SO-2051,HP-1090,sai-ke,2,4509.23,9018.46
c527a8a4-b74e-4aa2-31f2-bacb929ddc88,SO-2051,OFF-1232,sai-ke,8,4589.98,36719.84
7ac594ed-eabf-a9a2-39e0-fdf6cab98d73,SO-2051,SKO-1167,sai-ke,8,1791.74,14333.92
292ecd80-a431-d0a5-23bd-d5056dbffa00,SO-2051,KAN-1150,sai-ke,8,7847.48,62779.84
8c23cb03-3ceb-2ce8-5b70-76a59370231a,SO-2051,LEN-1034,sai-ke,2,5350.87,10701.74
15766e34-a12c-d8f2-60af-04d685db37f0,SO-2052,D-L-1099,sai-ke,7,7448.16,52137.12
2f8fedbd-c42f-e814-5dcc-316d0f5ec1f6,SO-2052,UHU-1119,sai-ke,5,1696.34,8481.7
6dcbfb69-ded3-40cc-d0d8-e2ab39a358c6,SO-2052,OFF-1239,sai-ke,5,1848.41,9242.05
d67259b3-3877-e92a-3230-de23d9db23a8,SO-2053,SCH-1292,sai-ke,6,3320.86,19925.16
c9a92045-62b4-0f55-e95f-c62a5bb7035a,SO-2053,LEN-1034,sai-ke,2,5350.87,10701.74
40a92bc9-8519-8c58-ef3e-6fb878c26ba2,SO-2053,D-L-1099,sai-ke,6,7448.16,44688.96
c22f359d-d0bd-5f16-41bd-5fa28b569de5,SO-2053,REX-1219,sai-ke,4,2053.62,8214.48
181ee8f8-7611-d316-cfcb-adf66aebc0f4,SO-2053,KAN-1195,sai-ke,2,3105.67,6211.34
55ddbf80-c7b7-9017-d432-3e4c6fff100f,SO-2054,DEL-1041,sai-ke,4,8760.0,35040.0
d9490964-aaba-1f79-6b8a-d8752cc4eb41,SO-2054,D-L-1072,sai-ke,7,1170.4,8192.8
875f8a03-4720-877b-d468-1e6c0577d97f,SO-2054,CAN-1098,sai-ke,4,3217.36,12869.44
f1369eaf-3f59-b49c-83a9-bb7cbe89a60e,SO-2054,OFF-1250,sai-ke,8,7090.75,56726.0
be0d7841-7d13-cce4-56ef-c7613c52e413,SO-2054,OFF-1248,sai-ke,7,5076.3,35534.1
11130ca1-34f6-261d-289f-661aee36854c,SO-2055,CAN-1100,sai-ke,2,4612.52,9225.04
9960076f-effc-1d9a-3bd4-313ef63ceffd,SO-2055,HP-1027,sai-ke,4,2314.48,9257.92
c56e38c3-e230-5757-e962-13f16ab5b338,SO-2055,SCH-1278,sai-ke,3,3572.95,10718.85
b8f76cfe-21ab-58dd-9db4-09d7d4c27d2d,SO-2056,D-L-1099,sai-ke,7,7448.16,52137.12
ca48d34c-9713-26db-7bdb-16c8f9e11882,SO-2056,MAP-1172,sai-ke,7,3892.59,27248.13
6ec0727b-af1f-4681-c469-7a2d1f70ec76,SO-2056,HP-1027,sai-ke,7,2314.48,16201.36
ec65b352-2236-03e8-7179-fc16c1ab13ee,SO-2057,OFF-1232,sai-ke,8,4589.98,36719.84
67ba9cf8-0b9b-1f8c-829c-533a77200bdb,SO-2057,ORT-1205,sai-ke,2,2064.61,4129.22
77dc1161-1b0f-d0f1-3a84-5de6743e0118,SO-2057,OFF-1248,sai-ke,2,5076.3,10152.6
b93cffc1-a545-fcaf-36d3-404c41001444,SO-2057,LEN-1067,sai-ke,1,9583.22,9583.22
5c8f566b-2eb3-3a07-ecc8-c39161c635a4,SO-2057,OFF-1239,sai-ke,2,1848.41,3696.82
e443e454-3fef-19b8-10a7-66de185efc84,SO-2058,OFF-1239,sai-ke,2,1848.41,3696.82
6f623d07-a3e9-fd6b-c2d8-d4e3e7455019,SO-2058,BRO-1107,sai-ke,2,866.96,1733.92
3820030c-7c44-a0ec-335f-3e37fe787677,SO-2058,KAN-1150,sai-ke,3,7847.48,23542.44
6d585222-d278-89cf-20e0-83e952087937,SO-2059,CAN-1100,sai-ke,4,4612.52,18450.08
4fbe598b-3890-439c-5b2f-730ae580fae4,SO-2059,LEN-1067,sai-ke,8,9583.22,76665.76
1a6936ff-32ad-8339-f32f-856981e9b233,SO-2059,UHU-1119,sai-ke,1,1696.34,1696.34
996f4bed-5a26-28aa-2dd8-3dcfb13ad56d,SO-2059,LEN-1034,sai-ke,6,5350.87,32105.22
89c5d51a-742b-2bf5-ab6f-96da1fcc4a5c,SO-2060,BRO-1107,sai-ke,4,866.96,3467.84
39782949-3b50-0467-fb89-eb0eca7513e6,SO-2060,TRI-1290,sai-ke,4,4388.88,17555.52
12fbf955-5400-bc1e-042e-ad5c7f33f5bf,SO-2060,ORT-1162,sai-ke,1,1962.72,1962.72
ff3b0a4a-155b-8ccc-8196-7668bda8f649,SO-2061,OFF-1267,sai-ke,3,9309.17,27927.51
376d7883-e7ae-45d3-0808-0e891cc60982,SO-2061,UHU-1119,sai-ke,7,1875.04,13125.28
9bcdf235-d3c1-85e0-0f84-8899bf593fed,SO-2061,HP-1108,sai-ke,8,8816.37,70530.96
e13f32db-3efa-1c1e-b1ed-08d307e58a68,SO-2061,CAN-1060,sai-ke,8,3690.03,29520.24
16ef3374-7022-5b00-67a1-058165707c43,SO-2061,HP-1093,sai-ke,4,1209.92,4839.68
d5edbb2c-87a7-ce23-b992-9046e3f30f7d,SO-2062,SKO-1179,sai-ke,3,6252.62,18757.86
6b3d3d3a-dead-9b1c-08a6-3ca9b4fd6aea,SO-2062,EAT-1286,sai-ke,5,4095.56,20477.8
5136d7b9-24b8-6b5b-9d17-12d486c9b37f,SO-2062,BRO-1038,sai-ke,4,6310.28,25241.12
5464218b-5eec-2a12-e038-0efad9a74969,SO-2063,PRI-1160,sai-ke,8,9685.41,77483.28
593be278-210f-86ce-533d-66a6a80378b3,SO-2063,TRI-1282,sai-ke,4,4039.34,16157.36
7a727a01-4a80-f1b3-d819-1656619f68a0,SO-2063,REX-1137,sai-ke,1,1867.44,1867.44
b36b7279-e1d5-f98a-0941-67df2a3d593f,SO-2064,UHU-1119,sai-ke,1,1875.04,1875.04
be7e5887-b1df-1f62-35de-8bc9be467b84,SO-2064,DEL-1077,sai-ke,1,4149.88,4149.88
cd6a7988-d8ea-0436-0679-4f319c81dac2,SO-2064,D-L-1013,sai-ke,4,10626.66,42506.64
261be367-ee43-5fca-3735-475d4352d4bf,SO-2065,DEL-1077,sai-ke,1,4149.88,4149.88
12dab762-14ac-9089-9065-6dfecb0bcbdf,SO-2065,BRO-1052,sai-ke,8,8749.48,69995.84
e063e023-c072-3b77-6717-a6819a91bf5e,SO-2065,PRI-1111,sai-ke,6,4324.62,25947.72
fcb278fa-92bb-1ffd-1816-c7f6770abbc0,SO-2066,LEN-1005,sai-ke,7,6375.19,44626.33
c54f02cf-978c-222b-ae62-d130564fa0c6,SO-2066,OFF-1251,sai-ke,1,5644.89,5644.89
141a5044-cbc0-cd07-4fb2-4471332f6b96,SO-2066,SKO-1127,sai-ke,1,3448.34,3448.34
637babdf-eb8e-ddce-63cc-a2cccf8e90a1,SO-2066,SKO-1159,sai-ke,4,5208.54,20834.16
a135bb0c-ceda-844f-da54-ce65448fa181,SO-2066,SKO-1179,sai-ke,7,6252.62,43768.34
0b216f72-b6bf-c29e-d1c9-b3cc69477700,SO-2067,UHU-1119,sai-ke,7,1875.04,13125.28
3c86f84a-4f57-71a9-0050-1262ef2b06ce,SO-2067,FEL-1197,sai-ke,5,3034.83,15174.15
dc54f01f-3c1d-0868-36f1-4ab8d163df99,SO-2067,DEL-1077,sai-ke,8,4149.88,33199.04
f28a0242-97a8-720e-8e15-f6b4a80d4770,SO-2068,PRI-1202,sai-ke,2,6954.07,13908.14
accbe3aa-8ef4-d47e-3d74-9d55c866a3f7,SO-2068,OFF-1253,sai-ke,3,5105.63,15316.89
ab8e9a71-8f99-3d36-e70a-41a88044a927,SO-2068,OFF-1267,sai-ke,5,9309.17,46545.85
e2ac27fe-6164-6314-0c0e-dd3ab711f677,SO-2068,BRO-1086,sai-ke,6,3914.12,23484.72
be9f8e5d-9753-7633-f7f3-f14405e0402d,SO-2068,SKO-1127,sai-ke,7,3448.34,24138.38
d1b8b3ad-c61f-96bd-a566-c7c718fa5983,SO-2069,OFF-1253,sai-ke,6,5105.63,30633.78
c89aaac1-dea3-5739-bc99-6d585210e202,SO-2069,PRI-1202,sai-ke,7,6954.07,48678.49
8c6408f3-3dde-6df2-ffea-e7c372146c25,SO-2069,PRI-1111,sai-ke,8,4324.62,34596.96
f69a7f29-c223-3b71-d46b-fa59ad7084a4,SO-2069,CAN-1060,sai-ke,3,3690.03,11070.09
da77334c-5932-0891-7b9a-f29f4fb58032,SO-2070,D-L-1039,sai-ke,2,10878.93,21757.86
cdc695dd-168a-b278-f8d8-06d8bb2d6101,SO-2070,HP-1104,sai-ke,2,4375.88,8751.76
5bbf0c9f-93ac-8c44-16fe-5b100ede526b,SO-2070,OFF-1253,sai-ke,2,5105.63,10211.26
58577750-bef9-a0c0-b4d3-f1b3d692737a,SO-2071,OFF-1264,sai-ke,8,9849.13,78793.04
96e1bcea-8957-35cc-0b7a-e142f2408dd2,SO-2071,BRO-1049,sai-ke,3,6043.23,18129.69
abeb7da5-814e-cd3b-471e-5b25759dc5eb,SO-2071,OFF-1251,sai-ke,2,5644.89,11289.78
e9718440-5519-ee92-7b77-062ecebe9c93,SO-2072,OFF-1253,sai-ke,1,5105.63,5105.63
6271b8b2-8ba9-aa1f-30be-2bd8d5f9b89f,SO-2072,EAT-1286,sai-ke,3,4095.56,12286.68
fcf3b658-42d9-2b47-71d3-4abbc5ef5770,SO-2072,OFF-1247,sai-ke,8,4286.61,34292.88
e5ea6376-1e8c-bd6d-4ca3-010165eefab6,SO-2072,PRI-1202,sai-ke,6,6954.07,41724.42
4554dfb3-4017-0f2e-261f-f623b65efda4,SO-2072,BRO-1038,sai-ke,1,6310.28,6310.28
6737e644-d66b-e210-0647-5fcd8f6d515f,SO-2073,TRI-1299,sai-ke,3,5611.16,16833.48
8f43c806-7c4e-c469-4893-414ccbbf1804,SO-2073,OFF-1168,sai-ke,3,9732.9,29198.7
6048ddab-364b-2de2-f7f6-b29c133ec9b5,SO-2073,KAN-1187,sai-ke,7,9875.94,69131.58
0a7e985b-eac0-d89a-a3ac-4e5aba415ac8,SO-2073,OFF-1235,sai-ke,3,6089.52,18268.56
3de19751-8c11-7159-118a-ee0c1216bc02,SO-2074,HP-1031,sai-ke,7,188.33,1318.31
e99008f4-0d59-95a9-a038-de6e210d8c1a,SO-2074,BRO-1012,sai-ke,2,4187.8,8375.6
36c969c5-bdb6-1a64-a8c1-cd210ece2c69,SO-2074,KAN-1110,sai-ke,3,8618.47,25855.41
8780d39f-5db1-f980-3e7c-b6eb1d91cfe4,SO-2075,SKO-1228,sai-ke,2,905.9,1811.8
983fe0ca-d65e-2e00-31ea-3269c996686d,SO-2075,APC-1296,sai-ke,6,10167.4,61004.4
105228ae-dcee-5243-cf21-72e2b8a2e3df,SO-2075,CAN-1101,sai-ke,1,7266.9,7266.9
b351e476-ba30-b7e9-16d9-c47a689cce90,SO-2075,SKO-1192,sai-ke,2,6321.79,12643.58
d5a82320-9122-e32a-039d-832224366fec,SO-2076,CAN-1101,sai-ke,3,7266.9,21800.7
c8299955-9685-d983-cfca-b7fc0d2ec1e5,SO-2076,UHU-1128,sai-ke,5,4189.48,20947.4
c4bea396-440e-3c1e-a31a-036e96259266,SO-2076,SKO-1228,sai-ke,8,905.9,7247.2
52193958-b1c7-13b4-0391-b23a0f449d7a,SO-2076,EPS-1094,sai-ke,2,6485.16,12970.32
23456bf2-79a3-6963-5178-ee70098b8811,SO-2076,APC-1296,sai-ke,1,10167.4,10167.4
1611b34f-055d-d071-2673-53f9dcdb8b66,SO-2077,UHU-1128,sai-ke,6,4189.48,25136.88
2da9d83d-2eb6-a345-c4cd-6487ef281cc8,SO-2077,SCH-1306,sai-ke,4,9363.59,37454.36
ab690f06-fe90-116e-bca3-556b5eacc805,SO-2077,CAN-1024,sai-ke,8,7108.01,56864.08
a079c0a8-ed2b-5bfd-3cf6-cf4b3faf8960,SO-2077,FEL-1186,sai-ke,3,912.75,2738.25
2c79b7a9-8652-8358-3bce-273385a36049,SO-2077,KAN-1207,sai-ke,5,4020.06,20100.3
a45bd07f-5d62-2772-f904-5a7fdc6b4370,SO-2078,FEL-1186,sai-ke,6,912.75,5476.5
f8b2937f-4991-a5bb-93db-bc93aec96382,SO-2078,PRI-1124,sai-ke,5,8079.91,40399.55
87438e82-435b-94bb-ac8f-d95c99e25fb8,SO-2078,TRI-1271,sai-ke,7,4902.54,34317.78
d4a88286-592c-d53d-4904-d67e92a1216c,SO-2078,TRI-1299,sai-ke,5,5611.16,28055.8
06e3cffb-69a5-3c98-f7f4-0164a274705a,SO-2079,APC-1296,sai-ke,1,10167.4,10167.4
aaac62f2-738d-28c1-d882-a693ff797e97,SO-2079,EPS-1058,sai-ke,1,1747.22,1747.22
339ad287-ca5b-7a66-10a0-5b8c4cbd1d59,SO-2079,PRI-1124,sai-ke,7,8079.91,56559.37
5d8ff71f-7196-2f31-41a8-e6baaa6c6a2a,SO-2080,BRO-1012,sai-ke,6,4187.8,25126.8
8a1b983b-bb68-f65a-c2e6-a6c63ff8810d,SO-2080,OFF-1246,sai-ke,7,3201.43,22410.01
e89937b7-f2f6-5491-514f-eb0fbb8283af,SO-2080,BRO-1085,sai-ke,4,7215.45,28861.8
f3cd88bc-be2c-b8a5-cb79-8b6093f754f4,SO-2080,OFF-1164,sai-ke,6,4386.03,26316.18
087fbf3e-723e-0442-5443-ad566ef28d30,SO-2081,VED-1166,sai-ke,8,6549.94,52399.52
4f5443f8-9404-feb6-3460-f6b5f3d3d8dd,SO-2081,DEL-1063,sai-ke,4,6741.15,26964.6
32a85202-7264-b53b-329e-37eb7a4cd7f7,SO-2081,TRI-1271,sai-ke,7,4902.54,34317.78
af1bacd3-eea8-5490-34e1-6537450a7b61,SO-2081,BRO-1012,sai-ke,3,4187.8,12563.4
d6b11d9f-f74c-dce5-e16a-463c4bdc1e69,SO-2082,SKO-1192,sai-ke,4,6321.79,25287.16
6de07b89-7508-b67c-3fb3-f79239685967,SO-2082,OFF-1168,sai-ke,2,9732.9,19465.8
7f573be8-09bb-df7b-6942-d026630c286a,SO-2082,D-L-1016,sai-ke,2,9367.72,18735.44
e20057af-4e67-9e97-245e-1e0c31ecc28e,SO-2083,APC-1296,sai-ke,7,10167.4,71171.8
2e881856-0d1a-2613-c638-03eb047067b8,SO-2083,OFF-1235,sai-ke,2,6089.52,12179.04
fd4ccb9e-6a92-dec7-a8d2-f1c4d5c82c67,SO-2083,BRO-1085,sai-ke,4,7215.45,28861.8
478bc3dd-b828-5b55-f131-0fabf3e6060d,SO-2083,DEL-1021,sai-ke,6,3865.38,23192.28
c8838a85-0266-0c57-e0a5-ac7d488cb063,SO-2083,OFF-1164,sai-ke,8,4386.03,35088.24
ad7f24e3-976e-0a5a-18cb-c264d201e670,SO-2084,SCH-1306,sai-ke,6,9363.59,56181.54
357dcfbb-3848-5d6f-5a81-0512b3e1da32,SO-2084,UHU-1128,sai-ke,4,4189.48,16757.92
c8a63378-89de-65f7-c9bf-25d0349a42b7,SO-2084,DEL-1103,sai-ke,7,1789.56,12526.92
ec368142-1c1f-b9b1-06e9-e390f47419e1,SO-2084,EPS-1094,sai-ke,4,6485.16,25940.64
dad76e35-3ac0-ec92-e3e5-d77d05377144,SO-2085,TRI-1275,sai-ke,3,193.78,581.34
36bcdd51-3f7c-c95a-ce84-3ef3bf49ac00,SO-2085,FEL-1215,sai-ke,6,8120.7,48724.2
b6967100-e525-23aa-1f81-502d84ea009a,SO-2085,EPS-1020,sai-ke,2,7576.25,15152.5
628bff62-47c5-fec5-282a-cb9289b3717d,SO-2085,HP-1084,sai-ke,3,5614.09,16842.27
21d6dfb8-3831-069b-e01d-9e980679eeb6,SO-2085,OFF-1253,sai-ke,6,5243.68,31462.08
b486ae70-67c0-f355-bbdd-0f47417a9f08,SO-2086,OFF-1243,sai-ke,2,10830.0,21660.0
996cc880-ec47-5dee-33b1-629b431de94f,SO-2086,CAN-1087,sai-ke,7,629.15,4404.05
9fd35c63-b04f-b2e6-263c-b6d84a02cd0d,SO-2086,TRI-1275,sai-ke,3,193.78,581.34
47d08776-9b88-25fa-fab1-ad9958fbf8a6,SO-2086,APC-1281,sai-ke,7,8575.36,60027.52
7c045a89-9bab-5508-cec3-5af0aa5148cd,SO-2086,EPS-1045,sai-ke,4,9043.43,36173.72
e74a5ac3-f360-a0e0-20ec-95f6e00a6739,SO-2087,OFF-1253,sai-ke,2,5243.68,10487.36
14b94d6c-63ba-61fc-d4e5-2dad38439854,SO-2087,EAT-1277,sai-ke,2,5774.28,11548.56
1190b365-05b5-6f95-0749-1c1da6de05f1,SO-2087,OFF-1180,sai-ke,5,6008.56,30042.8
ab683cbb-a3d6-28de-5da1-3004bfc119bd,SO-2088,LEN-1032,sai-ke,3,5417.34,16252.02
3c2a70d2-6ba5-b023-c431-ea3d445c18cd,SO-2088,VED-1193,sai-ke,8,905.27,7242.16
e251bce7-bd37-e972-98f0-26af526a193e,SO-2088,UHU-1221,sai-ke,6,9898.61,59391.66
40104f21-1aac-a407-c56d-791dab5cb6fa,SO-2088,EPS-1045,sai-ke,6,9043.43,54260.58
5dbd2093-556e-ec72-51f0-2dbec8dd9443,SO-2089,CAN-1101,sai-ke,2,8013.84,16027.68
60715821-ce2a-17ef-f62d-f49fd40af349,SO-2089,OFF-1234,sai-ke,5,5480.49,27402.45
e138f97e-0826-822d-27aa-9ef55dfe406d,SO-2089,BRO-1056,sai-ke,8,8681.22,69449.76
2dddf225-2e26-8d46-53f8-0d2ffa451436,SO-2090,SCH-1292,sai-ke,8,3752.57,30020.56
7d53607c-0e21-1055-5933-f92c388bd246,SO-2090,EPS-1045,sai-ke,7,9043.43,63304.01
84eda90a-7e9d-3f2b-9cf6-3136189d86bd,SO-2090,ORT-1210,sai-ke,4,1615.52,6462.08
adcda85c-e164-8578-e075-9641ceb488e2,SO-2091,HP-1084,sai-ke,3,5614.09,16842.27
c35570fd-c24c-9e31-8da8-89f2b7fa09b6,SO-2091,CAN-1023,sai-ke,8,10271.62,82172.96
6e7623b9-79ff-b269-bff3-be143bb186bb,SO-2091,BRO-1089,sai-ke,1,652.12,652.12
5e53a91c-670a-c213-0384-f4959be106fe,SO-2091,OFF-1266,sai-ke,7,10420.48,72943.36
8bcc474d-208c-8e7a-a9f0-7cf5d51e5080,SO-2092,SKO-1159,sai-ke,3,5385.26,16155.78
bac0f8c3-3410-e081-c4e8-db317f980b7f,SO-2092,LEN-1032,sai-ke,7,5417.34,37921.38
abbbc96c-2f6e-8d3f-6bb0-49adfdab6b9e,SO-2092,BRO-1056,sai-ke,3,8681.22,26043.66
63ab1466-85dd-2b31-9656-68d1ca604e18,SO-2093,TRI-1297,sai-ke,8,5240.33,41922.64
fc3d27de-153d-2509-77ac-b78ae25aa816,SO-2093,TRI-1275,sai-ke,3,193.78,581.34
fe59936a-1208-a263-a74a-c80fe30e3f0a,SO-2093,DEL-1041,sai-ke,5,9667.58,48337.9
b48fbd61-9bd9-b645-de4d-dcb65f30d095,SO-2094,KAN-1207,sai-ke,3,4259.65,12778.95
e1df0c3b-635c-02cc-095d-fea0ff064bdd,SO-2094,HEL-1191,sai-ke,2,3977.49,7954.98
7f4b7ded-01c7-f6c9-e616-3bb7d80f1898,SO-2094,CAN-1023,sai-ke,2,10271.62,20543.24
fab4d06c-eaf9-23f3-8877-172e907b9cbe,SO-2094,APC-1281,sai-ke,8,8575.36,68602.88
2b230b63-299a-7700-9efb-886225998009,SO-2095,APC-1296,sai-ke,8,9175.45,73403.6
862518e1-e22d-d81c-a6cb-f090b6d941f9,SO-2095,APC-1307,sai-ke,4,4567.5,18270.0
6dd367ef-084e-7db6-f280-0b3a38622056,SO-2095,FEL-1146,sai-ke,3,6479.38,19438.14
51ff3695-1ebd-b63a-14b0-d324d4877da5,SO-2095,CAN-1004,sai-ke,6,1462.83,8776.98
eaa3aa92-9bb6-4290-5dc4-868abefe642c,SO-2095,CAN-1083,sai-ke,7,7181.43,50270.01
23786a63-b0f8-c501-a334-af7d157a0b39,SO-2096,OFF-1135,sai-ke,6,487.21,2923.26
1c57bcb8-6b02-f4db-8fe0-6d8ab8a925a9,SO-2096,MAP-1229,sai-ke,2,1564.29,3128.58
50d47a92-3db3-1378-b892-6ada8e3671e1,SO-2096,BRO-1033,sai-ke,1,1877.28,1877.28
6a0830ae-1e30-ac8f-41d9-b3cf09a79abb,SO-2096,DEL-1006,sai-ke,5,1135.29,5676.45
354d2d19-98e2-b834-ba1d-7d22ea27bf97,SO-2097,SKO-1159,sai-ke,2,4518.19,9036.38
7d98bd70-fc7d-b41b-876b-608922c54429,SO-2097,CAN-1044,sai-ke,6,1957.35,11744.1
175c8782-f1bc-5cec-442b-8e46443e2700,SO-2097,EPS-1011,sai-ke,5,1208.79,6043.95
455e6ec9-f5b2-5ba6-1e1f-0fca688c243a,SO-2098,DEL-1041,sai-ke,1,8221.61,8221.61
23e6bd3c-13f7-4d90-add2-c70c8800368e,SO-2098,APC-1296,sai-ke,2,9175.45,18350.9
f1b0c2bc-6e19-1c1e-607a-98ab74a6b490,SO-2098,BRO-1033,sai-ke,7,1877.28,13140.96
039ab8b6-3d22-ab8d-1429-737dac5a9f7a,SO-2099,APC-1281,sai-ke,6,7034.25,42205.5
35d73851-d039-6f90-5455-c8557d64e9ee,SO-2099,ORT-1315,sai-ke,8,2085.86,16686.88
55980d84-6675-7355-950a-7954a54b2ec5,SO-2099,REX-1170,sai-ke,5,3590.71,17953.55
f71374af-1864-0534-6f9f-1a1e550a3db4,SO-2100,DEL-1041,sai-ke,6,8221.61,49329.66
4f783b61-0b10-c653-4aa1-c44b1d3b2ed1,SO-2100,VED-1203,sai-ke,8,364.44,2915.52
c50af445-507c-18ce-76c7-e6af19b08b39,SO-2100,OFF-1135,sai-ke,5,487.21,2436.05
8c36b7b1-ba4a-028d-0832-85b49dc987d1,SO-2101,SKO-1179,sai-ke,4,5168.86,20675.44
d4df5dad-c6ae-a3a9-e9a3-60ed3c804eb6,SO-2101,CAN-1022,sai-ke,4,3498.66,13994.64
d29f3651-4f62-c383-da3b-77085f25855e,SO-2101,UHU-1190,sai-ke,5,2666.94,13334.7
86ed9e18-bb87-3e19-ecf7-67ba0d7df53c,SO-2102,DEL-1006,sai-ke,1,1135.29,1135.29
192fd61a-a648-f341-e271-b7a8d69f817d,SO-2102,LEN-1042,sai-ke,6,651.78,3910.68
fd9ef602-d110-4139-f2c8-621795b7e204,SO-2102,UHU-1190,sai-ke,2,2666.94,5333.88
c616a334-639c-dfd5-9f68-cc4afc0d235a,SO-2102,OFF-1135,sai-ke,1,487.21,487.21
b491e001-5b3e-53a8-3e8a-0f2e53d9f382,SO-2103,CAN-1083,sai-ke,3,7181.43,21544.29
819d9842-72b2-7c1e-8b69-ff05711f3525,SO-2103,LEN-1062,sai-ke,3,3936.9,11810.7
7d830230-5da4-30a0-343e-2d5dd9648eef,SO-2103,APC-1281,sai-ke,7,7034.25,49239.75
c23886e1-f038-2a7b-4e44-c04247dd6195,SO-2103,PRI-1226,sai-ke,2,3356.0,6712.0
2d1ac9e7-607b-2c02-496e-7564b0f54bad,SO-2103,BRO-1010,sai-ke,4,7489.46,29957.84
939bf246-99d6-c6ee-e09b-674f8f1aed88,SO-2104,LEN-1071,sai-ke,4,4011.43,16045.72
abb82411-7ec2-7119-308a-ce5e3ef514c5,SO-2104,APC-1307,sai-ke,3,4567.5,13702.5
15c88aa7-4aa8-b65e-62a6-1e0ff3d04b09,SO-2104,BRO-1010,sai-ke,5,7489.46,37447.3
265b4f08-6a98-12ef-a73d-92921f1c0362,SO-2105,APC-1296,sai-ke,3,9175.45,27526.35
7a6e6e99-8441-8d96-2579-3c12becd6405,SO-2105,REX-1170,sai-ke,8,3590.71,28725.68
2d377d0b-f03e-c929-7e5a-06ef2300f44d,SO-2105,APC-1281,sai-ke,1,7034.25,7034.25
2b7662b4-4129-3fca-3d21-f2726d520d6e,SO-2105,APC-1307,sai-ke,3,4567.5,13702.5
53e724ce-ed90-ab76-31fe-cddaef994975,SO-2105,PRI-1226,sai-ke,7,3356.0,23492.0
99f30e23-4517-a949-4928-c456ff732cff,SO-2106,UHU-1190,sai-ke,2,2666.94,5333.88
6d91c020-eb75-b5c0-52df-362c2dd71a54,SO-2106,CAN-1004,sai-ke,5,1462.83,7314.15
7239c4cc-c1a1-ec0c-5e5a-28b7a05da3da,SO-2106,CAN-1083,sai-ke,6,7181.43,43088.58
53ebd5fb-16f3-3e8b-2561-0743b7993451,SO-2106,LEN-1042,sai-ke,3,651.78,1955.34
584decb7-35cd-ec23-71dd-8f275f4ec4a1,SO-2107,TZ-2001,sai-tz,4,5148.14,20592.56
16e9dee5-ef88-b253-bc32-a71239028793,SO-2107,TZ-2010,sai-tz,6,661.99,3971.94
f2cbc946-552a-d4c7-ed05-6063b900034a,SO-2107,TZ-2008,sai-tz,8,628.67,5029.36
7147844f-d90a-d5bc-98a4-9c8aed4200b1,SO-2107,TZ-2003,sai-tz,1,10194.46,10194.46
f97918d8-0497-4fd8-971f-e4b3d1d45a76,SO-2107,TZ-2011,sai-tz,4,615.7,2462.8
00190e8e-2267-fb1d-d663-48bf535f8266,SO-2108,TZ-2002,sai-tz,4,6272.78,25091.12
17d69035-8b96-6090-03c3-5d5189c1a53f,SO-2108,TZ-2011,sai-tz,1,615.7,615.7
487fab7d-5c4b-60a9-b387-b88ed8818d36,SO-2108,TZ-2001,sai-tz,5,5148.14,25740.7
9290b006-221c-6d9d-74fc-1807c3346bd9,SO-2108,TZ-2000,sai-tz,8,1149.72,9197.76
ea892a66-b1ee-5ce0-28ba-7c1ae7ae67c6,SO-2109,TZ-2005,sai-tz,3,3005.99,9017.97
0108c153-a2c4-76ed-ff83-be6beed05bca,SO-2109,TZ-2011,sai-tz,1,615.7,615.7
16722678-84a9-7c8b-7feb-5473ff4a4902,SO-2109,TZ-2008,sai-tz,1,628.67,628.67
378c64a3-53db-5746-7629-1fefc387dd0d,SO-2109,TZ-2003,sai-tz,6,10194.46,61166.76
8d5145d1-7281-928a-c357-54d12d8ec29a,SO-2110,TZ-2003,sai-tz,7,10194.46,71361.22
efccbf51-e85c-49a4-8fbd-35668e05eda3,SO-2110,TZ-2000,sai-tz,6,1149.72,6898.32
c8cedf44-8b6a-2993-2336-28249c217a0a,SO-2110,TZ-2009,sai-tz,4,286.93,1147.72
9e7287ff-caa4-3173-3fcb-8d430cb27962,SO-2110,TZ-2001,sai-tz,3,5148.14,15444.42
73211a47-e55b-b1b1-d92f-691e26ea87d3,SO-2111,TZ-2005,sai-tz,3,3005.99,9017.97
797e959a-2125-6d22-b5e8-383a41f6c201,SO-2111,TZ-2007,sai-tz,8,7760.74,62085.92
63477e09-775c-2a3e-edcb-92cddd0c0407,SO-2111,TZ-2000,sai-tz,6,1149.72,6898.32
cb2a4c8b-b379-cab7-1d2a-32a64c7c4675,SO-2112,TZ-2004,sai-tz,8,334.68,2677.44
2eb0c5d6-20ee-fb0a-5ba1-e98722dc4f9d,SO-2112,TZ-2005,sai-tz,7,3005.99,21041.93
19fa617d-86ae-6c46-03d9-b2c46947965f,SO-2112,TZ-2000,sai-tz,2,1149.72,2299.44
1d6af7d2-d099-d151-7c6c-e17f36957591,SO-2112,TZ-2003,sai-tz,5,10194.46,50972.3
db5568b1-4858-a4af-df3e-fa9582974340,SO-2112,TZ-2002,sai-tz,8,6272.78,50182.24
8624507e-5557-6a51-590c-5e843de247fb,SO-2113,TZ-2000,sai-tz,4,1149.72,4598.88
d80e161b-8d4c-af33-db2c-8c5f9a8d45c8,SO-2113,TZ-2009,sai-tz,8,286.93,2295.44
023a98d7-91ef-8b83-985d-ac949747468b,SO-2113,TZ-2001,sai-tz,3,5148.14,15444.42
bc7d32c9-8345-7f13-b9ed-193e8269f71c,SO-2114,TZ-2006,sai-tz,1,941.42,941.42
5a8e8fc5-7f8b-9da9-a230-fc0616a15fe0,SO-2114,TZ-2009,sai-tz,3,286.93,860.79
2c72aaf9-3ccd-3cda-6a31-b093d2c4229d,SO-2114,TZ-2008,sai-tz,4,628.67,2514.68
0fca14b3-55a4-6f2a-1712-7b9c80ea8f31,SO-2114,TZ-2003,sai-tz,1,10194.46,10194.46
ff7e29de-41ca-7407-00bb-3029100b4132,SO-2115,TZ-2003,sai-tz,6,10194.46,61166.76
b8014f28-cf42-855b-6799-4cf2efe253d8,SO-2115,TZ-2009,sai-tz,1,286.93,286.93
64a9d0c9-d749-29cf-dd7e-5c3440e121fe,SO-2115,TZ-2004,sai-tz,3,334.68,1004.04
204623ee-e65a-8e21-1f3c-2f60ee505f4c,SO-2115,TZ-2005,sai-tz,5,3005.99,15029.95
f0770097-958c-1647-b88d-91b216909ed0,SO-2116,TZ-2004,sai-tz,6,334.68,2008.08
90485eb4-557b-52e4-28fa-c9b563831463,SO-2116,TZ-2003,sai-tz,8,10194.46,81555.68
7b86f9a5-28cc-4576-0d91-726c52ff7db5,SO-2116,TZ-2005,sai-tz,7,3005.99,21041.93
a816a4d5-f7d7-cfaa-97a6-35132218ca03,SO-2116,TZ-2008,sai-tz,1,628.67,628.67
fe947475-13cc-ca00-2154-9f5619e1b2b2,SO-2117,TZ-2004,sai-tz,5,334.68,1673.4
7181a4c1-8a16-0ec5-54cc-e08f76cc6382,SO-2117,TZ-2008,sai-tz,4,628.67,2514.68
c1fffaa2-4eae-fdb6-8fd7-d3b3db6f7c53,SO-2117,TZ-2003,sai-tz,2,10194.46,20388.92
705c95bb-e64a-655f-c9d8-19b7e47d451e,SO-2118,TZ-2005,sai-tz,6,3005.99,18035.94
bff6f08b-0ebf-243e-6e7c-ace16374d40a,SO-2118,TZ-2000,sai-tz,7,1149.72,8048.04
766ac7d6-f9f4-35d5-79e2-95beb6f46434,SO-2118,TZ-2007,sai-tz,8,7760.74,62085.92
1bdd42a5-7171-67ad-8cb0-051bd7ae196a,SO-2118,TZ-2003,sai-tz,6,10194.46,61166.76
010d741b-e232-8531-c68c-2c7d6dbcd944,SO-2118,TZ-2001,sai-tz,5,5148.14,25740.7
648a736a-0667-2d7e-b1da-4eb16f42f86d,SO-2119,FEL-1182,sai-ke,2,10673.78,21347.56
ff57dc7e-77cc-df0e-12fc-67afef623526,SO-2119,BRO-1033,sai-ke,1,2189.19,2189.19
fb9ab4bd-f763-c362-7433-087369ca30ee,SO-2119,APC-1307,sai-ke,8,5139.27,41114.16
55bff294-b148-33ed-70fa-888c0e4b4a39,SO-2120,FEL-1198,sai-ke,2,5371.95,10743.9
b1cd3723-228f-796e-cff6-7b7af776eb40,SO-2120,PRI-1174,sai-ke,6,1784.99,10709.94
1f0f9153-6173-7780-def6-932dacd21f8c,SO-2120,BRO-1033,sai-ke,3,2189.19,6567.57
5eaddf14-4ee6-47e0-7759-c4d2abdf59a8,SO-2120,ORT-1165,sai-ke,5,9142.73,45713.65
8169c588-f579-db27-abe6-5d98bcfb9242,SO-2121,REX-1178,sai-ke,3,7970.78,23912.34
d7364b6b-dca9-7a9e-ff8a-2f54e81988e9,SO-2121,D-L-1072,sai-ke,8,1258.45,10067.6
9cd89bd4-f9f9-a125-1d41-4c2330803bf9,SO-2121,EPS-1003,sai-ke,2,5497.76,10995.52
21f835c2-c225-b77e-f621-40dc479db2d9,SO-2122,BRO-1079,sai-ke,5,6606.62,33033.1
079b2ad1-43ef-c33b-a0b4-e802517677f7,SO-2122,LEN-1018,sai-ke,2,10031.63,20063.26
17c246f3-861c-54a9-478c-3449b53a67d9,SO-2122,UHU-1131,sai-ke,4,5579.9,22319.6
ae3e7437-bfc7-b708-579e-01332d62e3ef,SO-2122,FEL-1182,sai-ke,6,10673.78,64042.68
74a9108e-054b-4d3e-c289-d75015bf9d54,SO-2123,LEN-1071,sai-ke,4,4484.55,17938.2
0c9a1b92-850c-eeba-ca1c-f613772bb572,SO-2123,BRO-1033,sai-ke,8,2189.19,17513.52
82b37f7b-4115-4d12-4388-7bdbbe5ba5d1,SO-2123,EAT-1276,sai-ke,4,4807.8,19231.2
e28ae7ae-c7cb-cc63-787e-85658cb8bdd7,SO-2124,BLU-1273,sai-ke,8,1459.25,11674.0
be2f8de8-23ea-cd68-742b-6c408795604d,SO-2124,KAN-1207,sai-ke,5,4461.25,22306.25
3b43f94d-db71-19b3-e9c9-529e07cd7ddc,SO-2124,PRI-1174,sai-ke,1,1784.99,1784.99
6d3604cb-dadb-58a4-fcd6-35b9b1640b65,SO-2124,D-L-1059,sai-ke,4,3710.43,14841.72
80b6c4cc-4fae-0f01-21d6-15f65c009e85,SO-2124,HP-1047,sai-ke,8,9192.37,73538.96
2f57a890-07d6-e4b7-ae03-7ee00d80209b,SO-2125,CAN-1008,sai-ke,7,894.84,6263.88
0940baf5-563d-8251-2445-90b8ccbc1052,SO-2125,LEN-1071,sai-ke,3,4484.55,13453.65
5079c4e6-60f3-3b6b-f07a-d42316e12476,SO-2125,D-L-1051,sai-ke,3,215.06,645.18
00711b20-0beb-9ad8-7f1e-46fc0d234fc7,SO-2125,UHU-1131,sai-ke,6,5579.9,33479.4
0f6c47a6-8255-3a83-4d17-2896a0680934,SO-2125,REX-1178,sai-ke,6,7970.78,47824.68
127841be-3290-f5a7-d25c-41fef3ad2a66,SO-2126,BRO-1052,sai-ke,2,8630.59,17261.18
e875b841-ab3c-e0ac-f1ba-c14a9a5b99c5,SO-2126,BRO-1033,sai-ke,2,2189.19,4378.38
7617eeb5-5bf3-f191-e54d-6678f171f635,SO-2126,HP-1068,sai-ke,5,857.57,4287.85
25b30ca2-1668-708b-6daf-57376df65f2c,SO-2126,BLU-1273,sai-ke,8,1459.25,11674.0
f22e8c1f-283f-bb9b-e817-dde37ba0b61a,SO-2126,EPS-1003,sai-ke,5,5497.76,27488.8
e960983c-9ccd-5b86-6bdb-e7f26094e9d1,SO-2127,KAN-1207,sai-ke,2,4461.25,8922.5
dfd20ed8-7332-b43b-f2c6-53405735edb5,SO-2127,BRO-1079,sai-ke,7,6606.62,46246.34
8712dade-c32e-513b-a460-1cbb70887693,SO-2127,OFF-1244,sai-ke,3,469.15,1407.45
f2a158a9-790c-440b-3053-326d25524215,SO-2127,LEN-1067,sai-ke,6,10695.05,64170.3
6eb3d201-dee9-4cde-e5f1-9b56151a3537,SO-2128,PRI-1154,sai-ke,6,9664.29,57985.74
91461eeb-1c6e-588b-4698-961194aa4025,SO-2128,ORT-1165,sai-ke,6,9142.73,54856.38
e477593a-0cc5-a2ac-041b-03fc14b6990f,SO-2128,LEN-1071,sai-ke,2,4484.55,8969.1
462cc3a7-1d09-55fe-2f88-c3a4c8502748,SO-2128,UHU-1131,sai-ke,6,5579.9,33479.4
597e51bc-7f6c-6b6a-a552-2acd357c784f,SO-2129,OFF-1244,sai-ke,5,469.15,2345.75
1cc87450-1c4e-b3d4-20df-08397814f3ae,SO-2129,LEN-1071,sai-ke,2,4484.55,8969.1
f98de6ed-2d02-c49d-b353-48bcdb3e32e2,SO-2129,SKO-1167,sai-ke,4,1948.1,7792.4
fcbea87c-bd9e-6e9c-e988-4bb8f22cdd8b,SO-2130,KAN-1150,sai-ke,4,8475.22,33900.88
71633b16-dd21-521e-1eba-781b8fce2185,SO-2130,FEL-1182,sai-ke,7,10673.78,74716.46
7fc3e45f-5fd9-beab-9e4d-25b2038ea94c,SO-2130,BRO-1052,sai-ke,1,8630.59,8630.59
fc3cb3da-cf77-3723-9117-7f160d82947b,SO-2130,D-L-1059,sai-ke,1,3710.43,3710.43
e5d4a28f-127b-b29c-1aa9-364fe0c65f4c,SO-2130,EPS-1003,sai-ke,5,5497.76,27488.8
8028f3c5-ef53-b771-93e5-1bd630e12f3a,SO-2131,D-L-1072,sai-ke,3,1053.61,3160.83
9a574a47-6ee7-bbde-af3f-3aebf1389337,SO-2131,UHU-1131,sai-ke,8,5115.67,40925.36
6f3c3acf-3133-5be9-3984-b360489994e0,SO-2131,OFF-1266,sai-ke,6,9043.19,54259.14
27af7bf7-138c-8116-ae59-7eb74a3c8fa8,SO-2132,LEN-1042,sai-ke,5,652.47,3262.35
d73bfcf4-7d4b-4adb-4951-a78b45647e8c,SO-2132,OFF-1245,sai-ke,2,3275.12,6550.24
1192c02d-ea3f-0d65-eef3-3f3d60d98992,SO-2132,D-L-1016,sai-ke,3,8393.71,25181.13
e99b61a1-e2c5-4dfb-a5c3-19720e3c722b,SO-2132,BRO-1010,sai-ke,8,7449.8,59598.4
80d41d5d-6b16-050b-c00a-4a0547ec327c,SO-2133,BRO-1010,sai-ke,5,7449.8,37249.0
afedf89a-735d-65bd-a4cf-683d33e6f2e9,SO-2133,OFF-1245,sai-ke,4,3275.12,13100.48
e795f252-0626-b7f0-18db-c01eaaabd7d8,SO-2133,EAT-1276,sai-ke,8,4309.3,34474.4
a9709809-6c54-4dd6-e36a-e783d8ce3aa6,SO-2133,D-L-1016,sai-ke,6,8393.71,50362.26
831f22cf-265d-35aa-a7e9-a47f559f378b,SO-2134,BRO-1010,sai-ke,2,7449.8,14899.6
dd80ba12-eff4-96a6-9b9e-b7b4a36b07e1,SO-2134,FEL-1121,sai-ke,7,982.85,6879.95
dc0105fd-36fe-40a6-e4e8-8bea901d1367,SO-2134,OFF-1237,sai-ke,8,6023.84,48190.72
2081bb5c-d74c-7567-74ac-997cd935c377,SO-2134,TRI-1280,sai-ke,6,1373.81,8242.86
1e6aa780-a5b1-462e-14fd-60abdda51d9f,SO-2134,OFF-1248,sai-ke,8,4859.48,38875.84
50aa94ee-6871-e7bf-7424-93a1ef6982dd,SO-2135,FEL-1121,sai-ke,5,982.85,4914.25
bba0f33c-ea37-bb60-afdf-e102ca9ac79b,SO-2135,UHU-1131,sai-ke,6,5115.67,30694.02
d74436ec-35d1-4dbf-b15a-63508158aa8a,SO-2135,KAN-1187,sai-ke,2,8898.35,17796.7
64ba955f-e51a-ea7d-dae1-c2094417abc5,SO-2135,EAT-1276,sai-ke,6,4309.3,25855.8
03ecbe46-d447-e07d-2543-57f9b7d89d98,SO-2135,BLU-1305,sai-ke,4,4182.14,16728.56
b78e2e30-bd67-8b29-658f-2191ed25c2cf,SO-2136,ORT-1294,sai-ke,4,534.65,2138.6
7447b984-4155-3eba-7bd8-111954c48c8f,SO-2136,FEL-1146,sai-ke,8,6388.99,51111.92
2c0c6316-d4bb-10ac-21c9-e2d7cb2538d8,SO-2136,DEL-1006,sai-ke,7,1136.16,7953.12
4d0fd2d7-254d-2ba5-444c-a2bc21d82f0f,SO-2136,TRI-1310,sai-ke,3,5742.19,17226.57
bf296900-1bcc-8175-6118-93a01ae3467a,SO-2136,OFF-1248,sai-ke,6,4859.48,29156.88
30691c3d-ba45-ed36-8399-cd837f283174,SO-2137,D-L-1072,sai-ke,2,1053.61,2107.22
798c1586-aa9f-1f65-4893-eb28cf10419c,SO-2137,CAN-1023,sai-ke,1,8529.24,8529.24
4239d4e9-69d2-dccf-aa2e-10c94a52480f,SO-2137,SKO-1127,sai-ke,1,2850.57,2850.57
90b631fd-3083-6b39-b073-a4f05802f6f1,SO-2138,DEL-1006,sai-ke,5,1136.16,5680.8
08ebbae2-eb78-b6fa-b419-29f2709fa1a8,SO-2138,SKO-1127,sai-ke,2,2850.57,5701.14
3e3ee92d-5a7c-2c3e-2ce0-c781027d4954,SO-2138,LEN-1042,sai-ke,1,652.47,652.47
197b1bb7-29a7-dcd3-c93c-a9b1957af291,SO-2138,EPS-1102,sai-ke,8,1678.0,13424.0
d5a0220f-dab8-89b4-9728-2e71c6ac2034,SO-2139,D-L-1016,sai-ke,7,8393.71,58755.97
4d4326f8-cc52-2857-46b7-20ab618aee61,SO-2139,D-L-1072,sai-ke,5,1053.61,5268.05
49a2ea81-b952-b086-a50b-d0a6ef68c6b6,SO-2139,ORT-1294,sai-ke,4,534.65,2138.6
e2007a32-d480-aeab-3fce-a4976e49b465,SO-2139,OFF-1245,sai-ke,5,3275.12,16375.6
f81f4170-53b7-6dfa-f7d5-abe77166393d,SO-2140,DEL-1006,sai-ke,5,1136.16,5680.8
5a1b2c41-805d-7cfe-757e-e7167fe54ed4,SO-2140,BRO-1010,sai-ke,3,7449.8,22349.4
df1cebd7-a2c1-e881-010e-f0378c4307ca,SO-2140,OFF-1266,sai-ke,2,9043.19,18086.38
4687bd98-32c3-f7f1-1448-1624be421904,SO-2140,LEN-1042,sai-ke,4,652.47,2609.88
78b6480a-8f2c-1685-f864-481028e8f366,SO-2140,EAT-1276,sai-ke,1,4309.3,4309.3
939df72a-416e-5d00-07fb-194bdb68d7bf,SO-2141,LEN-1032,sai-ke,3,4718.6,14155.8
7f16d7ea-efce-ba56-09eb-2539f73f56e9,SO-2141,BLU-1305,sai-ke,3,4182.14,12546.42
7d30f16c-d99c-f370-7899-44d3cdb6ba93,SO-2141,OFF-1237,sai-ke,2,6023.84,12047.68
92d5ff5f-6919-53d8-061c-992bb7de63ce,SO-2141,D-L-1072,sai-ke,6,1053.61,6321.66
17016cc7-5ebb-12fa-9e89-1f8c3da3b0ac,SO-2141,EPS-1102,sai-ke,1,1678.0,1678.0
b441aa3b-fca7-2302-6e8d-dd50076e0a23,SO-2142,OFF-1266,sai-ke,4,9043.19,36172.76
c555a4a8-e6ee-62fe-de84-186f9f8f4462,SO-2142,LEN-1032,sai-ke,5,4718.6,23593.0
7cf94f8d-b00a-74ce-9958-f8de8169d060,SO-2142,EAT-1276,sai-ke,8,4309.3,34474.4
2338177b-2ad3-5dc6-44cc-a51776866adc,SO-2143,SKO-1192,sai-ke,3,7016.66,21049.98
9829b7c5-967e-7b00-0c6c-0ac7f655966f,SO-2143,PRI-1202,sai-ke,1,6693.99,6693.99
f8b29dd5-11e1-72f0-a33f-9d6a1b8e2a58,SO-2143,HEL-1126,sai-ke,2,10687.01,21374.02
6e81d5b0-3a20-5045-8151-66e8c6dfda40,SO-2143,CAN-1091,sai-ke,8,8746.38,69971.04
386e97e8-386f-327e-bc4f-3ce50a01b4d0,SO-2144,PRI-1160,sai-ke,4,9650.49,38601.96
24654169-5932-90ee-5e54-02155b890b3b,SO-2144,CAN-1091,sai-ke,4,8746.38,34985.52
cf03d6c9-ccfb-a471-2ba3-cb39f126dd61,SO-2144,TRI-1310,sai-ke,6,6899.57,41397.42
c085f432-5930-06b9-a976-0789b1d668df,SO-2145,HEL-1115,sai-ke,4,8136.34,32545.36
cb5066d6-6967-ae89-8cb2-9e3ce396ffe5,SO-2145,CAN-1022,sai-ke,8,4194.37,33554.96
7f2ff8ab-032f-2aef-bbf3-c84f53e4bd61,SO-2145,UHU-1151,sai-ke,3,4439.69,13319.07
a049416d-3d5a-481b-f9c3-5e77693b8a79,SO-2146,D-L-1057,sai-ke,4,1054.32,4217.28
d48fd408-e9de-ad17-a70a-bc6092c3f033,SO-2146,SKO-1167,sai-ke,6,1911.97,11471.82
eea89e42-82e0-f4e9-34f9-bfa0ac9daa49,SO-2146,BLU-1269,sai-ke,2,8041.68,16083.36
d9a830d3-e713-b812-c5e4-c5906c3ad927,SO-2146,OFF-1243,sai-ke,3,10759.11,32277.33
d276b5be-267b-9a1b-4e49-d6541305ac57,SO-2147,SKO-1167,sai-ke,5,1911.97,9559.85
df98f733-2487-5888-175d-75ae80cf9046,SO-2147,EPS-1081,sai-ke,3,1043.94,3131.82
7264adb7-c913-a44d-e25f-ea8473cfa9d4,SO-2147,ORT-1315,sai-ke,5,2386.5,11932.5
328156c2-f7d6-6783-abaf-9b2054cd00f2,SO-2147,HEL-1126,sai-ke,8,10687.01,85496.08
ef8b1272-58b6-e3fa-6fb4-6455022a1806,SO-2147,PRI-1160,sai-ke,2,9650.49,19300.98
adc8385e-e468-5c19-fff6-89c05ef427e9,SO-2148,OFF-1260,sai-ke,5,2952.49,14762.45
1d89bb91-2d40-812c-fd16-5ec5d948dd62,SO-2148,EPS-1081,sai-ke,1,1043.94,1043.94
1fc00009-8e9b-d69c-41b8-50a39f393af5,SO-2148,OFF-1230,sai-ke,2,5121.48,10242.96
2c0112d3-d9e2-5075-ce6e-8d2cb62a5c03,SO-2149,PRI-1160,sai-ke,3,9650.49,28951.47
aa48b772-b6fb-babb-029f-0570c9e5d554,SO-2149,DEL-1054,sai-ke,3,10373.65,31120.95
2f65d66f-d329-71b0-bec7-4d9dbc1006af,SO-2149,OFF-1260,sai-ke,4,2952.49,11809.96
7303b8d8-0d1b-3bf6-d969-82700caf88e7,SO-2150,EAT-1274,sai-ke,1,8299.52,8299.52
4ac02a0b-628b-c1f9-0929-31276cf81e35,SO-2150,SKO-1167,sai-ke,6,1911.97,11471.82
2270ff71-e68a-6838-b746-fea3927b3522,SO-2150,BLU-1269,sai-ke,5,8041.68,40208.4
f2e1b97a-76a4-5497-40b6-a2bef342bbf5,SO-2151,OFF-1230,sai-ke,4,5121.48,20485.92
074fc169-058d-fa58-cee8-fb1b8d9c664e,SO-2151,EAT-1283,sai-ke,7,2479.05,17353.35
fa69f3f1-d7c5-8f62-0439-25ff346f4ab7,SO-2151,PRI-1112,sai-ke,4,5975.57,23902.28
700ec8ad-daff-8e2e-3273-d8ae5029eefb,SO-2152,SKO-1167,sai-ke,4,1911.97,7647.88
dc66b785-08ac-ad01-2787-76584e013aa1,SO-2152,MAP-1172,sai-ke,1,4280.17,4280.17
698904ec-a994-b759-7f54-6023233f3a93,SO-2152,UHU-1151,sai-ke,2,4439.69,8879.38
9a109537-b7a4-7bab-82af-499ae02fe285,SO-2152,DEL-1054,sai-ke,8,10373.65,82989.2
b251a4bf-f315-2600-d697-d375ec1eab4a,SO-2153,PRI-1160,sai-ke,6,9650.49,57902.94
08fccd43-9c6a-5c51-3bdd-e60643873bb4,SO-2153,EPS-1058,sai-ke,3,1942.55,5827.65
71b227fe-cfa3-de04-ea70-87c090eff256,SO-2153,BLU-1269,sai-ke,2,8041.68,16083.36
5e28d40d-5437-3550-eadb-2418a5e5f371,SO-2154,BLU-1269,sai-ke,8,8041.68,64333.44
403ffe65-6d28-e035-2b86-57dc7bdeb7b8,SO-2154,LEN-1082,sai-ke,6,779.63,4677.78
245ba7a4-f36f-96b6-097e-1911115799e7,SO-2154,CAN-1091,sai-ke,1,8746.38,8746.38
8d116c8f-384f-ec32-44dc-fb05983a0199,SO-2155,OFF-1232,sai-ke,3,4223.84,12671.52
d178ccb7-6353-bf79-426d-a8a0633c44b9,SO-2155,LEN-1067,sai-ke,6,9255.65,55533.9
644b6de2-2ba0-dc73-7f6e-0582e613465c,SO-2155,CRA-1216,sai-ke,3,1019.64,3058.92
9ea743aa-7153-0e4b-b234-96f6ff841b36,SO-2155,UHU-1221,sai-ke,7,8944.26,62609.82
453f77ab-73be-221d-5532-43e10f4cbbae,SO-2156,OFF-1232,sai-ke,7,4223.84,29566.88
767611b8-9fbb-627e-47e9-21f549d835df,SO-2156,OFF-1258,sai-ke,4,8664.44,34657.76
a1879987-65b4-7e7e-7975-4b65f1df15c1,SO-2156,CRA-1216,sai-ke,6,1019.64,6117.84
b8bf0b0e-204f-732b-2fad-123f9d9fb6f1,SO-2157,SKO-1179,sai-ke,8,5456.68,43653.44
67fbd137-f65a-ba70-eb59-d04f912cbdaf,SO-2157,HP-1092,sai-ke,7,4934.3,34540.1
14df1eed-2872-43bf-52ec-cc9862052ff9,SO-2157,BRO-1056,sai-ke,5,7661.14,38305.7
dae96976-526f-c2ef-5ba6-32f6ba272f4e,SO-2157,OFF-1258,sai-ke,6,8664.44,51986.64
395cf960-b892-af44-c2a1-e46bfad3bfaa,SO-2157,HEL-1191,sai-ke,4,3529.76,14119.04
33b2036f-759e-90a4-fadd-c61adb816277,SO-2158,LEN-1071,sai-ke,8,3968.5,31748.0
d08f3173-062a-3b79-faa0-0435dd20e2b3,SO-2158,BRO-1002,sai-ke,2,5155.72,10311.44
a9387d09-ac82-e331-a313-3ca1a107d158,SO-2158,OFF-1232,sai-ke,1,4223.84,4223.84
6a9a245d-8c5b-1151-32c3-de1cce182501,SO-2159,CRA-1216,sai-ke,8,1019.64,8157.12
e2400cf4-f059-0177-12a9-b9504a60f46c,SO-2159,MAP-1149,sai-ke,3,2428.68,7286.04
5fadd3f8-2e8d-abcd-3f00-67c53c842b30,SO-2159,EPS-1029,sai-ke,3,4302.37,12907.11
486f125c-eb7b-c6c7-45b8-7f4f393d470e,SO-2159,EAT-1286,sai-ke,7,3477.89,24345.23
f202f999-1c9c-32d0-c571-b3dce95cec7c,SO-2160,CRA-1216,sai-ke,5,1019.64,5098.2
6ffaecde-8110-ab97-5f4b-18ab3cf9c0b0,SO-2160,EAT-1285,sai-ke,3,8947.5,26842.5
6a657ca4-cb5c-b488-c867-660fce95383b,SO-2160,OFF-1254,sai-ke,8,9228.89,73831.12
1f94eda9-5bb5-e4e6-66c6-dc573690ac83,SO-2160,EPS-1058,sai-ke,8,1644.81,13158.48
cd91604a-d47c-437f-8044-ee099f838f31,SO-2160,BRO-1056,sai-ke,4,7661.14,30644.56
31b0798c-2f02-61b2-f920-dcd91d116420,SO-2161,LEN-1071,sai-ke,3,3968.5,11905.5
08b26097-df1c-c56a-55a1-7ce6953b712c,SO-2161,VED-1211,sai-ke,5,907.43,4537.15
a128ee74-4370-1298-e611-f14a11ddaf8a,SO-2161,CAN-1060,sai-ke,5,3236.82,16184.1
553144cf-48d4-34f8-50cc-07a5c8525017,SO-2161,OFF-1246,sai-ke,3,2956.87,8870.61
958ab29c-0be8-43d8-9373-f6b521b1836d,SO-2161,EAT-1286,sai-ke,2,3477.89,6955.78
14732d09-c27b-601d-7522-577602273bd9,SO-2162,APC-1303,sai-ke,1,615.16,615.16
efc9926f-6e92-c2df-8a36-21d515db4cf7,SO-2162,OFF-1254,sai-ke,1,9228.89,9228.89
fba88608-c7fd-bea8-bc23-1d0ea69015f0,SO-2162,OFF-1246,sai-ke,7,2956.87,20698.09
2fd3d79f-87f3-748f-0976-e99230b383c8,SO-2162,OFF-1256,sai-ke,6,8432.53,50595.18
7000de4f-99b3-41bb-5c2d-27d5a7ead1a5,SO-2163,HP-1092,sai-ke,1,4934.3,4934.3
5cbaa345-7bcb-d6f4-489a-f6e7d4977ec7,SO-2163,CAN-1001,sai-ke,6,4526.09,27156.54
70f52e7f-6475-d658-157c-e1ac157260ea,SO-2163,OFF-1257,sai-ke,8,7648.65,61189.2
1a3b5915-dfde-44d2-39c3-840679614544,SO-2164,BRO-1056,sai-ke,5,7661.14,38305.7
1488d712-8486-cee8-e4d5-db38423c5255,SO-2164,CAN-1001,sai-ke,6,4526.09,27156.54
0ccd1c37-2f0b-2ced-ed9e-af10e1ca7492,SO-2164,CRA-1152,sai-ke,3,1853.02,5559.06
c6ae8e14-2322-1a43-90f4-7169ce758d38,SO-2165,SKO-1179,sai-ke,7,5456.68,38196.76
04308bb4-82fd-923e-e216-0fc60a96052a,SO-2165,MAP-1149,sai-ke,2,2428.68,4857.36
410db671-5961-be36-b047-3c5e66865ae7,SO-2165,BLU-1289,sai-ke,1,5217.26,5217.26
38af94cd-8673-886f-32a3-26b645c243b4,SO-2165,UHU-1221,sai-ke,5,8944.26,44721.3
7f21343d-a052-f923-4af8-2db15f220cfd,SO-2166,OFF-1246,sai-ke,4,2956.87,11827.48
1155a6ef-f439-700a-955f-4b4389eda26e,SO-2166,HEL-1191,sai-ke,3,3529.76,10589.28
c2efa61f-295e-ad1b-eb4b-66d8bb62067b,SO-2166,SKO-1179,sai-ke,1,5456.68,5456.68
195a0eba-95f2-84cb-90be-8d20f596274a,SO-2166,OFF-1257,sai-ke,2,7648.65,15297.3
33d96df0-813e-0331-b69e-b79c34b75c0f,SO-2166,HP-1031,sai-ke,8,164.44,1315.52
db1fd9c6-553c-839b-4a46-8f787f50de42,SO-2167,BLU-1269,sai-ke,4,7359.0,29436.0
0e0df7f2-c9f2-2d1f-f6de-e9b8c5f58a8d,SO-2167,BRO-1085,sai-ke,1,7390.06,7390.06
96333e2a-bc85-f239-42cd-cdda2d51a1b5,SO-2167,CAN-1091,sai-ke,4,8163.07,32652.28
b3a152af-a184-3887-feee-9c74d51ff860,SO-2167,CAN-1037,sai-ke,3,8733.71,26201.13
b3fd32fb-83dd-33d4-a8b7-46cbd8885c74,SO-2168,VED-1193,sai-ke,3,810.84,2432.52
88b2c70e-89f2-0d0f-7416-80818d47db60,SO-2168,ORT-1315,sai-ke,8,2131.76,17054.08
7d741027-cc49-7c7d-996e-42fe947f704b,SO-2168,CAN-1101,sai-ke,1,7264.88,7264.88
4e345baa-84f0-f342-498a-d5711f049e5b,SO-2168,VED-1117,sai-ke,8,3357.65,26861.2
7caa4482-ea59-7c53-4571-7b067689cedd,SO-2169,CRA-1152,sai-ke,1,2071.72,2071.72
5ba0afa1-99f5-2143-da8f-35fce4845e59,SO-2169,MAP-1183,sai-ke,2,4954.95,9909.9
6049b0fe-2d29-51b2-85a7-081477f18fab,SO-2169,D-L-1075,sai-ke,8,6132.53,49060.24
a3dd80cc-a43e-2021-98d4-bfc39b9e8565,SO-2169,OFF-1250,sai-ke,2,7204.9,14409.8
159b89be-4e95-b990-0713-8cd40efdf1f9,SO-2169,VED-1117,sai-ke,8,3357.65,26861.2
8052ad78-f454-ecee-4fb9-76692dd638ad,SO-2170,KAN-1184,sai-ke,1,6623.6,6623.6
ddaadae3-65f9-9a32-7e29-58110b69d729,SO-2170,HEL-1191,sai-ke,7,3676.68,25736.76
cc93e5ea-7ed1-534d-c5ef-a30033df78be,SO-2170,BRO-1080,sai-ke,2,2749.0,5498.0
379b2df8-6057-1e38-ce80-1f6c2c6df373,SO-2171,MAP-1183,sai-ke,8,4954.95,39639.6
2e054602-ed81-ac8c-530a-896ea85b0084,SO-2171,OFF-1266,sai-ke,4,9515.38,38061.52
71bf7cd3-b08e-c543-2ab2-f40c090d7552,SO-2171,VED-1193,sai-ke,6,810.84,4865.04
21d7780f-e29b-9c80-ef5c-a3c5546e7ff4,SO-2172,CAN-1037,sai-ke,3,8733.71,26201.13
c40b1263-1c25-9d9b-473e-5875976ef401,SO-2172,OFF-1250,sai-ke,1,7204.9,7204.9
735e6296-2d97-6ca1-4fc3-99dd3542ffc2,SO-2172,ORT-1315,sai-ke,7,2131.76,14922.32
e5625c90-d529-81a2-4f95-53961e0c37fd,SO-2173,SCH-1279,sai-ke,2,2543.67,5087.34
30259e52-c3fb-74c5-59d8-253baa2b53e5,SO-2173,MAP-1155,sai-ke,6,260.45,1562.7
f1e1b5b1-0d55-83b8-0ceb-c6596f6a9695,SO-2173,CRA-1152,sai-ke,5,2071.72,10358.6
88d7d822-0de4-d783-ec0f-34f1497173df,SO-2173,VED-1117,sai-ke,8,3357.65,26861.2
46b8499b-d63c-fcef-0f47-20ab70267f49,SO-2174,VED-1117,sai-ke,6,3357.65,20145.9
6e4c1449-09e9-f518-d2d6-786e5731b652,SO-2174,HP-1027,sai-ke,4,2298.21,9192.84
fb40e416-870c-a62c-dc3a-c56944deef4f,SO-2174,UHU-1153,sai-ke,4,8512.46,34049.84
17e4c8a1-f477-6565-c80e-1f350b80ff8a,SO-2174,VED-1193,sai-ke,5,810.84,4054.2
abcf20e5-1f0a-095b-e125-26092de8199a,SO-2175,KAN-1218,sai-ke,2,2749.52,5499.04
1a6c7e07-ff30-abb6-7d4c-56e282769e84,SO-2175,D-L-1064,sai-ke,8,938.83,7510.64
ffc15e1b-1a09-090d-6857-d1a948706081,SO-2175,LEN-1042,sai-ke,6,691.13,4146.78
c31ce5d7-9458-0ccc-2c57-dec02f034aab,SO-2176,ORT-1315,sai-ke,3,2131.76,6395.28
e6c77466-81d3-6b43-0168-6591f30e5f94,SO-2176,BLU-1304,sai-ke,8,1342.82,10742.56
d62afa6c-93df-b508-24cc-d7f356ed6fd6,SO-2176,OFF-1237,sai-ke,2,6589.15,13178.3
d82933b6-7ed7-beb0-52b1-da74d22990cd,SO-2176,CAN-1037,sai-ke,5,8733.71,43668.55
bfbf7aab-3bd4-dd68-45d2-4cd624523a8c,SO-2177,OFF-1266,sai-ke,8,9515.38,76123.04
eef4be83-babe-1e25-480b-5968af958a56,SO-2177,OFF-1250,sai-ke,2,7204.9,14409.8
c22e3219-5ad9-9740-042c-f394c425fc7a,SO-2177,HP-1027,sai-ke,7,2298.21,16087.47
4b888695-675f-0951-c0b3-1016f8ee8ae6,SO-2177,BRO-1086,sai-ke,4,3614.1,14456.4
3cae277b-07bc-70a0-d7fb-82a1ba18f084,SO-2178,CAN-1037,sai-ke,5,8733.71,43668.55
5ba94c03-ed6b-ac4e-0108-51518822aa07,SO-2178,HEL-1191,sai-ke,3,3676.68,11030.04
3babdf0a-0fb2-b865-c5c4-f8197185ba35,SO-2178,BRO-1079,sai-ke,1,6328.57,6328.57
d382b245-949f-ad66-a233-f5ccfafe3211,SO-2179,CAN-1098,sai-ke,6,3150.81,18904.86
67d255a6-5b57-09b1-7889-369b7360f3b5,SO-2179,PRI-1111,sai-ke,3,3837.72,11513.16
e39e7ec9-7d35-9c3f-665b-e4f4564fad0b,SO-2179,PRI-1112,sai-ke,7,5434.53,38041.71
0c536c72-bc6b-d344-2a3f-8d77441bcea1,SO-2179,DEL-1021,sai-ke,7,3976.06,27832.42
213f6c3d-5a39-d717-e31f-93e4508a9360,SO-2180,HP-1108,sai-ke,3,8106.08,24318.24
f133001b-90e5-f896-13fb-f54c16cc7e1a,SO-2180,HP-1031,sai-ke,8,184.63,1477.04
96972fc0-7a38-cc9b-fd75-5e47d95ef4f2,SO-2180,OFF-1169,sai-ke,3,7992.19,23976.57
72e0c7c4-e1ee-d850-8272-6855e4dc3c67,SO-2180,TRI-1282,sai-ke,6,3777.22,22663.32
3b725b82-806c-b231-d199-8a04077f79b8,SO-2180,BRO-1019,sai-ke,4,835.8,3343.2
72f5f678-eb85-af6d-ac8d-5f2f62479952,SO-2181,SKO-1204,sai-ke,7,1486.85,10407.95
7e49c1f2-e190-e70a-3b9e-e1021ac0914a,SO-2181,OFF-1241,sai-ke,2,9201.07,18402.14
135ddbca-d4a1-0b8f-b973-ab9193c33287,SO-2181,DEL-1021,sai-ke,5,3976.06,19880.3
376df516-2956-de75-7f90-f54d64a34adb,SO-2181,OFF-1246,sai-ke,8,3198.98,25591.84
62067019-bc9f-9f5e-12da-feefc49ba007,SO-2182,HP-1108,sai-ke,6,8106.08,48636.48
5d865ed6-c352-f182-6e5d-c13931854426,SO-2182,CAN-1066,sai-ke,4,6935.74,27742.96
90ed49e7-914f-05d2-3608-f5f2020a9338,SO-2182,OFF-1169,sai-ke,6,7992.19,47953.14
d3f36643-4594-9d07-53ea-5a15c6a49bb9,SO-2182,DEL-1021,sai-ke,6,3976.06,23856.36
76d8ac52-024d-619c-bdf6-3d8604f47414,SO-2183,CAN-1091,sai-ke,3,8096.97,24290.91
98ff2b33-dcea-3c5d-1716-51213d5c2d8a,SO-2183,OFF-1246,sai-ke,1,3198.98,3198.98
ee296ef4-c5f6-6708-f563-d0169d325a06,SO-2183,EPS-1011,sai-ke,3,1307.44,3922.32
c98cf48a-22d7-e9bd-1e54-c2e7aa2a2524,SO-2183,CAN-1098,sai-ke,8,3150.81,25206.48
6f9f8aed-6a14-6edd-3e38-555115358646,SO-2184,HP-1108,sai-ke,1,8106.08,8106.08
bfc85a0c-144b-2556-5834-8aeb0c0aa0c2,SO-2184,DEL-1025,sai-ke,6,5850.48,35102.88
752e1097-f361-6fd4-2e50-709d6cb03f54,SO-2184,PRI-1111,sai-ke,4,3837.72,15350.88
f1e5f8d2-66f9-be17-859f-22bc523f8989,SO-2184,BRO-1019,sai-ke,7,835.8,5850.6
0146c8f9-1d69-c026-ec16-8c5b7fd1c958,SO-2185,BRO-1019,sai-ke,7,835.8,5850.6
c062e2ca-7d40-5621-27c8-5e64c27dd578,SO-2185,FEL-1122,sai-ke,5,7913.73,39568.65
fd08da77-9869-0f89-7709-4f653956dc85,SO-2185,PRI-1226,sai-ke,1,3597.34,3597.34
9355d14a-dd12-1794-b6cf-144581092ed5,SO-2185,CAN-1066,sai-ke,8,6935.74,55485.92
4645448a-5be0-62f8-7132-2f9c7fea1cce,SO-2185,PRI-1120,sai-ke,1,6456.41,6456.41
9efcd2d5-2205-21f2-d198-ebdd0d597733,SO-2186,PRI-1111,sai-ke,4,3837.72,15350.88
dbe8832f-f23d-0421-3ab2-238bcd1aa27e,SO-2186,HP-1108,sai-ke,5,8106.08,40530.4
37fcb3cb-b70c-1c2f-6732-ae92321584fe,SO-2186,ORT-1165,sai-ke,5,8143.77,40718.85
cce3f7f7-c021-1835-2f2a-b5c49bea6bc6,SO-2186,PRI-1120,sai-ke,1,6456.41,6456.41
0f941b49-7965-30d6-e9b2-bbff4cc498b3,SO-2186,FEL-1122,sai-ke,7,7913.73,55396.11
5ec34663-f87b-6b81-96c2-2121a553b4f3,SO-2187,PRI-1112,sai-ke,6,5434.53,32607.18
66c832ae-8cb7-e5cb-70bf-cebafb3fbae3,SO-2187,BRO-1019,sai-ke,1,835.8,835.8
6b0dc4f4-ef9f-794e-78cb-88983d9c7982,SO-2187,PRI-1111,sai-ke,3,3837.72,11513.16
f3349b6c-7a80-c65d-b711-8afdf997c780,SO-2187,PRI-1226,sai-ke,7,3597.34,25181.38
9541372f-a84a-9fd0-4fee-73564ce666bf,SO-2187,CAN-1091,sai-ke,8,8096.97,64775.76
b4918ed4-9da6-f877-1009-00f07b9e67f7,SO-2188,DEL-1021,sai-ke,2,3976.06,7952.12
774fbf37-fe8c-c686-2853-c869e3127b63,SO-2188,SKO-1127,sai-ke,4,3125.51,12502.04
8d0e6a1f-e0d3-054c-e7e2-85becb0b5875,SO-2188,FEL-1122,sai-ke,2,7913.73,15827.46
7a9577b3-e8b3-67de-e9aa-3d76e33ab705,SO-2188,BLU-1304,sai-ke,3,1376.53,4129.59
a83a792d-19fc-1c7b-f315-cfd7bd22e21c,SO-2189,OFF-1246,sai-ke,7,3198.98,22392.86
6cd9abce-d629-dea5-c913-271b90f1084f,SO-2189,PRI-1111,sai-ke,4,3837.72,15350.88
ddb1b0db-1b58-09ab-42bc-2290006adbc0,SO-2189,D-L-1070,sai-ke,7,4769.72,33388.04
cdf10c13-c9b7-df1a-2a0f-7373e18cb363,SO-2189,CAN-1066,sai-ke,7,6935.74,48550.18
054da7db-1629-df0d-2860-ec3dfadd6252,SO-2189,PRI-1226,sai-ke,8,3597.34,28778.72
31b94fec-3c42-384f-dca0-6a3bde388534,SO-2190,TZ-2002,sai-tz,7,6789.34,47525.38
2694eadf-01db-7a81-a244-2a9debc053cb,SO-2190,TZ-2008,sai-tz,7,699.28,4894.96
50688428-253c-5752-b102-9954abf55de4,SO-2190,TZ-2004,sai-tz,6,371.41,2228.46
69d69245-17d4-c009-ff63-23ade0994cbe,SO-2191,TZ-2009,sai-tz,2,301.76,603.52
89a806c7-71f6-4540-5fef-5c152dbb143b,SO-2191,TZ-2010,sai-tz,6,697.06,4182.36
bb351dd5-d51b-db9e-887e-84c1d8eb4da5,SO-2191,TZ-2007,sai-tz,6,8220.56,49323.36
ddfa48ce-ac40-6aa4-17ec-6e13adac0696,SO-2191,TZ-2006,sai-tz,4,1041.2,4164.8
d5f8bbcf-88b4-9f96-e906-ff209319fd39,SO-2191,TZ-2001,sai-tz,8,5639.97,45119.76
25a91d57-f627-02fb-4503-5a4ebdfea0de,SO-2192,TZ-2009,sai-tz,1,301.76,301.76
3cc812c6-041f-2f99-aaff-348146471a99,SO-2192,TZ-2010,sai-tz,4,697.06,2788.24
9b4296ea-0961-e66e-f3c6-2dacf21b9cef,SO-2192,TZ-2007,sai-tz,8,8220.56,65764.48
b422d2ea-da38-f824-d801-914c301f43bc,SO-2192,TZ-2002,sai-tz,4,6789.34,27157.36
ef176dd8-713b-5a3b-101c-6bb3e8ffb1bf,SO-2192,TZ-2011,sai-tz,7,682.84,4779.88
a96016bd-c297-fa93-4940-448a5a5861f7,SO-2193,TZ-2002,sai-tz,4,6789.34,27157.36
861f588b-5dbd-31c4-2fad-3c647fd466ab,SO-2193,TZ-2011,sai-tz,7,682.84,4779.88
85ecfdea-6f34-989e-f787-b56a7dd35cb5,SO-2193,TZ-2005,sai-tz,3,3150.44,9451.32
4fa4caa0-4870-bb20-ae09-ae4867b841f9,SO-2193,TZ-2004,sai-tz,8,371.41,2971.28
c683e07b-1088-821d-e641-0cc1f532d661,SO-2193,TZ-2010,sai-tz,2,697.06,1394.12
6f0a8f9c-b353-5f0d-4619-0a608069db99,SO-2194,TZ-2011,sai-tz,4,682.84,2731.36
bba4e1d0-189a-70de-3639-2a3c9c2b08aa,SO-2194,TZ-2002,sai-tz,8,6789.34,54314.72
2a7a4576-afd0-7771-a368-847038122d3f,SO-2194,TZ-2006,sai-tz,2,1041.2,2082.4
e02cf02e-0091-a7bb-ef06-73171952d3e7,SO-2195,TZ-2005,sai-tz,8,3150.44,25203.52
9db96351-e38a-2f22-afa5-b82ffe85f0e0,SO-2195,TZ-2006,sai-tz,3,1041.2,3123.6
aaae564b-52bf-40e1-ed88-b17695370829,SO-2195,TZ-2009,sai-tz,4,301.76,1207.04
c91caace-2128-212a-dc40-e0cb7f4849f1,SO-2195,TZ-2003,sai-tz,1,11246.25,11246.25
7bc076a7-4d52-a7d2-1f8f-57ad4f8ba637,SO-2196,TZ-2006,sai-tz,7,1041.2,7288.4
a51c4eeb-cb3c-4b98-9422-a61bd8b71b4d,SO-2196,TZ-2003,sai-tz,2,11246.25,22492.5
3fb2ee4a-2475-03c8-54be-4b638d74aeef,SO-2196,TZ-2008,sai-tz,1,699.28,699.28
ca431bf0-ced9-9618-723e-ff59fb9f0d8a,SO-2197,TZ-2006,sai-tz,1,1041.2,1041.2
1dd3003d-b268-a81c-6aa6-d44361c585f6,SO-2197,TZ-2000,sai-tz,5,1259.51,6297.55
0fb3db62-e8f5-cc7f-a3a4-74cbe56f24a2,SO-2197,TZ-2003,sai-tz,8,11246.25,89970.0
fc01b596-e907-a2b2-1be3-49fe06246381,SO-2198,TZ-2011,sai-tz,8,682.84,5462.72
08a14095-4a64-5ca3-8ecf-1401928b9dd5,SO-2198,TZ-2009,sai-tz,1,301.76,301.76
4ca94689-2e33-54a0-0fdd-387510130e2c,SO-2198,TZ-2001,sai-tz,6,5639.97,33839.82
ebe3cdad-ee4b-f155-3c64-36d457947118,SO-2198,TZ-2010,sai-tz,8,697.06,5576.48
14e87690-0819-d4d1-f96c-873ff7f898cb,SO-2198,TZ-2006,sai-tz,1,1041.2,1041.2
4bc0cb9e-3091-b8de-b2e4-31e473da3a68,SO-2199,TZ-2005,sai-tz,8,3150.44,25203.52
99f621d5-e4bb-8d3e-da2d-2452a119f8e9,SO-2199,TZ-2002,sai-tz,5,6789.34,33946.7
a422fcb1-967d-bd3a-2c44-1f4b0139e03d,SO-2199,TZ-2009,sai-tz,8,301.76,2414.08
55f3d8f2-70c2-18d3-2130-1d83ffa7824c,SO-2200,TZ-2011,sai-tz,5,682.84,3414.2
86f5f5b8-4f1f-784d-f06e-7cf2e93f13be,SO-2200,TZ-2005,sai-tz,4,3150.44,12601.76
fef9acd7-de8a-500b-6e4b-d9a86a836102,SO-2200,TZ-2002,sai-tz,7,6789.34,47525.38
6edad550-14fd-9f78-fa88-f33f79f15d13,SO-2200,TZ-2001,sai-tz,4,5639.97,22559.88
dfb565ae-1020-470d-b98a-ff67ddf04834,SO-2200,TZ-2007,sai-tz,6,8220.56,49323.36
60d9b0d5-f9b4-5152-aad0-9513f8e19a7a,SO-2201,TZ-2008,sai-tz,7,699.28,4894.96
164e30f9-c145-d9d5-836a-7bae5b6a3ec7,SO-2201,TZ-2003,sai-tz,8,11246.25,89970.0
99819f47-6365-6edb-4075-a4dffac896c5,SO-2201,TZ-2005,sai-tz,5,3150.44,15752.2
054edbf8-5fa0-e724-543d-07ec4f547f21,SO-2202,CAN-1087,sai-ke,2,627.16,1254.32
73c9d3f8-e488-1569-70df-1d602c8c82e5,SO-2202,D-L-1057,sai-ke,1,1061.68,1061.68
bad54e69-0415-0cbf-3d15-bbbe58741352,SO-2202,OFF-1245,sai-ke,1,3813.81,3813.81
435ce102-a280-8904-b497-15e9b8f4f406,SO-2202,HP-1028,sai-ke,3,10403.41,31210.23
28a4fa6f-bd09-653c-b8d6-3faccedb4b28,SO-2202,CAN-1037,sai-ke,3,9018.67,27056.01
db5999ad-9e5e-f86f-a3d5-2cf34e54edc9,SO-2203,FEL-1140,sai-ke,4,4107.37,16429.48
6c872201-2a0a-374d-c7a0-c10e1681f546,SO-2203,VED-1193,sai-ke,7,891.65,6241.55
bf66b428-4b19-d5df-30e9-cb1e9d36853d,SO-2203,CAN-1087,sai-ke,5,627.16,3135.8
f73af8d1-24cb-2a61-6695-d4201ce40968,SO-2204,KAN-1110,sai-ke,1,9205.53,9205.53
214baea6-8143-4f0f-3cb2-38f973890f34,SO-2204,BRO-1056,sai-ke,4,9104.4,36417.6
8800ff80-efe4-cdc4-4dec-cd29493a6e5c,SO-2204,CAN-1037,sai-ke,6,9018.67,54112.02
130f553a-01b8-356f-b42a-9ca4d822e20b,SO-2204,CAN-1087,sai-ke,3,627.16,1881.48
1ed53de4-c2d2-25d2-f400-6ac058145653,SO-2205,CAN-1100,sai-ke,7,4855.03,33985.21
dead2cc1-9106-dd9a-156b-70c357b77370,SO-2205,D-L-1057,sai-ke,1,1061.68,1061.68
26e58c47-4cb4-4688-250d-ee784a879834,SO-2205,SKO-1116,sai-ke,2,1201.41,2402.82
42636f20-d395-7d08-5e6e-f1cd43b5af63,SO-2205,OFF-1245,sai-ke,4,3813.81,15255.24
8e07dad3-d4e0-ccd8-61a8-0fffabc475a5,SO-2205,REX-1219,sai-ke,2,2327.65,4655.3
11307e1e-4022-e395-595f-aac1ecfdd782,SO-2206,CAN-1037,sai-ke,6,9018.67,54112.02
aee3862e-c106-32de-cc67-137aba02b0f5,SO-2206,REX-1219,sai-ke,1,2327.65,2327.65
6de3c09b-152f-e355-fd73-6bf220fd670d,SO-2206,CAN-1087,sai-ke,3,627.16,1881.48
c74d74de-c1db-d49d-e530-5b0695e4db47,SO-2207,DEL-1103,sai-ke,8,1858.19,14865.52
59adfec2-1f6a-3b63-c506-10d85d90ac5b,SO-2207,HEL-1115,sai-ke,8,8305.47,66443.76
f6264fbf-e471-2566-8fda-0e3d75ce8369,SO-2207,EAT-1274,sai-ke,7,8805.43,61638.01
71861bd0-961a-7faa-b083-fd5fc991695f,SO-2207,FEL-1122,sai-ke,7,8932.41,62526.87
fb3b0c15-551e-3d98-073f-3f675ad297d2,SO-2207,CAN-1023,sai-ke,8,9795.27,78362.16
93010dae-e9b9-57fa-3829-ef4fdd1ba461,SO-2208,KAN-1110,sai-ke,1,9205.53,9205.53
9fad6319-4a4a-ac25-3403-e0fc8ad29b89,SO-2208,OFF-1238,sai-ke,8,4749.94,37999.52
116c9f0f-580d-999d-f853-7e1a9702621f,SO-2208,HP-1028,sai-ke,5,10403.41,52017.05
3d94f362-cd64-fcb0-7325-abf66784b8ab,SO-2208,SKO-1116,sai-ke,5,1201.41,6007.05
7bbdaf73-eb6f-625a-bed5-3177b58938c5,SO-2208,BRO-1056,sai-ke,2,9104.4,18208.8
f67014a0-f7ad-b5ec-10a6-3f74b23c96be,SO-2209,HEL-1115,sai-ke,2,8305.47,16610.94
8e675971-8a1d-5ac9-113d-be544e15b13e,SO-2209,HP-1028,sai-ke,8,10403.41,83227.28
b7e2f6fa-0b74-40f9-ebc1-71ee605b3144,SO-2209,HEL-1156,sai-ke,1,5463.31,5463.31
5de35a99-1107-a940-c6a9-501e7b45968a,SO-2209,OFF-1245,sai-ke,1,3813.81,3813.81
c5935161-a711-822e-04bb-2668810a25b5,SO-2209,KAN-1110,sai-ke,8,9205.53,73644.24
dcf8edcf-da14-d852-c38a-dce9b31f1265,SO-2210,REX-1219,sai-ke,6,2327.65,13965.9
7fe86ae9-e684-25c1-0719-0166aee44510,SO-2210,HEL-1115,sai-ke,7,8305.47,58138.29
ccca420a-d9ed-144a-5d19-8193577eae3c,SO-2210,OFF-1238,sai-ke,3,4749.94,14249.82
af5aa1dd-ffea-ac6f-093e-9d7b8b6fa446,SO-2211,CAN-1100,sai-ke,5,4855.03,24275.15
5d3a3e8c-fae5-30bf-ac9b-415350786963,SO-2211,BRO-1056,sai-ke,1,9104.4,9104.4
bf6a3975-05c9-1129-f702-6a54c00f47e4,SO-2211,OFF-1245,sai-ke,4,3813.81,15255.24
fbcf0bb8-064f-c0fd-65b6-c25bc5d814f6,SO-2211,EAT-1274,sai-ke,2,8805.43,17610.86
dd5e2f42-5135-d6bd-d07a-6cf5916691c7,SO-2212,VED-1193,sai-ke,1,891.65,891.65
09ec3cd1-7196-2022-72a7-5671f9012c57,SO-2212,CAN-1100,sai-ke,8,4855.03,38840.24
692998d1-6888-4e6f-23e1-d2734c97b1f9,SO-2212,OFF-1238,sai-ke,4,4749.94,18999.76
4b1535d1-0e20-00ca-2fd0-6fb3c0f985bb,SO-2212,TRI-1310,sai-ke,8,6642.47,53139.76
1dcfa816-fe45-0f23-bbe6-ddbedc4f9c23,SO-2212,EAT-1274,sai-ke,5,8805.43,44027.15
225b1b2b-cdc9-9e28-d433-fd586263a1fb,SO-2213,BLU-1293,sai-ke,6,7625.4,45752.4
5d190c47-5ea4-50e6-9a99-b11881d0302e,SO-2213,OFF-1245,sai-ke,6,3813.81,22882.86
e48964aa-fa47-84d7-64cf-6ad77213adf6,SO-2213,DEL-1103,sai-ke,8,1858.19,14865.52
00c26f22-5288-3202-1fb8-acbc55073f04,SO-2214,CAN-1022,sai-ke,1,4174.47,4174.47
1341fa30-4d22-03eb-6934-199e1c9e4ddf,SO-2214,OFF-1251,sai-ke,2,5564.23,11128.46
686fcf9f-3bad-b13c-65a8-56d6977e2ceb,SO-2214,PRI-1120,sai-ke,3,6919.53,20758.59
bb335a35-465f-32a7-91f4-fff20dce02d1,SO-2214,UHU-1128,sai-ke,5,4404.53,22022.65
d9fc33a1-6af3-b341-831c-1411599ffdc0,SO-2214,TRI-1280,sai-ke,5,1508.84,7544.2
34ae5d00-770c-8409-941f-1cf7648e1978,SO-2215,CAN-1004,sai-ke,7,1699.14,11893.98
aaeb30cc-9fb7-736b-9fd0-9a35da7ed6c7,SO-2215,LEN-1067,sai-ke,5,10557.85,52789.25
2f45f278-8642-e9e5-7f19-f9c86f2012b3,SO-2215,D-L-1070,sai-ke,4,5341.76,21367.04
1184b851-6763-fd68-8a3b-11cdd97dfc55,SO-2216,LEN-1067,sai-ke,1,10557.85,10557.85
05e157e2-6da4-5970-dc41-0aaad540dc8a,SO-2216,EAT-1276,sai-ke,5,4979.37,24896.85
0d5199e0-5303-a90b-902a-d1acc40b28ac,SO-2216,D-L-1053,sai-ke,5,6640.21,33201.05
fa308863-ebb1-f269-ed2d-53c6011da7df,SO-2216,D-L-1070,sai-ke,4,5341.76,21367.04
b682f504-a4bc-b74c-6743-c34e7762f923,SO-2216,D-L-1059,sai-ke,7,3749.01,26243.07
5b715415-e7e6-fe6f-5984-df9acf0e14b8,SO-2217,CAN-1001,sai-ke,8,5237.51,41900.08
22a8f6db-de0c-04fc-ffe7-7958ace4a995,SO-2217,LEN-1032,sai-ke,7,5510.55,38573.85
c8b99ef5-f1ef-5e0d-ee6f-cdde94177f28,SO-2217,OFF-1255,sai-ke,8,8968.66,71749.28
9fee2520-5233-243d-aee9-76924d035da2,SO-2217,CAN-1004,sai-ke,4,1699.14,6796.56
ab93bc2c-b664-f51e-4093-07d29b058554,SO-2217,SCH-1312,sai-ke,3,9910.7,29732.1
0e8ad078-db42-8a14-ff5f-d7074b6825f5,SO-2218,SCH-1312,sai-ke,8,9910.7,79285.6
3335e606-8ae7-eaec-b77e-16ee99107f85,SO-2218,D-L-1070,sai-ke,6,5341.76,32050.56
b529c32e-170d-0adc-6b8a-616dcff3ba60,SO-2218,CAN-1004,sai-ke,4,1699.14,6796.56
3cbf3211-39a9-fc82-77c2-fa022c831504,SO-2218,CAN-1001,sai-ke,1,5237.51,5237.51
0ce77944-06d8-d80a-d14f-22c55d10a3d3,SO-2219,TRI-1297,sai-ke,2,5089.88,10179.76
902a5a7f-1105-ce28-3286-12124f752594,SO-2219,TRI-1280,sai-ke,4,1508.84,6035.36
c08b7288-d389-a353-e6ee-dc587fb527e8,SO-2219,OFF-1255,sai-ke,3,8968.66,26905.98
cdb48d02-8e4a-4933-9757-709ee4e283ff,SO-2219,D-L-1070,sai-ke,2,5341.76,10683.52
90e97c8e-c7ab-6498-9cc5-9871f11ab887,SO-2219,CAN-1037,sai-ke,6,9170.68,55024.08
ab178462-97db-d535-2c72-6263531c9163,SO-2220,LEN-1062,sai-ke,1,4641.51,4641.51
184d7cb6-7264-6e9e-f4b9-355c46cebc66,SO-2220,FEL-1136,sai-ke,1,5170.12,5170.12
00b08bab-cbe9-7098-0c05-dae71e0112d9,SO-2220,D-L-1053,sai-ke,1,6640.21,6640.21
9b5f2287-9774-b416-8043-c37f8303e5a2,SO-2220,D-L-1070,sai-ke,4,5341.76,21367.04
e2b77815-e777-2c98-a253-9fd66e78f0cb,SO-2221,SCH-1312,sai-ke,8,9910.7,79285.6
20ca1abe-1772-3fc2-9265-a7bcb5e3679d,SO-2221,KAN-1207,sai-ke,3,4408.11,13224.33
8d2629c7-f50d-4c14-2e73-7f352fd7fbda,SO-2221,LEN-1018,sai-ke,3,10257.07,30771.21
ccbc0c0e-5d20-e3fe-94ee-fed6b5eb5f42,SO-2221,CAN-1004,sai-ke,3,1699.14,5097.42
171aafba-072e-dd23-0ece-be5d76c22faa,SO-2222,LEN-1067,sai-ke,8,10557.85,84462.8
0bef8262-02f3-66d5-4726-ce6fdf8c8ac2,SO-2222,D-L-1053,sai-ke,1,6640.21,6640.21
bcce3585-9577-26ef-3b44-00cfc9ba9109,SO-2222,OFF-1255,sai-ke,8,8968.66,71749.28
cd6568b9-a2db-b683-9046-95b543150b9e,SO-2222,CAN-1022,sai-ke,6,4174.47,25046.82
effbc00d-41c5-2c38-ac49-a9a25db7746c,SO-2222,EAT-1276,sai-ke,8,4979.37,39834.96
083ce7c5-e29f-0df9-a552-23d5a2c18979,SO-2223,PRI-1120,sai-ke,1,6919.53,6919.53
58cc1569-cb7e-1a4d-2df5-52680f5d8d2d,SO-2223,CAN-1001,sai-ke,2,5237.51,10475.02
65c3bd5d-560a-0b40-fb38-beadce26c56d,SO-2223,KAN-1207,sai-ke,4,4408.11,17632.44
d53940a5-194a-82fc-4ed6-c67d77e89458,SO-2223,TRI-1297,sai-ke,6,5089.88,30539.28
e73ba8d4-93a5-f43c-2919-f2bf159e2da2,SO-2223,D-L-1053,sai-ke,5,6640.21,33201.05
47439380-393b-bb4b-d558-fd5e5bbba1e9,SO-2224,UHU-1128,sai-ke,6,4404.53,26427.18
b63a8129-e625-a69b-21f1-d5fcf179d07d,SO-2224,LEN-1005,sai-ke,8,6388.89,51111.12
24c1b494-1158-5775-b89c-391b00585bb7,SO-2224,LEN-1062,sai-ke,2,4641.51,9283.02
f4465fa6-74db-e030-5905-7dd005c7e1fb,SO-2225,CAN-1022,sai-ke,1,4174.47,4174.47
3eb1d9e9-d608-d355-9e1f-e7a8ab3d52d8,SO-2225,CAN-1001,sai-ke,7,5237.51,36662.57
c74fdb38-e2ee-9f55-793c-17ba6caa6e56,SO-2225,PRI-1120,sai-ke,4,6919.53,27678.12
aed5e004-d6f9-4481-89e2-3e93eab2428a,SO-2225,D-L-1053,sai-ke,7,6640.21,46481.47
9af0aab2-aa72-5af0-21ee-398b9983d681,SO-2226,OFF-1246,sai-ke,1,3471.19,3471.19
85e735c5-e686-4192-c2a4-8f81b5cbd380,SO-2226,UHU-1128,sai-ke,3,4339.92,13019.76
56a89407-38c7-03a2-e99c-b4b7dae6ee90,SO-2226,VED-1203,sai-ke,7,429.81,3008.67
bf0559d3-7d4e-d5a8-52f9-3363a03bcf02,SO-2226,SCH-1306,sai-ke,2,10275.18,20550.36
eadc58b8-2b3d-da87-33de-704b26bad254,SO-2227,CAN-1066,sai-ke,8,7551.67,60413.36
4019c442-5641-6846-6175-a2adcdab2616,SO-2227,DEL-1006,sai-ke,2,1297.41,2594.82
26036557-b679-1055-2fc4-8236efa63d98,SO-2227,MAP-1172,sai-ke,6,4145.52,24873.12
05a9e596-3d32-663d-9f8b-6f41163082d5,SO-2227,UHU-1128,sai-ke,2,4339.92,8679.84
f34dd9c4-f280-cd20-4793-14f960b4ed2d,SO-2227,HP-1084,sai-ke,6,5596.73,33580.38
d8c92f8b-ff5b-3a27-606f-0a4359b7059a,SO-2228,EAT-1276,sai-ke,2,4797.98,9595.96
1ac80bc9-6fa8-1d9a-b2dc-0711b08bc36f,SO-2228,SCH-1306,sai-ke,7,10275.18,71926.26
332cee14-5c21-3186-1a26-06f6267e4e50,SO-2228,BRO-1095,sai-ke,6,9967.75,59806.5
56e47dfd-24a3-e2cc-d467-28b453dc8b1f,SO-2229,OFF-1246,sai-ke,5,3471.19,17355.95
fe9bf2c1-e091-e65a-03a7-bf6475910a35,SO-2229,HP-1084,sai-ke,6,5596.73,33580.38
e3ac3417-7394-d994-f1bb-23e9c0cf6dc8,SO-2229,DEL-1006,sai-ke,4,1297.41,5189.64
b54f855d-8160-fc1f-285e-491be554de2e,SO-2230,OFF-1238,sai-ke,4,4510.66,18042.64
a3030173-b7e1-3d60-efcb-cad1d61599d8,SO-2230,UHU-1221,sai-ke,3,10364.08,31092.24
aaee3fc2-cbca-350b-7ff8-4ec10c6b8f18,SO-2230,SKO-1127,sai-ke,4,3410.6,13642.4
bf1b3fc2-e7d2-e3c8-ef76-88b2eccb3773,SO-2231,UHU-1221,sai-ke,1,10364.08,10364.08
638b6f6f-66fc-616f-8593-336ef74763df,SO-2231,CRA-1152,sai-ke,5,2164.24,10821.2
a94962b1-991e-d43b-b9cc-1328e0c58d74,SO-2231,CRA-1177,sai-ke,8,6380.62,51044.96
4708ac85-2aa0-2756-c09c-f54c0aa9b194,SO-2232,SKO-1138,sai-ke,7,1768.5,12379.5
23105b92-2f37-9db5-2e2f-7efabb04c15f,SO-2232,TRI-1298,sai-ke,8,4471.39,35771.12
3c7e7f18-af4a-1e55-4169-e86cfb11e004,SO-2232,OFF-1246,sai-ke,2,3471.19,6942.38
048a65d8-1126-e005-1161-0d7779c51068,SO-2232,CRA-1177,sai-ke,4,6380.62,25522.48
be64188d-55b8-e7a0-c42a-9360ca17add5,SO-2233,UHU-1128,sai-ke,5,4339.92,21699.6
703b73d7-9da3-7fb0-5e16-21243f5d5bff,SO-2233,SKO-1138,sai-ke,5,1768.5,8842.5
eba5960e-2d9a-18bc-8187-59953d0b13bf,SO-2233,UHU-1131,sai-ke,3,5698.04,17094.12
bd143267-211f-5a13-c110-40de5a66718f,SO-2233,OFP-A4-80,sai-ke,2,642.07,1284.14
dfd85234-2822-0f1a-8fe0-a4b3951c7b25,SO-2234,BRO-1095,sai-ke,1,9967.75,9967.75
c7c59250-ccd4-b2d4-0607-ee5ced0196ea,SO-2234,SKO-1171,sai-ke,7,9142.79,63999.53
81159cb6-4596-16c5-2b64-f4f79361a868,SO-2234,UHU-1221,sai-ke,2,10364.08,20728.16
c8746edc-b4dc-6669-b313-586beb807e05,SO-2235,MAP-1172,sai-ke,2,4145.52,8291.04
b5f51ee9-9912-771a-7c96-a57486805f4a,SO-2235,ORT-1210,sai-ke,3,1618.38,4855.14
fbf86cf4-4b53-9ec0-d59f-373d0493807b,SO-2235,DEL-1006,sai-ke,6,1297.41,7784.46
4e1fbc28-1216-b05f-dbcc-5c4aca29f8e6,SO-2235,D-L-1016,sai-ke,6,10063.68,60382.08
f2c3916d-76db-47b9-0a72-ecd4e099b5ed,SO-2235,UHU-1153,sai-ke,7,9260.33,64822.31
c2ec4a31-7651-0662-a62e-b9d91cd2aace,SO-2236,KAN-1143,sai-ke,3,9014.18,27042.54
435a50ab-16cd-3c30-d87b-1d82bcb42db0,SO-2236,DEL-1006,sai-ke,7,1297.41,9081.87
9082b78d-fbb0-54da-f5a8-d3613be612ff,SO-2236,UHU-1131,sai-ke,6,5698.04,34188.24
6495f48a-2f6c-fb02-6818-3fda52229c8a,SO-2237,OFF-1239,sai-ke,2,2049.13,4098.26
555d7a1f-5573-d488-a5f2-567b1cfb0b17,SO-2237,VED-1203,sai-ke,3,429.81,1289.43
b621910b-c725-e42c-df47-ee7cbae1a0a7,SO-2237,KAN-1143,sai-ke,6,9014.18,54085.08
04c195a4-61c8-7882-bed6-8fa4e9292152,SO-2237,HP-CF226A,sai-ke,8,8918.0,71344.0
9b077eb6-92aa-80f7-dcce-4643d3553ec6,SO-2237,OFP-A4-80,sai-ke,8,642.07,5136.56
d5dd1de4-7a2e-9ed1-65f7-c1c13f6644d1,SO-2238,OFF-1260,sai-ke,4,2631.34,10525.36
17ec494d-d117-55bb-e995-0d704ebb46b2,SO-2238,OFF-1230,sai-ke,3,4233.19,12699.57
6554fa31-5dc0-479d-2120-42a9c3642dda,SO-2238,SKO-1167,sai-ke,1,1613.88,1613.88
f14016c1-effe-a0a4-6731-70c7c322fc78,SO-2239,D-L-1013,sai-ke,2,8826.84,17653.68
10c25662-17ed-7431-1084-88015de6f764,SO-2239,OFF-1134,sai-ke,5,1807.77,9038.85
31ca1455-668a-b320-81d7-0374ffdf59de,SO-2239,OFF-1263,sai-ke,5,762.99,3814.95
76b2ec48-3192-7d06-9d5c-65a4369941e0,SO-2240,OFF-1134,sai-ke,2,1807.77,3615.54
05150033-489e-e2a8-30b8-444f5a6f2360,SO-2240,OFF-1242,sai-ke,5,6498.24,32491.2
74ff6e6d-8886-43b5-da60-3897475940b6,SO-2240,REX-1206,sai-ke,5,7855.36,39276.8
5cb57d33-3992-278e-27b1-e7dcb8077c8e,SO-2240,PRI-1133,sai-ke,5,4744.76,23723.8
70d19956-a957-71b9-fbf1-59411ca98ee5,SO-2241,LEN-1018,sai-ke,3,8958.03,26874.09
17b75a71-6b5e-b862-fe63-ef37a167a4c9,SO-2241,VED-1203,sai-ke,7,365.25,2556.75
acb8245d-faec-c4ca-a5ca-2942a8da01dc,SO-2241,OFF-1242,sai-ke,5,6498.24,32491.2
fc080ff8-0cdd-ee8f-b004-4ec87fac4275,SO-2241,CAN-1037,sai-ke,3,8209.54,24628.62
2985e6a8-6617-7f49-e1c8-6644cc280b44,SO-2241,FEL-1121,sai-ke,2,955.37,1910.74
f4d9cad2-d038-2f46-0d29-d4532af03e63,SO-2242,REX-1206,sai-ke,5,7855.36,39276.8
f208ee79-073b-b543-e97b-f1b1ee606ef4,SO-2242,PRI-1133,sai-ke,4,4744.76,18979.04
2c72d2bc-67d1-7905-c8e9-901928f3a6d4,SO-2242,BRO-1038,sai-ke,6,5160.93,30965.58
a1c2e43f-eaef-06d1-dad3-c99793bcc21f,SO-2242,OFF-1242,sai-ke,4,6498.24,25992.96
e89f816e-8909-cf5a-055c-01bbf2373f4a,SO-2242,OFF-1262,sai-ke,6,5039.99,30239.94
a6b2055e-0778-d55c-462e-4809f20852b2,SO-2243,DEL-1017,sai-ke,2,8135.7,16271.4
3ad55b55-345f-8554-558e-2cb628466fb1,SO-2243,UHU-1151,sai-ke,2,3869.74,7739.48
e4917d30-56bc-6659-b9f5-fd0f844707f3,SO-2243,REX-1206,sai-ke,3,7855.36,23566.08
a758659c-46ce-abde-59d9-2f58238409fb,SO-2243,D-L-1074,sai-ke,1,941.85,941.85
122dfc9c-624a-dbb7-f195-b0ccc1721fce,SO-2243,PRI-1133,sai-ke,3,4744.76,14234.28
fa8aea0c-7c88-4014-6f1e-41aa72c1f795,SO-2244,CAN-1037,sai-ke,5,8209.54,41047.7
086381cd-3729-867a-da4b-9a62f7ae1203,SO-2244,SKO-1167,sai-ke,8,1613.88,12911.04
39e5aba9-5e41-079d-bd70-dd9707d0334b,SO-2244,UHU-1151,sai-ke,6,3869.74,23218.44
0724aa23-002a-8df5-e9ba-0625bdf30962,SO-2245,D-L-1057,sai-ke,2,856.91,1713.82
29360ce3-a102-a127-4f9b-4af799719a5b,SO-2245,SKO-1167,sai-ke,7,1613.88,11297.16
b2239366-a4ce-b953-60a2-c7d3327d51bf,SO-2245,SCH-1306,sai-ke,6,9066.26,54397.56
f8b60f43-acf0-df37-fb80-a35db18126fc,SO-2245,PRI-1133,sai-ke,5,4744.76,23723.8
0617940c-061c-b4b6-30fa-6aae3c473ad4,SO-2246,D-L-1013,sai-ke,6,8826.84,52961.04
501c7e29-a292-22a7-bad1-ffaab6d72363,SO-2246,OFF-1263,sai-ke,5,762.99,3814.95
5eab111e-3b4c-7f27-84ec-f517554bf0bb,SO-2246,OFF-1230,sai-ke,3,4233.19,12699.57
ecfdda63-a992-0643-98e1-c02e718605e1,SO-2247,OFF-1134,sai-ke,1,1807.77,1807.77
68c52f94-f5fe-9438-f855-874f06f5dc19,SO-2247,ORT-1123,sai-ke,2,387.15,774.3
4c3f20e2-9942-245a-0f12-d02af6d7d6ad,SO-2247,REX-1206,sai-ke,7,7855.36,54987.52
ebb2ff55-7086-1d43-fd30-e1b786834fad,SO-2248,SKO-1167,sai-ke,1,1613.88,1613.88
a98ab672-729c-83ae-8212-d7d9ec202f46,SO-2248,D-L-1057,sai-ke,1,856.91,856.91
9e44bf5d-0cb4-2d65-3478-79908c9d113b,SO-2248,ORT-1123,sai-ke,5,387.15,1935.75
a3175db0-5227-605e-3ede-f4dd9f8cf8e4,SO-2248,D-L-1013,sai-ke,2,8826.84,17653.68
0ecf53fd-b0c6-4b2f-13fe-11bb51fba6f7,SO-2249,D-L-1013,sai-ke,2,8826.84,17653.68
1623da51-390c-c2cb-68cb-bd83650a3973,SO-2249,FEL-1121,sai-ke,4,955.37,3821.48
01e24b48-33ea-2016-a458-6814f60514d7,SO-2249,UHU-1151,sai-ke,6,3869.74,23218.44
bda6d14e-698b-36f1-8c30-58046a5ca4a1,SO-2250,TZ-2009,sai-tz,5,306.51,1532.55
bc3d72a5-74cf-f927-3709-315862d462d9,SO-2250,TZ-2000,sai-tz,7,1217.39,8521.73
17d248e1-8dfc-c11c-46cf-02efcae8d687,SO-2250,TZ-2007,sai-tz,6,8186.33,49117.98
d4ad902b-ce13-deb4-f5a0-3f55727c5487,SO-2250,TZ-2002,sai-tz,2,6574.49,13148.98
1a5d847e-c008-b6ba-e73a-0948d73d5a48,SO-2251,TZ-2004,sai-tz,2,370.74,741.48
23185239-0a19-a3bf-8f8b-6c94abd8ba11,SO-2251,TZ-2007,sai-tz,2,8186.33,16372.66
1728f0fb-b1d1-5852-02c0-02ea8e106048,SO-2251,TZ-2002,sai-tz,5,6574.49,32872.45
f9537be0-f04f-8e3c-3014-45185865b1f5,SO-2252,TZ-2010,sai-tz,7,697.92,4885.44
74632837-f307-c519-d272-3801ed889d26,SO-2252,TZ-2007,sai-tz,7,8186.33,57304.31
24aaff88-c1f4-daa0-bf11-8dd325766aaf,SO-2252,TZ-2006,sai-tz,4,1036.88,4147.52
40f0e18d-f012-ef6b-879f-aadc92057150,SO-2252,TZ-2003,sai-tz,8,10931.89,87455.12
5bf8ef2d-8f58-6e06-6ebe-cf4d2bb24939,SO-2253,TZ-2003,sai-tz,2,10931.89,21863.78
42e9c398-a34a-8be3-f8ae-a8144b43295f,SO-2253,TZ-2005,sai-tz,7,3137.86,21965.02
6692808d-c155-c0ee-a9ba-90bf6f622a78,SO-2253,TZ-2010,sai-tz,7,697.92,4885.44
ef760b60-4f09-efce-3373-e6e25ad4feb6,SO-2254,TZ-2001,sai-tz,6,5673.04,34038.24
d8778980-0602-bf31-e069-741b91c73365,SO-2254,TZ-2000,sai-tz,8,1217.39,9739.12
258da6cc-9f55-1ebc-7ca5-530a18c4883a,SO-2254,TZ-2002,sai-tz,8,6574.49,52595.92
e0c63ec8-dfa7-2345-2e77-3fce7d0be206,SO-2254,TZ-2008,sai-tz,3,717.52,2152.56
ac7ded03-8f70-4b66-489d-2e82cac05842,SO-2255,TZ-2009,sai-tz,7,306.51,2145.57
037000ff-a9f6-e308-7635-4995d2267142,SO-2255,TZ-2010,sai-tz,2,697.92,1395.84
686ae4b1-7e99-c751-7a31-da11eb157e97,SO-2255,TZ-2000,sai-tz,2,1217.39,2434.78
369a9370-696c-4e8b-8d6a-ab084dd9e8f7,SO-2256,TZ-2010,sai-tz,5,697.92,3489.6
de5513ab-9b98-e040-ada3-54379a16043a,SO-2256,TZ-2007,sai-tz,5,8186.33,40931.65
b740840c-c411-6602-9fa8-7139b606eff8,SO-2256,TZ-2006,sai-tz,7,1036.88,7258.16
360b8455-f3d8-f26a-882e-0519981e9b67,SO-2256,TZ-2001,sai-tz,7,5673.04,39711.28
8890cecb-424a-8b07-b81f-4755737e52be,SO-2257,TZ-2007,sai-tz,8,8186.33,65490.64
ffb6fd41-f33c-4c17-93a0-9c150d958c81,SO-2257,TZ-2010,sai-tz,3,697.92,2093.76
7c951c2c-2039-f8b4-e0a8-6531907f65fd,SO-2257,TZ-2008,sai-tz,5,717.52,3587.6
91532daf-c16b-af5e-2738-35dc7426d991,SO-2257,TZ-2001,sai-tz,7,5673.04,39711.28
25ef9a1d-f405-0f13-9332-aac453863a0d,SO-2257,TZ-2005,sai-tz,6,3137.86,18827.16
06c13578-bbf8-5d3f-6b9b-2f916099c7a0,SO-2258,TZ-2007,sai-tz,2,8186.33,16372.66
38951d17-20bb-acfd-6c98-bc47ab52c187,SO-2258,TZ-2002,sai-tz,6,6574.49,39446.94
60c1e314-db39-b1f7-ad9f-9aed256b7f44,SO-2258,TZ-2001,sai-tz,7,5673.04,39711.28
680d807e-59f7-2d33-5db6-cb589d1bae20,SO-2258,TZ-2011,sai-tz,4,689.1,2756.4
0f72d665-89f6-8241-8918-bed91e8af103,SO-2258,TZ-2004,sai-tz,2,370.74,741.48
4272d3c6-f526-9ca3-6365-63a7d6b94cd2,SO-2259,TZ-2006,sai-tz,5,1036.88,5184.4
5d3d703e-55c1-5793-0dbb-0fbe2ba274e0,SO-2259,TZ-2007,sai-tz,8,8186.33,65490.64
965f9dd8-bd09-7912-d121-952cb51231a0,SO-2259,TZ-2008,sai-tz,2,717.52,1435.04
94322c12-f1fb-e4a2-d09c-ca77aa7fd816,SO-2259,TZ-2010,sai-tz,4,697.92,2791.68
5d74699a-5de6-8d63-b173-0ee8f31a6739,SO-2260,TZ-2008,sai-tz,7,717.52,5022.64
f5588c25-7551-0fca-d4b3-a9807cab9d0e,SO-2260,TZ-2000,sai-tz,5,1217.39,6086.95
c9a431b7-48b7-33db-938f-e40eaaf4ab85,SO-2260,TZ-2004,sai-tz,3,370.74,1112.22
06b27313-46ad-43f4-508d-8fe8559d4878,SO-2260,TZ-2011,sai-tz,1,689.1,689.1
ed181561-dcba-80c4-8780-ecada3de13ba,SO-2261,TZ-2008,sai-tz,8,717.52,5740.16
592ab937-903b-6c83-3aa3-31b9b0902f5f,SO-2261,TZ-2007,sai-tz,4,8186.33,32745.32
20830c98-ccb8-32a5-d227-6763f7de3298,SO-2261,TZ-2002,sai-tz,5,6574.49,32872.45
d9e178ee-a590-87f4-d0bb-a40a86b0f254,SO-2261,TZ-2010,sai-tz,2,697.92,1395.84
f1977bb9-c907-cc82-2cd8-12b617f34022,SO-2261,TZ-2004,sai-tz,3,370.74,1112.22
131c3c22-2362-50d2-79f2-e194a460a8fc,SO-2262,PRI-1154,sai-ke,4,8122.85,32491.4
8c1b353d-224b-06c7-a7e8-7b4e7465e5ae,SO-2262,HP-1043,sai-ke,7,9451.14,66157.98
8441de28-d3f6-4e6c-c915-ebe5d67395d1,SO-2262,D-L-1039,sai-ke,3,9333.52,28000.56
ea0bea2f-b815-80d2-33dc-61190256b751,SO-2262,BRO-1089,sai-ke,8,548.41,4387.28
d07b4639-f408-41e6-445c-fc1d3a3a8331,SO-2263,EAT-1285,sai-ke,8,9247.93,73983.44
cd840a3f-9ef2-8564-e75c-269456b7f357,SO-2263,APC-1300,sai-ke,6,8058.53,48351.18
2f4d007a-6cbc-b278-b735-af82b5485389,SO-2263,FEL-1186,sai-ke,2,886.51,1773.02
edbe3301-f06b-a7ae-e152-111b66e231b0,SO-2264,HEL-1191,sai-ke,6,3369.08,20214.48
06ead14e-2134-eec7-5680-37d96615ec64,SO-2264,TRI-1299,sai-ke,2,5182.52,10365.04
46d77af5-4e99-7922-5765-54480003b1c9,SO-2264,APC-1311,sai-ke,6,6394.25,38365.5
0f1b9024-fc58-3bae-35e9-b1c21de8d6d9,SO-2264,HEL-1115,sai-ke,1,6845.8,6845.8
c8bdb02c-1a26-1efc-a697-083e21b90a3f,SO-2265,VED-1203,sai-ke,8,363.4,2907.2
461807ae-32e1-0dd0-28e9-a826fa5db131,SO-2265,FEL-1186,sai-ke,2,886.51,1773.02
47c4a3dc-7e44-401a-e80c-7bfe11fd1fe1,SO-2265,SKO-1138,sai-ke,1,1450.92,1450.92
197e136a-41f9-eb3b-2ea4-1715a18b9526,SO-2265,HP-1043,sai-ke,2,9451.14,18902.28
e37e1b74-3b2a-f7bd-9dbb-e030409ad9f7,SO-2265,EAT-1274,sai-ke,6,7231.03,43386.18
7fae67bc-033f-c2b0-e2d2-defd65b99af4,SO-2266,OFF-1253,sai-ke,5,4500.66,22503.3
7886c2ec-0519-0c9d-038e-ab67d604064e,SO-2266,TRI-1299,sai-ke,8,5182.52,41460.16
be4b62ed-de7c-992c-74e1-cf77485d4cf0,SO-2266,KAN-1161,sai-ke,2,580.34,1160.68
cba37a58-6205-67f3-fc78-7041cdc92bcd,SO-2266,HP-1043,sai-ke,5,9451.14,47255.7
75f99150-dd48-ccc5-9d3d-b1e8dcc55eeb,SO-2266,CAN-1044,sai-ke,3,1978.63,5935.89
de6dd480-0c35-23ee-5604-a788255b8fc5,SO-2267,HEL-1115,sai-ke,7,6845.8,47920.6
7875a01a-2a40-759a-0394-1d30d580b8dd,SO-2267,BRO-1052,sai-ke,1,7517.52,7517.52
6c54eb58-053c-612c-130a-ca0254eb9bde,SO-2267,APC-1296,sai-ke,1,9188.17,9188.17
62140740-be47-30b1-a483-09aaa733d357,SO-2268,FEL-1186,sai-ke,4,886.51,3546.04
48aa4814-5645-852b-8805-044f52bd34cb,SO-2268,APC-1300,sai-ke,4,8058.53,32234.12
fa053924-7867-0535-4fb3-5ab2880884b4,SO-2268,BRO-1052,sai-ke,1,7517.52,7517.52
24bab5f6-05d3-9296-bbd3-461ce4ef12a3,SO-2268,VED-1203,sai-ke,6,363.4,2180.4
b3d3d368-4b9e-6a16-5b5e-4a5d5a56d30f,SO-2269,SKO-1138,sai-ke,5,1450.92,7254.6
7a57bcf5-f106-ac33-8b00-336cfd03d0e1,SO-2269,APC-1300,sai-ke,7,8058.53,56409.71
6d7f2e69-9863-1145-cb14-99cee1bd4933,SO-2269,CAN-1044,sai-ke,7,1978.63,13850.41
7378c6cb-b1ad-db78-00af-befdd0aa51ca,SO-2269,SKO-1129,sai-ke,2,1939.77,3879.54
0b80738d-7f32-ed1a-9718-bf1e22ef32b5,SO-2269,OFF-1252,sai-ke,3,3675.06,11025.18
76f814b2-9489-3648-739d-5283399f279d,SO-2270,APC-1311,sai-ke,7,6394.25,44759.75
0963df28-add1-11cd-ec1e-74ac1712b385,SO-2270,OFF-1253,sai-ke,2,4500.66,9001.32
456fc5f8-ecfd-19f9-df8d-2035bf01bab3,SO-2270,PRI-1154,sai-ke,5,8122.85,40614.25
6e35fdfd-66ca-a80e-7d47-5a8cc8479314,SO-2270,BRO-1089,sai-ke,2,548.41,1096.82
3234bdea-b03e-382c-ab57-b970079fe0c8,SO-2271,HP-CF226A,sai-ke,5,7829.16,39145.8
99a2f228-4d24-087a-7151-3a6bd8eee69d,SO-2271,DEL-1054,sai-ke,6,9127.94,54767.64
a29d2944-edec-3041-5407-4880eeb9b8a3,SO-2271,HP-1028,sai-ke,3,8848.29,26544.87
a594022f-1946-ed36-b647-cd20e2d20523,SO-2271,EAT-1286,sai-ke,3,3515.9,10547.7
4f2861c6-6955-6364-2f68-503b466e418d,SO-2272,EAT-1274,sai-ke,8,7231.03,57848.24
082fbf49-aa22-0ad0-468f-741f75ee947e,SO-2272,APC-1311,sai-ke,5,6394.25,31971.25
32f04d96-f573-a610-703f-f8b531b29f07,SO-2272,APC-1300,sai-ke,2,8058.53,16117.06
de0fcb68-d803-d771-7d1c-b7a6c281f197,SO-2272,HEL-1191,sai-ke,2,3369.08,6738.16
04e0bf36-cdf7-f368-1389-cd84adde6b1f,SO-2273,HP-CF226A,sai-ke,7,7829.16,54804.12
47568ae6-c852-dc97-e6da-c244a770a97f,SO-2273,PRI-1154,sai-ke,4,8122.85,32491.4
a551c868-b3a8-09b7-68a1-55869ec58e54,SO-2273,EAT-1286,sai-ke,3,3515.9,10547.7
4d0f7693-96b2-5b7e-16b6-bee40c53bb71,SO-2273,APC-1311,sai-ke,8,6394.25,51154.0
f8909faa-1794-9131-a3f4-deb93c9d21e2,SO-2273,CAN-1044,sai-ke,4,1978.63,7914.52
6b9eedb6-6381-3e7a-c09d-abc3ffc9a84d,SO-2274,TZ-2002,sai-tz,4,6620.56,26482.24
33389cad-20bc-86bb-c694-7937f424025c,SO-2274,TZ-2011,sai-tz,2,670.33,1340.66
e1f680cb-c9e3-8cfe-3dc7-de6af14b1222,SO-2274,TZ-2000,sai-tz,2,1269.37,2538.74
c7808f5f-42d0-93e8-91e7-ef8566dfa965,SO-2274,TZ-2006,sai-tz,6,1026.85,6161.1
0848faa5-c6af-13fb-f5da-f50ed3385785,SO-2274,TZ-2001,sai-tz,8,5854.19,46833.52
0ba07e62-7a49-4535-ad33-a36b8d5054d7,SO-2275,TZ-2001,sai-tz,3,5854.19,17562.57
cf373196-0aa6-0240-3ba9-57b8327c4e7f,SO-2275,TZ-2010,sai-tz,8,698.16,5585.28
ee1afd67-54fa-502b-8ec5-b919156cdb2d,SO-2275,TZ-2007,sai-tz,2,8104.27,16208.54
cd5b666c-6ee2-3736-28db-76a69b84aba3,SO-2275,TZ-2008,sai-tz,4,713.86,2855.44
0d113cad-86aa-2395-b578-1284194c31cf,SO-2276,TZ-2007,sai-tz,2,8104.27,16208.54
a8415ea8-98a7-01d9-bb7d-f10f323c38a9,SO-2276,TZ-2002,sai-tz,3,6620.56,19861.68
e2442465-b40e-06b7-7d79-7175a2a0b5e4,SO-2276,TZ-2011,sai-tz,3,670.33,2010.99
fa20e3a4-94d1-9c3a-24c6-fbbcd2102f4c,SO-2277,TZ-2004,sai-tz,6,352.18,2113.08
2a94bc13-d6df-ca17-e887-b3237ff95706,SO-2277,TZ-2009,sai-tz,4,307.61,1230.44
9896bafc-35ae-9b3f-6bb2-77afeb89c29d,SO-2277,TZ-2010,sai-tz,3,698.16,2094.48
abe0bf98-dffb-763c-6277-9167303bee51,SO-2277,TZ-2006,sai-tz,5,1026.85,5134.25
2c56e467-3727-7806-eb4d-7d0edc535e16,SO-2278,TZ-2009,sai-tz,7,307.61,2153.27
e55ed4a8-9e47-da93-476c-63fe3c30eb1f,SO-2278,TZ-2011,sai-tz,4,670.33,2681.32
986d582a-8b47-16ae-acf0-04f86cfa51c4,SO-2278,TZ-2006,sai-tz,1,1026.85,1026.85
f3636b60-0efa-34ca-ea32-13f95dd7ac85,SO-2279,TZ-2001,sai-tz,6,5854.19,35125.14
caaffb02-f349-7d3e-aabe-217a0782fc22,SO-2279,TZ-2005,sai-tz,8,3260.64,26085.12
835735a8-ce82-9736-c555-70df9ab19f4d,SO-2279,TZ-2004,sai-tz,1,352.18,352.18
3e8cf92d-df4f-260f-c539-bbc7baef6c53,SO-2279,TZ-2003,sai-tz,8,11037.72,88301.76
65423ea9-5d67-8e17-cad3-9616bb56f9af,SO-2279,TZ-2006,sai-tz,2,1026.85,2053.7
d070b50d-773a-5540-9d5b-95d1c289ccae,SO-2280,TZ-2007,sai-tz,1,8104.27,8104.27
1067edaa-3e00-7e4c-afe1-6b7770a0a2f5,SO-2280,TZ-2010,sai-tz,6,698.16,4188.96
818c10f8-62ca-8218-2898-8162ae485af9,SO-2280,TZ-2011,sai-tz,2,670.33,1340.66
94937c94-3cb2-6383-eaae-fd9f9fdf7679,SO-2280,TZ-2006,sai-tz,2,1026.85,2053.7
4b1f0f08-1677-5e9b-2f75-e6505f45decf,SO-2281,TZ-2003,sai-tz,7,11037.72,77264.04
ab556885-2887-c19c-24e9-1bbd99faebac,SO-2281,TZ-2009,sai-tz,8,307.61,2460.88
660723d2-e914-10a6-da6e-58c1fbcd3338,SO-2281,TZ-2004,sai-tz,7,352.18,2465.26
97cf99a5-e97a-1292-91c4-2aa407361b08,SO-2282,TZ-2011,sai-tz,4,670.33,2681.32
c8ca6c18-28b8-ba78-bd13-f188b1083a0a,SO-2282,TZ-2002,sai-tz,4,6620.56,26482.24
e68c82c4-0a31-6449-a6fc-48ba6dd6ccbd,SO-2282,TZ-2008,sai-tz,2,713.86,1427.72
ebb5ecfa-6189-5c8b-aa6b-257d6b41b109,SO-2282,TZ-2009,sai-tz,3,307.61,922.83
527006ce-d875-8d60-09cb-db9105817ff7,SO-2283,TZ-2002,sai-tz,4,6620.56,26482.24
243ca969-1d02-4ffe-f302-c34b67e0c504,SO-2283,TZ-2004,sai-tz,3,352.18,1056.54
584fc7bd-35b4-d858-e2dc-331df060e645,SO-2283,TZ-2000,sai-tz,7,1269.37,8885.59
7afccd88-0943-793b-fff5-e6818d0c192f,SO-2283,TZ-2001,sai-tz,6,5854.19,35125.14
c9ae1ddc-6787-7832-2fe0-1799c4551c20,SO-2284,TZ-2005,sai-tz,1,3260.64,3260.64
4951a548-5258-a6ad-b67b-5c988d2adf96,SO-2284,TZ-2007,sai-tz,4,8104.27,32417.08
3916d60d-8000-2bb9-6622-c642b868bc4a,SO-2284,TZ-2008,sai-tz,5,713.86,3569.3
f307a45c-e83d-7a8a-0195-f285ad8afdb5,SO-2285,TZ-2008,sai-tz,5,713.86,3569.3
7219045c-8191-104e-15c8-18527f0fede9,SO-2285,TZ-2003,sai-tz,5,11037.72,55188.6
df37a9eb-f3b4-4cb7-eea3-421a14232090,SO-2285,TZ-2006,sai-tz,1,1026.85,1026.85
9b555261-586d-e7e9-eb1f-b624b812f5e8,SO-2285,TZ-2011,sai-tz,2,670.33,1340.66
d620ea14-f4a2-17f7-ab6e-d7448b9e41c9,SO-2285,TZ-2001,sai-tz,6,5854.19,35125.14
0bdb86c6-0fac-2c3a-1a7b-67b8476d0e0b,SO-2286,DEL-1096,sai-ke,2,2658.51,5317.02
e404bc04-8e16-5abd-a544-3e8f2591e572,SO-2286,MAP-1229,sai-ke,7,1611.62,11281.34
fe059030-fdf9-94df-69ae-1543c5fae02b,SO-2286,DEL-1021,sai-ke,6,3720.85,22325.1
50f856a2-6e8d-a48f-17f1-1af9b133109a,SO-2286,OFF-1164,sai-ke,6,4140.01,24840.06
475b7dd3-350e-9b10-6ddd-cce8aa17ebda,SO-2287,DEL-1021,sai-ke,3,3720.85,11162.55
78f38c3c-9bdb-1cc8-beb8-7adedc42cd9c,SO-2287,VED-1211,sai-ke,2,911.85,1823.7
bc97e2a0-3e05-ab5f-b26c-dcae5af64e3a,SO-2287,CAN-1037,sai-ke,2,8135.49,16270.98
aae05a97-a4f9-7a1c-85b7-4f69b1d5dde4,SO-2287,REX-1137,sai-ke,4,1680.83,6723.32
87316d18-db66-223e-f5b7-f81a68029760,SO-2288,EPS-1029,sai-ke,7,4457.09,31199.63
03d0231d-db94-e5cc-eddb-82df1774149c,SO-2288,OFF-1238,sai-ke,3,4058.43,12175.29
c1936696-75dd-5e41-305d-fe35b2a7b5d0,SO-2288,OFF-1164,sai-ke,7,4140.01,28980.07
988777e0-da4f-d998-465f-569889718b62,SO-2288,BRO-1086,sai-ke,8,3325.87,26606.96
1bfde1ee-614d-de6f-be90-f8676ee2becf,SO-2288,REX-1137,sai-ke,6,1680.83,10084.98
349ffbaa-3060-ed56-949e-76cddda04045,SO-2289,OFF-1247,sai-ke,3,3701.9,11105.7
96bd91f8-93d3-c686-b81e-bf115e3dbce4,SO-2289,TRI-1298,sai-ke,3,3745.1,11235.3
8ae2d4ee-3bf2-ccdb-63ae-898776db0521,SO-2289,UHU-1151,sai-ke,4,3951.3,15805.2
cd01f4c8-bd2a-e670-31a7-4e22710c9708,SO-2289,BLU-1293,sai-ke,4,6775.45,27101.8
e6f729b6-0e1a-3158-e18c-7c39d0155ae8,SO-2290,PRI-1157,sai-ke,4,4881.93,19527.72
cc8814ae-e2f4-a127-1059-6c378a796bd1,SO-2290,ORT-1205,sai-ke,4,1957.89,7831.56
cb82fde6-2ab7-aa6b-c798-d0d805c632b5,SO-2290,OFF-1164,sai-ke,2,4140.01,8280.02
89bb2ef0-6cdc-cf26-eef5-d9871ddb5d8e,SO-2290,BRO-1086,sai-ke,2,3325.87,6651.74
9d4fb2cc-a101-e44c-6651-055819577c7a,SO-2290,UHU-1119,sai-ke,3,1518.43,4555.29
60eabf2b-e2dd-f135-1a53-3a05e6ffb5b2,SO-2291,BLU-1293,sai-ke,8,6775.45,54203.6
580aa9ff-ba15-6d99-408b-3b57bc613045,SO-2291,HP-1108,sai-ke,3,7819.08,23457.24
53d5c8e8-6763-3952-9319-70ceb81f1962,SO-2291,UHU-1119,sai-ke,6,1518.43,9110.58
4a436335-afdf-7f24-907d-4361e331edc4,SO-2292,LEN-1065,sai-ke,5,8651.11,43255.55
9a3c5b19-d77d-37b5-deb0-2f66b94ca05f,SO-2292,MAP-1229,sai-ke,2,1611.62,3223.24
52fff707-6564-d393-9bdf-becb53311b26,SO-2292,LEN-1067,sai-ke,1,8759.64,8759.64
9b00654a-da82-7f5a-7dea-34f689517f0a,SO-2293,MAP-1229,sai-ke,3,1611.62,4834.86
cf70c037-f70d-9ff8-3ab3-2a29545e55e8,SO-2293,LEN-1065,sai-ke,8,8651.11,69208.88
3674f73f-8e12-560c-ca86-f8a57bf48a07,SO-2293,OFF-1164,sai-ke,6,4140.01,24840.06
bf536002-62ad-2a8f-5e2f-97a04e6b333f,SO-2294,DEL-1096,sai-ke,5,2658.51,13292.55
91312087-359f-924d-3af4-5abcecf8f2b3,SO-2294,UHU-1151,sai-ke,6,3951.3,23707.8
74395fce-53e8-eb1e-0e3d-2456cd25e291,SO-2294,OFF-1233,sai-ke,2,3858.86,7717.72
6f03e779-5529-1874-3a34-ad56a2492446,SO-2294,UHU-1119,sai-ke,2,1518.43,3036.86
be808029-b620-69d6-5742-bedd6ab2c9de,SO-2295,VED-1211,sai-ke,5,911.85,4559.25
09dfea3c-5436-9821-1008-9dc86c65bbe2,SO-2295,ORT-1113,sai-ke,4,6216.64,24866.56
f5eee174-97c1-27af-1234-448a54c52931,SO-2295,UHU-1119,sai-ke,6,1518.43,9110.58
a2618ff4-1d23-f21a-965b-84919d299de5,SO-2295,OFF-1257,sai-ke,6,8105.32,48631.92
e385aa67-ad5c-aa1a-5fcd-197a1f8acdbb,SO-2295,OFF-1262,sai-ke,1,5165.38,5165.38
99c37e9a-76dc-7083-defe-512a0abb5eea,SO-2296,TRI-1298,sai-ke,1,3745.1,3745.1
7cd3afc0-14b8-5a4a-d0b2-8badc1c96d6a,SO-2296,OFF-1233,sai-ke,1,3858.86,3858.86
8884658d-9ec1-1f48-2bc8-811a09624147,SO-2296,SKO-1129,sai-ke,6,1909.71,11458.26
529aba3c-308e-615b-ea52-b418339b845d,SO-2297,TZ-2010,sai-tz,5,645.06,3225.3
e4b71ca4-6ebd-e57c-1f03-e1b6d2e5837a,SO-2297,TZ-2002,sai-tz,2,6077.03,12154.06
04ea0705-625d-2d72-be5b-aeba6bfd6e87,SO-2297,TZ-2004,sai-tz,3,342.67,1028.01
eb8656fd-35e4-5958-d281-c09d9995d188,SO-2298,TZ-2004,sai-tz,4,342.67,1370.68
cded8286-2660-b0c5-6f11-7a5ae1fcb4b3,SO-2298,TZ-2009,sai-tz,5,280.84,1404.2
62fa20b3-d139-ae50-0366-0d390cd53260,SO-2298,TZ-2011,sai-tz,8,638.16,5105.28
e81542a0-5cef-6ada-3d1e-01f3ee4b8dea,SO-2298,TZ-2006,sai-tz,7,936.95,6558.65
dea853fa-2803-b61b-62f6-0878fc1d7d53,SO-2298,TZ-2008,sai-tz,5,653.02,3265.1
b6eee51a-7e25-5cb6-54a9-ce906deb5453,SO-2299,TZ-2007,sai-tz,1,7551.46,7551.46
ae0f6016-cb72-15f1-c3f3-8c5b2483b0d6,SO-2299,TZ-2000,sai-tz,2,1171.83,2343.66
0a4028a7-f002-ed7d-9827-f637d9545514,SO-2299,TZ-2004,sai-tz,1,342.67,342.67
6cec37ea-a1ca-8ed8-a4b9-0cd512429d04,SO-2299,TZ-2001,sai-tz,2,5403.67,10807.34
22e6a9c9-93e5-3aaf-eb6d-e05c9e0026c8,SO-2300,TZ-2011,sai-tz,1,638.16,638.16
4d9c1926-0dc1-6a39-ecea-07587c7f0b9c,SO-2300,TZ-2003,sai-tz,1,10415.58,10415.58
1a6a31eb-225a-e6eb-8eba-e21eabd39967,SO-2300,TZ-2004,sai-tz,2,342.67,685.34
9198e72a-dc43-5c3e-5a6a-3755e925cdff,SO-2300,TZ-2006,sai-tz,7,936.95,6558.65
d6e2e0cf-793a-bc18-1d1c-bcf58e152f7b,SO-2301,TZ-2008,sai-tz,6,653.02,3918.12
f609a4d7-63a8-6244-640e-ba1a7fef94ed,SO-2301,TZ-2010,sai-tz,5,645.06,3225.3
1b2e8ea8-b6a5-89d1-1247-13a95265f93a,SO-2301,TZ-2011,sai-tz,4,638.16,2552.64
ed0c8afa-5a7a-6f82-591d-d4a7f550ae75,SO-2302,TZ-2001,sai-tz,5,5403.67,27018.35
91948158-e84e-a02b-bf01-f3895cb1e6d0,SO-2302,TZ-2002,sai-tz,2,6077.03,12154.06
78f19828-da73-9dd9-6a2a-9c1663a1f302,SO-2302,TZ-2009,sai-tz,2,280.84,561.68
95315a9d-5f90-5aee-00ab-8431fd781103,SO-2302,TZ-2007,sai-tz,5,7551.46,37757.3
951f0a49-6c77-d315-200e-b31cdc37bf11,SO-2303,TZ-2008,sai-tz,8,653.02,5224.16
2e3db3e4-2ae2-948c-c36b-8d765ce2db00,SO-2303,TZ-2003,sai-tz,1,10415.58,10415.58
ba40b3a4-e0fe-0d2e-6245-acb3ebcefd7e,SO-2303,TZ-2002,sai-tz,6,6077.03,36462.18
e40f4100-e2f6-4450-e4b5-c5fb6d814e71,SO-2303,TZ-2010,sai-tz,3,645.06,1935.18
12a18b23-b740-cd26-785c-fe0409892d44,SO-2304,TZ-2008,sai-tz,8,653.02,5224.16
179e56c4-2c1e-0a4d-2faa-85f18e5c1d41,SO-2304,TZ-2002,sai-tz,7,6077.03,42539.21
41c4fe65-06b6-fae2-56be-d81f33d38347,SO-2304,TZ-2004,sai-tz,4,342.67,1370.68
cb789a18-5899-6abe-5694-7d37ef2053ec,SO-2304,TZ-2010,sai-tz,1,645.06,645.06
90ba8479-1b1c-8163-153b-b870a58396b7,SO-2305,TZ-2007,sai-tz,4,7551.46,30205.84
f0643236-58a9-8c11-186d-f0d2b414dc4f,SO-2305,TZ-2011,sai-tz,8,638.16,5105.28
3f2608e5-0df3-0e0e-9a1a-288210b9aea0,SO-2305,TZ-2001,sai-tz,8,5403.67,43229.36
1093a190-8412-c97e-2eba-5d41bbdbce61,SO-2305,TZ-2005,sai-tz,8,2879.06,23032.48
ed52a18c-cc6b-ea69-ec7c-274652683e16,SO-2305,TZ-2002,sai-tz,1,6077.03,6077.03
aad02aae-e1cd-48ff-a6ac-73ec7c989ac3,SO-2306,TZ-2007,sai-tz,5,7551.46,37757.3
690e7168-ca65-81cb-86f1-3db5c3b38885,SO-2306,TZ-2006,sai-tz,1,936.95,936.95
2368d5ae-9401-2e77-34e4-9f3fbd07d55f,SO-2306,TZ-2003,sai-tz,5,10415.58,52077.9
cc42bcf2-8edd-8ca5-6f07-ed3df0824430,SO-2306,TZ-2008,sai-tz,7,653.02,4571.14
7b12af85-4a00-2ef7-ace1-1329ffe650e6,SO-2306,TZ-2004,sai-tz,1,342.67,342.67
0e7161b7-d9da-f588-9afc-fb463ef92cb2,SO-2307,TZ-2002,sai-tz,3,6077.03,18231.09
f1479c56-472a-1325-5a25-458ddaedf3ab,SO-2307,TZ-2000,sai-tz,2,1171.83,2343.66
228a7bb2-ecc1-887f-7575-72c3a58cc095,SO-2307,TZ-2007,sai-tz,4,7551.46,30205.84
dc2d9d88-e03e-d07d-f250-c9b808408851,SO-2307,TZ-2004,sai-tz,7,342.67,2398.69
785b42e8-2aca-3a5e-a6e5-46619ada587f,SO-2308,TZ-2002,sai-tz,8,6077.03,48616.24
6f09eac3-b43d-5810-c667-ca1548b83a68,SO-2308,TZ-2000,sai-tz,2,1171.83,2343.66
8738f420-d2b2-d0c9-f675-7fa1466c5829,SO-2308,TZ-2010,sai-tz,7,645.06,4515.42
896908fa-30eb-64f1-c91e-b06a6eb6f592,SO-2309,BRO-1080,sai-ke,7,2522.31,17656.17
27288ea2-787f-e651-7caf-a8d598be0f68,SO-2309,OFF-1257,sai-ke,2,8023.87,16047.74
903e5e67-9660-97d6-192e-3d292d010068,SO-2309,PRI-1148,sai-ke,2,2227.69,4455.38
7fc13ce4-c596-7996-df2f-be32f2cabe82,SO-2309,OFF-1261,sai-ke,3,3592.84,10778.52
23b68396-26b8-86e6-0c1c-959ff4c23982,SO-2310,SKO-1179,sai-ke,6,5482.91,32897.46
b15b3b9e-6683-78ed-4391-37cd8433d57e,SO-2310,EPS-1045,sai-ke,4,8177.14,32708.56
1088a004-a32c-f4a7-7ec0-7e8122eb8432,SO-2310,SCH-1268,sai-ke,6,9786.93,58721.58
d05dfb92-5e7e-8a86-e3e3-f93bb6d9e594,SO-2310,PRI-1148,sai-ke,4,2227.69,8910.76
55433ba0-252e-dcbe-a9ba-4b026f9a7083,SO-2310,LEN-1071,sai-ke,7,3991.44,27940.08
9c7fce40-7174-3a39-a666-abec061739a9,SO-2311,LEN-1082,sai-ke,8,695.82,5566.56
28c4669e-d838-18ef-f8cf-5440365e23f2,SO-2311,EPS-1045,sai-ke,5,8177.14,40885.7
a128436a-0414-8318-217a-c1d2abf5fdd6,SO-2311,OFF-1252,sai-ke,8,3781.19,30249.52
58299710-6d32-d2a6-2f4e-785e716adb8d,SO-2311,BLU-1289,sai-ke,1,5364.48,5364.48
5bf55254-6984-b448-b86e-d054feb864da,SO-2312,FEL-1225,sai-ke,3,8384.87,25154.61
78510c50-2e73-7ee2-6c8b-4a366d23deb1,SO-2312,D-L-1016,sai-ke,5,8432.9,42164.5
617edb54-0730-ba48-02c3-6c2d033f1e72,SO-2312,OFF-1264,sai-ke,8,8552.68,68421.44
4cee561f-09fb-6af6-0c9d-dbc88c5695ae,SO-2312,EPS-1045,sai-ke,4,8177.14,32708.56
5fcc6935-4b29-e52e-a1cc-eb7fa0333ba0,SO-2313,OFF-1251,sai-ke,6,5053.9,30323.4
f0b02803-2e4e-2245-3adc-2e7aa16831d3,SO-2313,CAN-1022,sai-ke,3,3552.14,10656.42
ea22bc00-7134-4427-02aa-0daf03a06c9c,SO-2313,TRI-1280,sai-ke,7,1346.55,9425.85
ec1c16ef-fd32-33eb-2704-1118090c52df,SO-2313,LEN-1071,sai-ke,4,3991.44,15965.76
b38484a4-1d46-594f-0aa5-b8b45a0663a1,SO-2313,OFF-1261,sai-ke,8,3592.84,28742.72
722cd77a-b6d6-0ddb-6c68-9c4e2e64c14d,SO-2314,HP-1068,sai-ke,7,754.73,5283.11
b607386c-023a-1f63-f440-be1b1bfec9a8,SO-2314,OFF-1261,sai-ke,8,3592.84,28742.72
c98b3aba-5c68-8a36-8db3-2a91bdf5ef68,SO-2314,APC-1303,sai-ke,3,650.94,1952.82
8c1f21f4-10ba-8c68-b038-9a420aa6aa2e,SO-2315,BRO-1086,sai-ke,8,3298.47,26387.76
851f9980-1b41-a0b6-9b99-79f9c8451c47,SO-2315,CAN-1022,sai-ke,7,3552.14,24864.98
2debf975-3b3d-3570-ca67-35c9978f9e72,SO-2315,LEN-1082,sai-ke,7,695.82,4870.74
24dc38c2-1e26-4ce1-297c-0ba7ed3eb0e9,SO-2315,BRO-1033,sai-ke,3,1834.21,5502.63
a6c47592-be4b-3e21-d272-16030869aa95,SO-2315,UHU-1131,sai-ke,7,4930.14,34510.98
6709bb81-93f6-e464-5b8c-79c0c43fba0a,SO-2316,SKO-1179,sai-ke,5,5482.91,27414.55
2e0e3c0f-6f6a-7d1b-191e-485296b7bafb,SO-2316,SCH-1268,sai-ke,7,9786.93,68508.51
ba541ebf-c640-9b59-0c5f-411d7d845da7,SO-2316,OFF-1251,sai-ke,4,5053.9,20215.6
d0203acb-ea87-8185-69a9-1c39de444dee,SO-2317,HP-1068,sai-ke,3,754.73,2264.19
df4fc6bc-7950-79b3-6b0b-7ee45bf5c1bd,SO-2317,APC-1311,sai-ke,5,6076.92,30384.6
c06d111c-4758-9ef6-436b-978f5542c5cb,SO-2317,CAN-1048,sai-ke,3,7891.94,23675.82
1c55d0cf-dd7b-33f4-3930-c9ccbac3a7d3,SO-2318,LEN-1071,sai-ke,7,3991.44,27940.08
38eddfb5-63d5-5a6e-76b7-e920182d49df,SO-2318,APC-1303,sai-ke,3,650.94,1952.82
8b994b6a-1511-b12d-518c-7f8a6271fb00,SO-2318,EPS-1094,sai-ke,8,5989.17,47913.36
ee71b8ae-700f-ae3c-ca7e-8f2f274b3286,SO-2319,BLU-1289,sai-ke,6,5364.48,32186.88
0b85b458-5db5-ae5a-8be4-61ffe95c2d9c,SO-2319,OFF-1251,sai-ke,7,5053.9,35377.3
12179bfa-2e51-ee62-8df7-92220f39da52,SO-2319,OFF-1252,sai-ke,4,3781.19,15124.76
8f7851b9-5c13-a6f1-5ce3-31e1a6694d46,SO-2319,OFF-1247,sai-ke,1,3733.14,3733.14
355d8e53-e569-55cc-1322-4094f0c5b713,SO-2320,CAN-1022,sai-ke,5,3552.14,17760.7
2c356a17-5d21-07b2-87a5-c404b9b880bb,SO-2320,UHU-1131,sai-ke,4,4930.14,19720.56
4cb46a46-97ac-51a0-870f-a717408d5889,SO-2320,BRO-1009,sai-ke,5,7188.48,35942.4
83eb596a-7e5b-cb27-28a5-7b91afb444d2,SO-2321,KAN-1207,sai-ke,7,4118.86,28832.02
33052d10-b3aa-019d-6add-bb5fb6d0f982,SO-2321,CRA-1142,sai-ke,3,9549.04,28647.12
f22e4aaa-2a84-0408-002f-ae8a99ac2ac5,SO-2321,SKO-1179,sai-ke,7,5918.01,41426.07
f0994b41-be58-f9be-7f73-c935344f316c,SO-2321,BLU-1304,sai-ke,1,1371.64,1371.64
c4f7301a-1f96-783c-e4a4-49e05aa00a37,SO-2322,OFF-1244,sai-ke,1,439.0,439.0
41eb2880-2dfc-4452-316d-f84718c0aa3b,SO-2322,OFF-1234,sai-ke,8,5088.91,40711.28
7687dfca-60ed-a979-9459-7cbfa26b7547,SO-2322,CRA-1142,sai-ke,6,9549.04,57294.24
803576a6-00bc-885b-1d2d-c1324e1f6715,SO-2322,TRI-1282,sai-ke,3,3768.23,11304.69
f6299023-8412-836d-bb0a-e7fff8c4a7e9,SO-2322,HP-1092,sai-ke,5,5306.36,26531.8
37715891-cfad-3884-28fa-5844ee8560c1,SO-2323,OFF-1267,sai-ke,2,8728.49,17456.98
8b9ebf9d-d82b-716a-5179-84b2b0f29683,SO-2323,MAP-1229,sai-ke,1,1725.48,1725.48
cc2adb2f-b779-e908-a240-c01513bcb7f7,SO-2323,APC-1307,sai-ke,2,4852.97,9705.94
5a02a980-22c3-b8a4-9b8c-ce4ab73731d2,SO-2323,HEL-1173,sai-ke,8,7522.7,60181.6
83a71760-5d59-7167-bd3a-ddd3a325a24b,SO-2324,HP-CF226A,sai-ke,7,8393.35,58753.45
89b173cd-f929-2016-7ff1-af3328db3607,SO-2324,HEL-1173,sai-ke,3,7522.7,22568.1
b73df485-cf67-e49c-290b-91ff431081d2,SO-2324,D-L-1026,sai-ke,5,5086.23,25431.15
526ac15a-92a6-5017-2b49-6c5a33f3e20a,SO-2324,SKO-1179,sai-ke,6,5918.01,35508.06
eb7fbc5e-40d8-3897-b4e0-9ce5522bbf03,SO-2325,D-L-1013,sai-ke,3,9481.12,28443.36
55006a47-f1ee-7dce-bfec-15ecea6e3c06,SO-2325,LEN-1034,sai-ke,1,5552.61,5552.61
b378193f-25f2-ba28-9bda-0fdacff46458,SO-2325,CAN-1078,sai-ke,4,6180.99,24723.96
f6f016c3-02df-1635-a7ef-de8d7ef4efb8,SO-2325,CAN-1008,sai-ke,6,840.93,5045.58
8b9ce422-7221-c1e0-c8bd-5790730e2c0a,SO-2325,LEN-1015,sai-ke,8,8042.3,64338.4
981ee715-bf15-19c3-154d-55d6f3ace73b,SO-2326,HP-1092,sai-ke,7,5306.36,37144.52
9027dc22-e7d5-978f-c287-b7d675d26c14,SO-2326,OFF-1267,sai-ke,5,8728.49,43642.45
3127d833-e76a-a675-edf9-c6211eaad967,SO-2326,LEN-1035,sai-ke,7,1956.5,13695.5
42a5198f-2100-b135-be03-7488ba332174,SO-2326,OFF-1253,sai-ke,2,5002.01,10004.02
7c7f3136-e355-1529-b5e0-ce411d9c8dfc,SO-2327,TRI-1272,sai-ke,8,8718.54,69748.32
52d532f8-49d0-a7a1-6a0c-4add29218b3b,SO-2327,HEL-1126,sai-ke,8,10115.06,80920.48
b8f97fb6-98af-0059-239b-c8746fb73028,SO-2327,HP-1068,sai-ke,4,785.04,3140.16
05587863-eddb-67bd-9102-e5d85283f706,SO-2327,HP-1092,sai-ke,1,5306.36,5306.36
44a23c92-0436-6775-d748-58bf1593e404,SO-2327,ORT-1210,sai-ke,1,1574.98,1574.98
451eb2a0-f858-8e8a-5853-ec197c0ef953,SO-2328,D-L-1026,sai-ke,7,5086.23,35603.61
e9aeafbd-77b5-bf33-9729-934cee4fec71,SO-2328,HEL-1126,sai-ke,5,10115.06,50575.3
90f4a243-b120-1107-a8ef-0a0af85a8886,SO-2328,BLU-1305,sai-ke,4,4481.82,17927.28
56916379-0335-9f2c-6686-2e227c02a6aa,SO-2328,LEN-1034,sai-ke,1,5552.61,5552.61
8b3d5226-3237-273a-bf96-d3141a166b1e,SO-2329,OFF-1267,sai-ke,5,8728.49,43642.45
999a2f83-55b3-2bc3-b90c-cc0eb2914ac0,SO-2329,OFF-1234,sai-ke,1,5088.91,5088.91
6cc30ca2-6fd2-8298-a793-3870a6493c29,SO-2329,ORT-1210,sai-ke,2,1574.98,3149.96
3f134fb1-0f93-6b7a-e793-5fc9f7628b0e,SO-2330,SKO-1179,sai-ke,2,5918.01,11836.02
5111ccea-9d3e-95cb-9aab-dc672dc4af70,SO-2330,CAN-1008,sai-ke,6,840.93,5045.58
d4bc6e64-bd64-f2a7-a052-2ad99fd3c0dd,SO-2330,OFF-1208,sai-ke,1,4406.18,4406.18
6121a6a5-a194-9ce1-34c9-e14862b7ccfc,SO-2331,PRI-1226,sai-ke,5,3610.16,18050.8
8817a4b0-3d01-63b7-dd61-f8437920ed5f,SO-2331,TRI-1282,sai-ke,2,3768.23,7536.46
493dd998-9380-cb60-b26d-a2d8b240eefd,SO-2331,CRA-1142,sai-ke,1,9549.04,9549.04
23b1481c-c76f-370e-f1b0-89ff01d0d1a2,SO-2332,D-L-1026,sai-ke,6,5086.23,30517.38
1c8b0aad-bf12-47e5-bc76-5846e370c50f,SO-2332,LEN-1034,sai-ke,8,5552.61,44420.88
fda1cdc6-8128-596a-3065-563a907d703e,SO-2332,KAN-1207,sai-ke,2,4118.86,8237.72
2e40a497-d969-f606-b791-35da6ff63027,SO-2333,KAN-1143,sai-ke,5,8768.73,43843.65
4885a1a3-3829-56f8-06a8-8bf583973650,SO-2333,VED-1203,sai-ke,4,429.99,1719.96
229d63b4-fa24-f591-09fb-af8679bf9741,SO-2333,EPS-1102,sai-ke,5,1946.08,9730.4
ce52a39c-4b95-f77a-6b00-6a38547b9d25,SO-2333,VED-1200,sai-ke,4,7868.86,31475.44
90618b1d-b55d-4b2c-fa28-f7590b560a8e,SO-2333,VED-1117,sai-ke,1,3631.22,3631.22
295943da-ff2a-9f87-0b84-8b8c9c4d7008,SO-2334,MAP-1147,sai-ke,6,2128.86,12773.16
318c6f0f-f74d-1818-41a1-4bafe3cfff40,SO-2334,BRO-1052,sai-ke,5,8846.93,44234.65
63fe7b34-dcb3-d3a0-54fa-c91f8c3fa8b1,SO-2334,CAN-1083,sai-ke,6,8689.5,52137.0
85a98348-ec79-0e4e-6560-60da2ccbac10,SO-2334,OFF-1231,sai-ke,6,8454.98,50729.88
156bb7dc-e2be-b5b9-b3fb-11a66d31dd57,SO-2335,CRA-1142,sai-ke,4,10246.6,40986.4
e7b68c72-2b95-e940-a3c7-a3877a1a404b,SO-2335,OFF-1248,sai-ke,8,5340.07,42720.56
da67fc11-7d51-ae07-6a58-719f415280f1,SO-2335,OFF-1233,sai-ke,1,4753.55,4753.55
334128ee-3951-1a76-4dd3-1dd40c356620,SO-2336,FEL-1182,sai-ke,2,11195.73,22391.46
779df3a1-572b-261a-ea03-cee64e79302a,SO-2336,VED-1203,sai-ke,7,429.99,3009.93
2d9f7be7-faaf-67ea-d6b3-d842c8af5563,SO-2336,MAP-1147,sai-ke,1,2128.86,2128.86
ef7dc380-6da7-98ec-338a-f87aff712b59,SO-2336,KAN-1218,sai-ke,1,2978.82,2978.82
0c2f932a-bc8c-688d-0ef1-b24ab2761478,SO-2336,DEL-1025,sai-ke,1,6084.58,6084.58
c79cde3a-d168-fd09-f94b-eb753705f20e,SO-2337,CAN-1037,sai-ke,6,9546.29,57277.74
637e632b-f751-ad2b-c8cc-afe1b800b6f1,SO-2337,KAN-1218,sai-ke,6,2978.82,17872.92
776c48e7-4b37-4b89-41cb-2ba2dad5a208,SO-2337,VED-1117,sai-ke,4,3631.22,14524.88
9464a16e-8fd4-5cd1-f056-7cb671d1d9ab,SO-2337,OFF-1231,sai-ke,6,8454.98,50729.88
9b9e72e5-a12c-b34c-bc72-d42dffe7e5eb,SO-2337,VED-1200,sai-ke,5,7868.86,39344.3
09f41070-3384-dd49-96e6-a403b93bbeb6,SO-2338,PRI-1148,sai-ke,8,2614.27,20914.16
b3654467-2faf-aefa-1b05-4558acf06cc2,SO-2338,OFF-1231,sai-ke,7,8454.98,59184.86
88b3bacd-d583-9e08-40d2-19e60b4be783,SO-2338,PRI-1120,sai-ke,1,6701.39,6701.39
71b56bb3-c96f-b99f-fb67-b6c69228a4f5,SO-2338,CRA-1142,sai-ke,8,10246.6,81972.8
f9409869-4c56-ec57-ab6e-084b3234b7dc,SO-2338,BLU-1301,sai-ke,8,2208.31,17666.48
4d649d72-56e8-1317-1ee9-400b737e0acf,SO-2339,D-L-1026,sai-ke,5,5466.71,27333.55
7bbb8069-6f93-c256-9164-2491d9fa8618,SO-2339,CAN-1037,sai-ke,1,9546.29,9546.29
9fcee0cb-1551-1c7b-9bdb-d180af87b07a,SO-2339,BRO-1079,sai-ke,4,6602.34,26409.36
c72c4d66-d20e-b503-3bb5-1a1335e3916a,SO-2340,BLU-1301,sai-ke,6,2208.31,13249.86
afd80d49-d3b9-7cc4-cb1e-c645a501ac80,SO-2340,MAP-1147,sai-ke,6,2128.86,12773.16
e6c9617c-4170-bd20-4035-9eb8460d110f,SO-2340,CAN-1083,sai-ke,1,8689.5,8689.5
2f861735-be16-f0f0-d324-eb653969e63c,SO-2340,LEN-1088,sai-ke,7,8354.39,58480.73
d3217f08-0374-4364-a956-c198d0b0b1fd,SO-2341,KAN-1143,sai-ke,1,8768.73,8768.73
f3110b47-dea6-5d1b-5cae-df45c5cbc920,SO-2341,EAT-1291,sai-ke,3,11137.07,33411.21
0ec3e35b-cd42-5d97-f742-df10a97bbda2,SO-2341,EPS-1102,sai-ke,3,1946.08,5838.24
a3b25ddc-983a-08dd-e19e-615de0245bdc,SO-2342,OFF-1233,sai-ke,3,4753.55,14260.65
3bfdb8ca-97a7-2143-c23f-17fb0ce63ac9,SO-2342,LEN-1067,sai-ke,1,10741.77,10741.77
08c77700-9c8d-46aa-bb9e-957e7cdafd45,SO-2342,MAP-1229,sai-ke,7,1793.84,12556.88
837b287a-ed27-5d51-4196-639eb7c22325,SO-2342,APC-1300,sai-ke,6,8984.73,53908.38
474332fd-645b-359c-5975-c10b12d14c03,SO-2342,VED-1200,sai-ke,7,7868.86,55082.02
ac7c5780-b9a7-8c03-95e6-e419fb83e3e4,SO-2343,KAN-1184,sai-ke,3,7147.21,21441.63
0df04c72-d025-79db-d4f1-438b7492985a,SO-2343,EPS-1102,sai-ke,8,1946.08,15568.64
9fa88d7b-1713-659c-5a51-a3bc80aef264,SO-2343,EAT-1291,sai-ke,3,11137.07,33411.21
cf4f7561-b6dd-7ab6-6ede-6240885e7b59,SO-2343,PRI-1148,sai-ke,5,2614.27,13071.35
f129552b-495a-c10b-3a20-b8751bb9e848,SO-2344,EAT-1291,sai-ke,4,11137.07,44548.28
7eb9bdcf-b31e-b9c6-d4d5-37cc410708a1,SO-2344,PRI-1154,sai-ke,7,9997.86,69985.02
72bacd00-6d4e-f6a7-bf28-55c958f29190,SO-2344,DEL-1025,sai-ke,4,6084.58,24338.32
dbaa284b-cdba-c5a8-dcb2-628cc5c5816b,SO-2344,LEN-1088,sai-ke,4,8354.39,33417.56
0ae3725c-9810-a2ef-8801-59540957be57,SO-2345,TZ-2009,sai-tz,1,295.77,295.77
08ab5b09-d7a8-afeb-f338-4932d8727127,SO-2345,TZ-2003,sai-tz,8,10737.28,85898.24
77a3a565-b989-d5df-c8e9-863223170dd2,SO-2345,TZ-2007,sai-tz,3,8360.17,25080.51
19ea26e8-2c43-68bc-1f89-9d4a168b6f3b,SO-2345,TZ-2004,sai-tz,1,365.71,365.71
f6870213-a014-3c27-9425-aa0e1674cdc4,SO-2346,TZ-2003,sai-tz,1,10737.28,10737.28
8f4edffe-c013-3cc4-ce54-25282c4e5f26,SO-2346,TZ-2008,sai-tz,2,705.62,1411.24
fc106e36-bd98-2a15-9ad1-bbfe81ee1f18,SO-2346,TZ-2006,sai-tz,7,1043.62,7305.34
0e9c68f7-07f9-35d6-45a0-e501ee4419fd,SO-2346,TZ-2002,sai-tz,7,6512.96,45590.72
eeeb90b0-f8bb-1387-bc27-cbe29610ae62,SO-2346,TZ-2000,sai-tz,7,1249.61,8747.27
f578e6b7-1cf6-0271-ca74-67da66931de1,SO-2347,TZ-2000,sai-tz,4,1249.61,4998.44
52da9bf8-ce7b-95d4-6b5b-15f3cc203836,SO-2347,TZ-2003,sai-tz,3,10737.28,32211.84
f5dd6e96-38c0-1ad7-0927-a0724b31c46f,SO-2347,TZ-2005,sai-tz,6,3211.92,19271.52
78c454cc-c383-a21e-1fdf-4b2c0a3baa96,SO-2347,TZ-2011,sai-tz,6,660.84,3965.04
0f43589f-3e82-a1fa-c755-ca42ad50a323,SO-2348,TZ-2009,sai-tz,1,295.77,295.77
183638e0-e216-aed3-7a52-85a33fc7cc9d,SO-2348,TZ-2006,sai-tz,8,1043.62,8348.96
4eb63b79-d3cc-7cf5-9e6d-f05f62d85141,SO-2348,TZ-2003,sai-tz,6,10737.28,64423.68
023d2e8f-33df-68f8-5bab-61c2b1566ff6,SO-2348,TZ-2004,sai-tz,8,365.71,2925.68
926c3fa5-e4fe-04fa-49ed-474f317d7d9c,SO-2349,TZ-2005,sai-tz,5,3211.92,16059.6
d3ad87ec-3f9a-ab00-1bdf-26bad01113a0,SO-2349,TZ-2001,sai-tz,2,5772.98,11545.96
42cbf295-322e-453c-9cfc-c6c6e0d66b85,SO-2349,TZ-2010,sai-tz,5,673.95,3369.75
f33e6d96-569e-0ea3-12dc-a53ecd32e656,SO-2349,TZ-2002,sai-tz,7,6512.96,45590.72
c18f28c7-4a3c-dabc-67f1-971a8899525d,SO-2350,TZ-2005,sai-tz,7,3211.92,22483.44
fe8efb90-2b9e-41b6-fef9-fdcc131ae9e8,SO-2350,TZ-2006,sai-tz,1,1043.62,1043.62
361524d5-632b-b860-e96d-d4b6e4d6a0a4,SO-2350,TZ-2008,sai-tz,4,705.62,2822.48
7fe712a1-eba3-0770-d231-511f5cc9df03,SO-2351,TZ-2011,sai-tz,5,660.84,3304.2
290d05a4-3536-aeae-9038-d498e8b09fde,SO-2351,TZ-2009,sai-tz,2,295.77,591.54
21dffc9e-c2fa-0dd1-f2d0-006b23f5e316,SO-2351,TZ-2000,sai-tz,4,1249.61,4998.44
6767878b-c703-adec-740d-397fa31273bc,SO-2351,TZ-2007,sai-tz,4,8360.17,33440.68
d57be4e5-d677-7f0e-a202-1735677a4a9e,SO-2351,TZ-2003,sai-tz,7,10737.28,75160.96
0236068e-461d-244b-6833-2bbe2215d726,SO-2352,TZ-2003,sai-tz,2,10737.28,21474.56
e9bd63c9-8185-599c-ad6d-4beb30d9029f,SO-2352,TZ-2000,sai-tz,8,1249.61,9996.88
2f29ae83-857f-3230-00fa-0b28e6dca783,SO-2352,TZ-2005,sai-tz,5,3211.92,16059.6
e238d816-b928-db30-2f92-52696e5d8002,SO-2353,TZ-2000,sai-tz,2,1249.61,2499.22
2ea41d28-0979-552d-8e55-5f5cecd1bd6c,SO-2353,TZ-2005,sai-tz,5,3211.92,16059.6
55d63dab-d128-0902-ec81-ce770a64da4f,SO-2353,TZ-2002,sai-tz,6,6512.96,39077.76
d201cea2-535b-8b0f-ff9c-8105c0910ca7,SO-2353,TZ-2003,sai-tz,2,10737.28,21474.56
c25f5a27-c743-aff0-0971-25fb011a8c80,SO-2354,TZ-2009,sai-tz,2,295.77,591.54
c4eb1e3b-92d9-b785-4cff-d2f205f79b27,SO-2354,TZ-2010,sai-tz,7,673.95,4717.65
1c40bbc7-faac-558a-09fe-03755152b789,SO-2354,TZ-2003,sai-tz,3,10737.28,32211.84
c6fc96e8-d4c9-6e56-c241-a187c1627a10,SO-2354,TZ-2005,sai-tz,3,3211.92,9635.76
979b5293-fc32-53e0-f9ae-bed280ecc010,SO-2355,TZ-2004,sai-tz,4,365.71,1462.84
981176ef-bcb4-6c51-25bd-72623f12d6ff,SO-2355,TZ-2007,sai-tz,7,8360.17,58521.19
7962b98c-cb04-b04b-ccc3-261f7fb762db,SO-2355,TZ-2002,sai-tz,1,6512.96,6512.96
7b8e8d87-b41c-aa96-7c9d-5cc9639dc8ad,SO-2356,TZ-2009,sai-tz,6,295.77,1774.62
b3c8d722-e555-db88-a260-fe713d1b94d0,SO-2356,TZ-2005,sai-tz,5,3211.92,16059.6
a22ff9e3-874c-97c8-1510-3b8b075b6916,SO-2356,TZ-2003,sai-tz,4,10737.28,42949.12
5d8d8e1d-7705-5a8d-4a13-2cb232e32a2c,SO-2356,TZ-2002,sai-tz,8,6512.96,52103.68
8b0c0912-fdc8-6c5c-c149-4b09aa69a53c,SO-2357,CAN-1066,sai-ke,2,7023.4,14046.8
2d93f9e9-059b-df14-66c3-ba38578f0a1c,SO-2357,ORT-1113,sai-ke,2,6811.5,13623.0
00e19b61-b68d-eff4-d65a-f27dfc3eaac7,SO-2357,BRO-1095,sai-ke,7,9518.34,66628.38
d1870017-5e3d-936a-5a41-93d1dca7e727,SO-2357,TRI-1290,sai-ke,3,4291.44,12874.32
172fa7b0-a42a-d31a-5138-35f14083050e,SO-2358,BRO-1095,sai-ke,8,9518.34,76146.72
754927b9-f02b-b4ac-031d-8cb7822a06c8,SO-2358,TRI-1290,sai-ke,8,4291.44,34331.52
5ccea2c9-0545-58dd-5b00-7afdf686df7d,SO-2358,TRI-1297,sai-ke,6,4922.99,29537.94
00f12c53-4bb0-a8d0-157b-96b6f67646c7,SO-2358,OFF-1239,sai-ke,3,1832.23,5496.69
719b5cd4-75d8-69c6-c278-3d953653a5b1,SO-2359,OFF-1230,sai-ke,8,4720.15,37761.2
74b6b4b8-6303-b68c-148c-ea7dac9f531f,SO-2359,CAN-1066,sai-ke,1,7023.4,7023.4
256ecd28-d47c-7b8d-db32-b8c968a690a7,SO-2359,ORT-1210,sai-ke,8,1589.7,12717.6
e8584e0b-1ecc-b482-7549-152a33e2eea1,SO-2359,DEL-1021,sai-ke,7,4021.89,28153.23
e8df7c51-ccaf-5f7a-2643-a225791b5950,SO-2360,PRI-1202,sai-ke,2,6446.58,12893.16
cfe870eb-f134-7b25-a354-edf4d58881d3,SO-2360,SCH-1306,sai-ke,6,9318.36,55910.16
d7635009-5f12-726f-4318-be071b9f5e09,SO-2360,LEN-1034,sai-ke,2,5474.71,10949.42
d35ce792-b485-4c9f-35b2-a9f8aefa422d,SO-2360,HP-CF226A,sai-ke,8,8423.31,67386.48
ca060066-388e-71c7-321e-94d802104a02,SO-2360,CAN-1066,sai-ke,3,7023.4,21070.2
60628ad1-1ee5-8a86-3a04-6584d310f1d1,SO-2361,OFF-1239,sai-ke,1,1832.23,1832.23
13ba20e2-6cbe-a48a-8249-9332badf75a8,SO-2361,HP-CF226A,sai-ke,3,8423.31,25269.93
73f7c4ec-a1d7-b6d0-705c-03d0e9fce8b2,SO-2361,ORT-1210,sai-ke,4,1589.7,6358.8
cabdff43-a0b5-389f-05f0-b208e9f36b70,SO-2361,SKO-1138,sai-ke,5,1561.98,7809.9
583a3ae0-b5b5-8a07-a2a2-32f2b69b99cc,SO-2362,D-L-1076,sai-ke,8,9515.92,76127.36
f925824f-83d5-45aa-97dd-9fc39dd05749,SO-2362,CRA-1216,sai-ke,4,1037.08,4148.32
c4ef276f-8006-d971-c62d-0aec09b2ce6d,SO-2362,ORT-1113,sai-ke,8,6811.5,54492.0
933e693d-90d6-deb7-1334-7e914a836403,SO-2362,VED-1196,sai-ke,7,6422.68,44958.76
3ecf4415-5bbd-42ba-e768-532fbbcb5a86,SO-2362,PRI-1202,sai-ke,4,6446.58,25786.32
2721397c-28f2-bf07-aab7-ae0432c7a45a,SO-2363,VED-1196,sai-ke,8,6422.68,51381.44
9f5935e1-bf8f-56f1-a572-cc32916bb98d,SO-2363,BRO-1038,sai-ke,8,5668.8,45350.4
09638ed4-8d8b-7c6f-5f1f-4c748a6277b1,SO-2363,LEN-1034,sai-ke,7,5474.71,38322.97
fe623c6f-fc50-dee8-f665-c112edce2dd4,SO-2363,D-L-1076,sai-ke,3,9515.92,28547.76
cf83c460-b904-89cb-8362-2db7fc558884,SO-2364,TRI-1297,sai-ke,7,4922.99,34460.93
a561ba10-a477-d992-a0cf-431e023d43f3,SO-2364,TRI-1290,sai-ke,2,4291.44,8582.88
5127f43f-53d5-7751-41f9-f72088df959c,SO-2364,OFF-1245,sai-ke,1,3590.73,3590.73
4c3b29d0-380d-25ea-3d86-ba4edfc9d32f,SO-2365,BRO-1095,sai-ke,6,9518.34,57110.04
662eb8d3-200c-d405-bf89-c49835aa3dd8,SO-2365,UHU-1119,sai-ke,7,1711.6,11981.2
de4ddced-5a70-a791-e98b-9ee704578cb9,SO-2365,TRI-1290,sai-ke,8,4291.44,34331.52
8cad5597-4f12-0cdb-070b-bc770f013f9b,SO-2366,TRI-1297,sai-ke,3,4922.99,14768.97
14d14da8-8b4a-60b8-84f8-399866307b66,SO-2366,SCH-1306,sai-ke,2,9318.36,18636.72
e9eb948f-9abe-4f9f-9dfc-0f9b2555b629,SO-2366,TRI-1290,sai-ke,8,4291.44,34331.52
e2f233e9-286e-2968-8f0d-84fc41e67b05,SO-2366,OFF-1230,sai-ke,6,4720.15,28320.9
52644ecf-1cc6-fb9b-69a1-1672511d28a9,SO-2367,BRO-1038,sai-ke,1,5668.8,5668.8
e137db6d-8170-4e12-791d-72267ded5612,SO-2367,OFF-1239,sai-ke,2,1832.23,3664.46
003105f4-db89-4a0c-cfeb-86e739680f50,SO-2367,SCH-1306,sai-ke,4,9318.36,37273.44
58502411-495f-2f09-5a35-2eb956882591,SO-2367,D-L-1076,sai-ke,3,9515.92,28547.76
4de81900-f2e7-aa01-4444-4f3c05a05ac8,SO-2368,OFF-1239,sai-ke,6,1832.23,10993.38
cdf4e943-a3f2-d869-9de5-152722ac15ae,SO-2368,UHU-1119,sai-ke,7,1711.6,11981.2
7eda998c-549e-adc1-55d5-5b77314174da,SO-2368,TRI-1297,sai-ke,8,4922.99,39383.92
90ff2b8e-1d5a-5a00-28aa-2f7798639bb1,SO-2369,TZ-2007,sai-tz,7,8487.28,59410.96
36468623-0c0e-e72f-2637-a82cb031e078,SO-2369,TZ-2003,sai-tz,7,10772.32,75406.24
a2504133-eeed-64e3-2dca-6407cb3d7cd8,SO-2369,TZ-2009,sai-tz,1,301.89,301.89
f51a0ba6-779f-8600-39d5-15ae21f1db72,SO-2369,TZ-2011,sai-tz,8,667.65,5341.2
03d15df7-f547-26eb-72dd-7eff3af0b7c5,SO-2370,TZ-2011,sai-tz,7,667.65,4673.55
8e251c28-bf5d-3b35-cb80-6256e816d4c0,SO-2370,TZ-2004,sai-tz,7,373.6,2615.2
874cac5b-591b-9eb7-ded3-6df1644fe2db,SO-2370,TZ-2003,sai-tz,6,10772.32,64633.92
7fd05a07-441a-3181-69e5-cd476c5bd591,SO-2370,TZ-2007,sai-tz,7,8487.28,59410.96
dd16e4dc-9363-f3a5-2ba1-e95c0ccd7360,SO-2370,TZ-2000,sai-tz,7,1292.95,9050.65
13157681-aac2-5acd-cd4a-fd33f50c9537,SO-2371,TZ-2000,sai-tz,5,1292.95,6464.75
19d4ebb6-b42a-1221-7073-1d817bd1a0ce,SO-2371,TZ-2001,sai-tz,7,5822.48,40757.36
65759cf0-3cef-f40e-1fe8-4893fa78f3e0,SO-2371,TZ-2009,sai-tz,5,301.89,1509.45
01761905-8a67-7834-d5f6-b8b2cb2334e6,SO-2372,TZ-2009,sai-tz,5,301.89,1509.45
b839fba4-1d23-9946-a93f-365731283bc6,SO-2372,TZ-2008,sai-tz,6,714.62,4287.72
02ec0df7-be68-7e19-10bf-145100ab4e64,SO-2372,TZ-2006,sai-tz,4,1035.24,4140.96
0c3a9977-9cb9-5f23-9e5c-b78ac240a140,SO-2372,TZ-2001,sai-tz,7,5822.48,40757.36
bc1e7d4f-aeda-43bd-a351-62bf5aa5aa78,SO-2372,TZ-2005,sai-tz,4,3224.74,12898.96
9e1c18ee-3533-051a-6e73-21e1b85400ea,SO-2373,TZ-2007,sai-tz,3,8487.28,25461.84
a9e9f97a-d9ba-b9af-9550-2dfd7bc7a0f6,SO-2373,TZ-2002,sai-tz,8,6413.33,51306.64
020364ea-242c-4e8e-c42b-ab203025a0b5,SO-2373,TZ-2000,sai-tz,7,1292.95,9050.65
a029bc84-2566-1e4f-173d-72995157dfa6,SO-2374,TZ-2010,sai-tz,5,717.42,3587.1
29732966-df39-f57d-835f-c55a58b875fa,SO-2374,TZ-2003,sai-tz,7,10772.32,75406.24
adad3a12-e91f-89dd-794f-b5aa96dd6f7b,SO-2374,TZ-2009,sai-tz,5,301.89,1509.45
1ac798a6-0ca3-91f0-7475-e80723ab3a42,SO-2374,TZ-2007,sai-tz,8,8487.28,67898.24
0fdce2b3-e340-8403-a8b1-571b56433e05,SO-2374,TZ-2004,sai-tz,7,373.6,2615.2
c4e0d7e6-c706-7427-fb33-caf7e09f1b30,SO-2375,TZ-2001,sai-tz,3,5822.48,17467.44
f946f0b9-8697-1b28-0662-6557d3b190c0,SO-2375,TZ-2010,sai-tz,5,717.42,3587.1
0cecc85a-f013-b643-97a9-b7ebd06279ba,SO-2375,TZ-2006,sai-tz,6,1035.24,6211.44
c8b8ad3b-ce87-1b80-468f-507273bbd786,SO-2375,TZ-2003,sai-tz,5,10772.32,53861.6
f3bf16ce-6929-b9f9-7f56-dca97c810877,SO-2376,TZ-2002,sai-tz,8,6413.33,51306.64
d0cacdc1-dd1b-49db-ac77-c60ccabc76ab,SO-2376,TZ-2010,sai-tz,5,717.42,3587.1
3e955656-409c-48c3-4a0e-1db4ed14bdd8,SO-2376,TZ-2006,sai-tz,8,1035.24,8281.92
5061ec90-d36b-f2f6-cb2e-143f7618dd1f,SO-2377,TZ-2000,sai-tz,3,1292.95,3878.85
5902577a-ddaa-0cb4-da29-55c8e6a4ab73,SO-2377,TZ-2009,sai-tz,4,301.89,1207.56
d84b8250-1158-09dd-19c7-5949823ed133,SO-2377,TZ-2008,sai-tz,3,714.62,2143.86
daf4e966-0034-fa05-ee0d-6dd0aec521d1,SO-2378,TZ-2006,sai-tz,6,1035.24,6211.44
4d7d5f89-d23d-9e78-5e79-8d0f7adc6e34,SO-2378,TZ-2011,sai-tz,2,667.65,1335.3
43faf44c-18f2-f691-f867-02ba6715b5e1,SO-2378,TZ-2003,sai-tz,5,10772.32,53861.6
62880fcc-38b2-fb45-899a-44dfc316d407,SO-2378,TZ-2001,sai-tz,2,5822.48,11644.96
563ff546-b908-23f9-c265-b9b312a818fe,SO-2378,TZ-2007,sai-tz,4,8487.28,33949.12
b0ff8252-ae11-abe0-797c-3f6ed050c806,SO-2379,TZ-2005,sai-tz,5,3224.74,16123.7
22830325-20e2-ee8f-7a86-f10fdafa0bc4,SO-2379,TZ-2011,sai-tz,2,667.65,1335.3
50ae4f73-cfe8-91b1-9444-15898193de0a,SO-2379,TZ-2002,sai-tz,7,6413.33,44893.31
d6d5db63-1c13-449e-edca-58945b0fc939,SO-2380,TZ-2008,sai-tz,7,714.62,5002.34
a011de1f-1dc7-69ef-e972-7b094515bfa4,SO-2380,TZ-2005,sai-tz,7,3224.74,22573.18
2153047a-ab6d-32bb-bde0-d25541d36d6e,SO-2380,TZ-2000,sai-tz,8,1292.95,10343.6
115ace0f-b6ce-553e-8620-3be8920f896c,SO-2380,TZ-2009,sai-tz,8,301.89,2415.12
f26e671e-698e-f3bb-d522-0bb7c119eb40,SO-2381,TZ-2010,sai-tz,1,699.98,699.98
6c89ac4e-551d-8fb0-9526-7fd5ff42dc1c,SO-2381,TZ-2007,sai-tz,2,8078.98,16157.96
79047776-8432-0d1d-99b2-334518326f12,SO-2381,TZ-2002,sai-tz,6,6575.74,39454.44
8d203423-2580-ec33-cdb4-cbd47feb0677,SO-2381,TZ-2009,sai-tz,1,309.81,309.81
8643aec8-7367-be92-a0c2-8cc3e377cd25,SO-2382,TZ-2002,sai-tz,2,6575.74,13151.48
de4c98e2-54c0-2c98-7510-2f368025d4a3,SO-2382,TZ-2011,sai-tz,5,680.09,3400.45
dce47ef4-22ff-7126-0421-9d7b42dfc2f8,SO-2382,TZ-2001,sai-tz,7,5803.44,40624.08
789aa246-5309-52f6-5dfb-eaa2bfcf96ad,SO-2382,TZ-2008,sai-tz,5,711.51,3557.55
108824ee-d74b-2e17-ed43-6204a2cb18a3,SO-2382,TZ-2004,sai-tz,4,355.27,1421.08
fcadb1bf-555c-0c21-182c-ed9d6fb75a45,SO-2383,TZ-2003,sai-tz,6,11231.54,67389.24
0fac4df6-dca3-6937-560a-cf2187e3c54c,SO-2383,TZ-2010,sai-tz,2,699.98,1399.96
d8f9322d-6b40-dd9d-fcf5-c61ef66b2188,SO-2383,TZ-2011,sai-tz,5,680.09,3400.45
e45d21f7-8ff1-838b-e6c4-55d0e1479128,SO-2383,TZ-2009,sai-tz,1,309.81,309.81
e61503e4-8dee-3f27-5c97-21674e39e9ab,SO-2384,TZ-2009,sai-tz,7,309.81,2168.67
2b71de8d-7add-2561-de14-a2a9dc970a2c,SO-2384,TZ-2006,sai-tz,6,1028.96,6173.76
d196af93-85c5-3a8b-6354-4ef93965f2f5,SO-2384,TZ-2002,sai-tz,6,6575.74,39454.44
5ad9112a-0cb4-c07e-dd14-3afa388d7f36,SO-2384,TZ-2011,sai-tz,6,680.09,4080.54
09023c4a-84b1-18fb-85c9-7144c3b42c7f,SO-2385,TZ-2007,sai-tz,8,8078.98,64631.84
f012dccd-bf00-4fd8-1146-a73961727e73,SO-2385,TZ-2003,sai-tz,8,11231.54,89852.32
be7826e7-1539-392e-a7e4-aa326c5761ea,SO-2385,TZ-2001,sai-tz,5,5803.44,29017.2
6e5146d1-a8ee-37b9-1863-00ccce1ca9c0,SO-2386,TZ-2006,sai-tz,6,1028.96,6173.76
d4ca099e-81d5-6790-e344-921054fb2f90,SO-2386,TZ-2003,sai-tz,3,11231.54,33694.62
50853d6b-9fb4-e531-2ed2-a80e76e3c2c9,SO-2386,TZ-2005,sai-tz,4,3184.24,12736.96
12355ad9-6f00-d63c-6b62-8fe752529ac8,SO-2386,TZ-2004,sai-tz,1,355.27,355.27
552abcc7-4c8e-663a-ae84-bd9a44bf048b,SO-2387,TZ-2003,sai-tz,7,11231.54,78620.78
cfb05acb-2b6b-a161-4abb-185839bfbc6b,SO-2387,TZ-2010,sai-tz,2,699.98,1399.96
3ebbbc1e-3abb-d8f9-42d2-64faee8053ce,SO-2387,TZ-2000,sai-tz,3,1259.16,3777.48
381ca05f-ff11-a0b5-d15d-35d6e3d488c6,SO-2387,TZ-2011,sai-tz,6,680.09,4080.54
f40c9088-c8a5-ed46-c6aa-c119aeabe21d,SO-2388,TZ-2007,sai-tz,1,8078.98,8078.98
7a5df8fe-b5fa-6220-4973-c9d2250e99e9,SO-2388,TZ-2000,sai-tz,3,1259.16,3777.48
60595cba-3ed2-ee5e-ca4f-621db6d76e7f,SO-2388,TZ-2008,sai-tz,5,711.51,3557.55
1221f96a-998f-0993-b280-b73cc20099d6,SO-2389,TZ-2011,sai-tz,5,680.09,3400.45
2578c4c1-68b1-a9ee-ae3d-19aae17d743c,SO-2389,TZ-2001,sai-tz,5,5803.44,29017.2
d21f68e2-762a-ae52-5414-d49d54d44619,SO-2389,TZ-2002,sai-tz,3,6575.74,19727.22
8a134def-4205-9e52-300a-ed518d07949d,SO-2390,TZ-2009,sai-tz,8,309.81,2478.48
b472e37e-1a9b-891a-aed8-3c7eccd7bf0d,SO-2390,TZ-2008,sai-tz,5,711.51,3557.55
6e7afafe-1ab7-2f4e-d5b9-05aca5119227,SO-2390,TZ-2007,sai-tz,8,8078.98,64631.84
8dcbee9d-61bd-fbdd-07a1-c7e17ffc7a6c,SO-2391,TZ-2000,sai-tz,3,1259.16,3777.48
b7827740-2d67-085b-e4b1-8791c00a2edd,SO-2391,TZ-2005,sai-tz,7,3184.24,22289.68
424cf6fe-ec73-0779-8c66-eafd522b4c77,SO-2391,TZ-2003,sai-tz,7,11231.54,78620.78
f9466017-42a1-757e-5069-0c688249ae8c,SO-2392,TZ-2003,sai-tz,2,11231.54,22463.08
430fc8ba-2cae-7f9d-4429-31db06ee602f,SO-2392,TZ-2009,sai-tz,2,309.81,619.62
fc410ec0-d4d4-bbcb-6d9f-aea7d7db2fc6,SO-2392,TZ-2006,sai-tz,5,1028.96,5144.8
89d0cbef-40ef-f4c3-3550-5249adc60d64,SO-2393,PRI-1112,sai-ke,8,6134.36,49074.88
0819d5b8-f0b7-6684-611d-0b9aa8d1c0b5,SO-2393,OFF-1242,sai-ke,5,7137.43,35687.15
f3775571-9562-a1c7-c55b-f4dfe7a54695,SO-2393,APC-1296,sai-ke,2,10727.1,21454.2
3eb19e19-6d5f-e609-4855-dc33a84670d6,SO-2393,CRA-1177,sai-ke,4,6244.18,24976.72
3cef3f66-f609-c06e-c291-fbd3eb945f7b,SO-2393,OFF-1234,sai-ke,1,5377.62,5377.62
c4d88d8d-6917-cc4d-bd33-d70b26d358e5,SO-2394,APC-1281,sai-ke,6,8682.79,52096.74
516b6551-f80b-370d-47c4-ac02ceaa1fda,SO-2394,BLU-1305,sai-ke,7,4842.14,33894.98
11219063-7ccd-34af-254d-e838c687d3cb,SO-2394,VED-1203,sai-ke,4,444.49,1777.96
8af96901-1999-b9d8-a4fa-e7a23600e7eb,SO-2394,OFF-1169,sai-ke,4,8291.63,33166.52
be494179-fdea-accb-61e6-d9f097a7d94c,SO-2395,FEL-1182,sai-ke,1,11015.88,11015.88
825c8453-098b-558e-aee2-6aba03b2c013,SO-2395,OFF-1258,sai-ke,2,10299.19,20598.38
0701a918-3994-4abd-4a5d-eb8e55a41065,SO-2395,OFF-1169,sai-ke,2,8291.63,16583.26
548d3920-f23c-778d-989f-ea26dd4d3984,SO-2395,BLU-1305,sai-ke,6,4842.14,29052.84
4869587c-9ac8-fe60-5f7f-6d6d34519196,SO-2395,SCH-1288,sai-ke,1,9525.84,9525.84
ff61c5a6-2597-6397-80c1-c32f69e3b2c6,SO-2396,TRI-1297,sai-ke,8,5273.35,42186.8
d1dc0df9-27b6-72ca-a4c4-9aa819e9e2bc,SO-2396,CRA-1177,sai-ke,6,6244.18,37465.08
471380c8-856c-094a-ebe2-6c7942f396d5,SO-2396,LEN-1067,sai-ke,4,10838.05,43352.2
06cb8033-c78c-ad2a-c2ac-a20799a58541,SO-2397,APC-1281,sai-ke,7,8682.79,60779.53
fcc25d85-a55d-6ab3-d066-8d08218bb7d2,SO-2397,SCH-1288,sai-ke,1,9525.84,9525.84
d202e650-2ba9-5e24-7af6-3c373caaea72,SO-2397,BLU-1308,sai-ke,6,1391.37,8348.22
1f101ec1-bcf9-177a-a744-240bb8e1f007,SO-2397,CAN-1101,sai-ke,5,8082.19,40410.95
b296b8fd-35ef-0031-01e2-f2334bbcc734,SO-2398,EPS-1058,sai-ke,7,1895.0,13265.0
46b7f9bd-7bbf-ebb4-0d9b-3fa0a011c71d,SO-2398,OFF-1242,sai-ke,8,7137.43,57099.44
e7fb77de-3ea6-796c-410e-4497877d4ce1,SO-2398,SKO-1227,sai-ke,6,1984.3,11905.8
ed86c90c-ae0a-a1e6-dc5f-cdeb7b14a7e6,SO-2398,BRO-1105,sai-ke,4,5320.43,21281.72
b33b8a98-d0c4-b730-8466-9f599d4d7e51,SO-2398,UHU-1190,sai-ke,3,3086.15,9258.45
4573304d-89bf-5705-5a12-d4578d656ebb,SO-2399,D-L-1076,sai-ke,7,9939.51,69576.57
0d6332b4-e00b-73a5-95f1-90531102beb2,SO-2399,ORT-1113,sai-ke,2,7544.47,15088.94
70e59050-2e86-38b6-aebb-f16a354a5186,SO-2399,FEL-1140,sai-ke,3,4121.08,12363.24
5efc27f3-0c49-e1b8-214b-0d01263f9030,SO-2399,TRI-1297,sai-ke,3,5273.35,15820.05
b2a8e3a7-c836-0af7-522d-96dffea87f7a,SO-2400,UHU-1190,sai-ke,5,3086.15,15430.75
ca37733c-23f2-c60b-7f3b-b4fd9d5559c7,SO-2400,OFF-1249,sai-ke,4,7702.26,30809.04
fc0d7051-6d40-43c8-4e34-4241ef049ce1,SO-2400,SKO-1129,sai-ke,3,2316.63,6949.89
0db32b77-1562-d139-9a63-ac9eb91d7d51,SO-2401,OFF-1249,sai-ke,8,7702.26,61618.08
448a3db4-4d5c-c36e-b856-f8f1bfda0047,SO-2401,OFF-1258,sai-ke,3,10299.19,30897.57
4ade549b-040e-f2be-b45d-21ea0cf0b681,SO-2401,ORT-1113,sai-ke,7,7544.47,52811.29
e9561db8-91ec-e90b-3142-1584f69b6b50,SO-2401,APC-1281,sai-ke,8,8682.79,69462.32
45f17f64-9fae-ca68-43aa-7c7473a97723,SO-2401,OFF-1169,sai-ke,3,8291.63,24874.89
cb6e67ff-282b-43d0-aa1e-bde2ee86744a,SO-2402,OFF-1263,sai-ke,4,925.99,3703.96
f0d8070e-8b2f-ecd2-5f2f-115ee903a8a1,SO-2402,SKO-1129,sai-ke,3,2316.63,6949.89
5b1f86e5-3a83-b71d-8f59-78e89903910a,SO-2402,LEN-1062,sai-ke,3,4663.41,13990.23
0bbbda40-f1d4-1191-3777-98fac0361e29,SO-2402,VED-1203,sai-ke,7,444.49,3111.43
7d473932-a7b2-f2c3-0895-9b1e6640320f,SO-2402,OFF-1234,sai-ke,5,5377.62,26888.1
64730067-0a3a-2b2d-29e8-a5b3d1b9caa4,SO-2403,DEL-1021,sai-ke,4,4294.69,17178.76
040e4a1f-ece8-6358-44e5-ac96cda9e578,SO-2403,LEN-1062,sai-ke,1,4663.41,4663.41
5ae57f4e-3e3e-2b1d-d1fa-f449653d2115,SO-2403,CAN-1101,sai-ke,5,8082.19,40410.95
9de4a0dd-1753-9ecc-36b6-60fa0a3ea2f6,SO-2403,PRI-1120,sai-ke,3,6642.91,19928.73
a7459518-e78b-c504-6017-e059d2f06df6,SO-2403,BLU-1293,sai-ke,2,7792.66,15585.32
881679b6-18d8-d3c0-13dd-d648a7086b25,SO-2404,SKO-1227,sai-ke,4,1984.3,7937.2
4e036b24-3293-9e00-c0c6-dc273851e0df,SO-2404,PRI-1120,sai-ke,8,6642.91,53143.28
efb064ad-372c-8fe0-738c-7a9e9cbf72e6,SO-2404,LEN-1062,sai-ke,5,4663.41,23317.05
557285ef-6c83-2b10-72bc-b9eedfdd0905,SO-2405,UHU-1153,sai-ke,4,9071.39,36285.56
b1100ffa-3df7-d119-5dd9-7a78a91204d4,SO-2405,EPS-1003,sai-ke,7,5413.12,37891.84
61536962-4dda-c08f-2bd6-e7ddf2165ebf,SO-2405,OFF-1135,sai-ke,1,577.58,577.58
08c93f9f-c862-7da0-4a25-58c580cf0568,SO-2405,LEN-1005,sai-ke,5,6286.21,31431.05
9e63fe27-bb73-654c-4261-72577752d725,SO-2405,PRI-1213,sai-ke,1,7298.58,7298.58
c4fbad4b-2f03-b50b-cc2f-2d1c55ab1bed,SO-2406,UHU-1153,sai-ke,8,9071.39,72571.12
52c543cc-95a8-adb9-8bad-2fa5503b1a44,SO-2406,D-L-1073,sai-ke,1,1749.06,1749.06
a9be3046-2505-99cb-8173-0bee4e0dd676,SO-2406,HEL-1126,sai-ke,4,10537.53,42150.12
b35a7de8-75e2-7a43-afdc-891e3a5ce7da,SO-2406,BRO-1002,sai-ke,1,5918.88,5918.88
e0962a24-163b-c40b-f096-d512fa7241be,SO-2407,LEN-1065,sai-ke,4,10194.85,40779.4
7ca91148-7843-6fbf-331d-b69f18e5726a,SO-2407,KAN-1158,sai-ke,5,8581.7,42908.5
e65271e2-ee59-2589-cb95-c03683ada210,SO-2407,HEL-1126,sai-ke,7,10537.53,73762.71
67853b39-8953-e5dd-feda-f824e86f4f83,SO-2408,UHU-1153,sai-ke,7,9071.39,63499.73
2aa4f3a0-1047-9693-da32-680fbf18e02d,SO-2408,EAT-1277,sai-ke,6,5996.25,35977.5
5e90c8cc-fe48-f3cb-425b-070cbf599355,SO-2408,HP-1027,sai-ke,3,2586.58,7759.74
5554316a-8ff5-c89e-9d74-9880bc8a48f1,SO-2408,LEN-1065,sai-ke,8,10194.85,81558.8
9686896a-4a5e-03a5-120f-6277dd923773,SO-2409,D-L-1073,sai-ke,4,1749.06,6996.24
5a0361f7-b4a2-a129-7751-15d202218d80,SO-2409,DEL-1077,sai-ke,1,4261.0,4261.0
01ed28bf-0969-4358-320a-ce985946d78b,SO-2409,HP-1092,sai-ke,2,5966.2,11932.4
1d9a8627-71ef-bf31-8611-c67cc4b46b7f,SO-2409,KAN-1158,sai-ke,2,8581.7,17163.4
67106d19-ba70-9af2-79c9-37e3823cba13,SO-2410,HEL-1126,sai-ke,2,10537.53,21075.06
bc912970-b267-3a0c-bfe4-eff88f7404a5,SO-2410,D-L-1073,sai-ke,1,1749.06,1749.06
248f0739-d48a-cae9-ef99-8836ad63b896,SO-2410,SKO-1228,sai-ke,8,967.91,7743.28
bac3d034-1acf-e64d-ffea-1c7b67034f69,SO-2411,EPS-1003,sai-ke,2,5413.12,10826.24
5ac39021-a9c7-94eb-919b-91cd095ae1f8,SO-2411,TRI-1282,sai-ke,8,4133.42,33067.36
efd98143-66ff-5b4f-bf7f-b252da26f1ee,SO-2411,KAN-1158,sai-ke,6,8581.7,51490.2
eba434ed-809a-cca6-f16a-d499eba71051,SO-2412,TRI-1282,sai-ke,1,4133.42,4133.42
8cad0be7-f636-0dab-4fe0-0fc245c5dc1c,SO-2412,OFF-1241,sai-ke,1,9891.26,9891.26
6eaa3368-b789-a18e-d654-1fd05246e4cb,SO-2412,UHU-1153,sai-ke,8,9071.39,72571.12
d1362b1f-cdaf-8345-9d0e-8b465aa7fbd2,SO-2413,PRI-1181,sai-ke,8,646.95,5175.6
8238981c-ebcc-19b1-2784-4420a3904c39,SO-2413,LEN-1065,sai-ke,2,10194.85,20389.7
4bef56eb-8af7-944f-9472-1309f6228418,SO-2413,DEL-1017,sai-ke,7,9141.25,63988.75
41306edb-f2d1-566a-ea31-c0cdd42894b2,SO-2414,HP-1027,sai-ke,6,2586.58,15519.48
c1cfecfb-4f49-f182-1b91-1f1fddf1f7a9,SO-2414,SKO-1228,sai-ke,2,967.91,1935.82
9efd58ee-c1f0-9143-4ae9-a2a809495169,SO-2414,VED-1166,sai-ke,6,6834.01,41004.06
35476ceb-6605-550b-7798-f865469a08f4,SO-2415,D-L-1073,sai-ke,6,1749.06,10494.36
a41b4860-4ed8-c6bd-4ae5-f9b4c55faf1b,SO-2415,HP-1027,sai-ke,1,2586.58,2586.58
ac67f666-f60c-21ad-63cb-f880240bd60a,SO-2415,CAN-1008,sai-ke,1,904.11,904.11
5a5eeb16-cb9b-a8bb-d00d-630f5529be14,SO-2416,HP-1092,sai-ke,3,5966.2,17898.6
5e426323-3c79-6837-8d97-c101092b6df2,SO-2416,OFF-1241,sai-ke,1,9891.26,9891.26
6da8bc23-da37-8ab7-bfc0-69729e948856,SO-2416,KAN-1158,sai-ke,7,8581.7,60071.9
483651ea-7290-2e8d-f522-e472091e71ab,SO-2416,HP-1108,sai-ke,8,8815.06,70520.48
f8bfb019-8c90-af90-5e03-053fabd46b2b,SO-2416,HP-1027,sai-ke,8,2586.58,20692.64
286d4fbb-a956-a980-7de8-8f6f6f58bdab,SO-2417,OFF-1253,sai-ke,7,5321.56,37250.92
20e5b709-1d85-7079-a237-8cbd23573702,SO-2417,UHU-1128,sai-ke,2,4438.8,8877.6
495f7825-7b34-8d5e-d8a0-be7e2e5e87a6,SO-2417,PRI-1174,sai-ke,1,1759.21,1759.21
a4f7fccc-2934-bc41-bdfd-c1278b3fcdc2,SO-2417,MAP-1155,sai-ke,8,277.11,2216.88
7743b9df-3c14-5585-4181-5f75ca3aec84,SO-2418,DEL-1017,sai-ke,4,9381.43,37525.72
5384eeb8-3db4-ab32-4888-3989743075da,SO-2418,KAN-1218,sai-ke,4,2979.05,11916.2
50a2ada4-1b86-a25a-11d7-61847b398944,SO-2418,HEL-1222,sai-ke,4,9456.99,37827.96
622e7b2c-68ab-4dc2-4d4f-f04edcee4677,SO-2418,SCH-1316,sai-ke,4,7135.11,28540.44
23fa82c6-0ba2-fa88-ca0a-85140696f184,SO-2418,SKO-1204,sai-ke,7,1626.92,11388.44
d046ff26-64f8-71fb-a367-a0761a6c5c22,SO-2419,HEL-1222,sai-ke,3,9456.99,28370.97
00672139-edf5-0005-e98a-19eefd5f9347,SO-2419,OFF-1253,sai-ke,5,5321.56,26607.8
887159b1-c6dd-d60f-bdca-18cd792a1203,SO-2419,ORT-1205,sai-ke,1,2230.25,2230.25
bf24b452-2969-5b85-93cd-cc0137c222a8,SO-2419,FEL-1186,sai-ke,8,1002.25,8018.0
e309024d-a341-8622-fb78-e7684d347476,SO-2420,VED-1212,sai-ke,2,3801.81,7603.62
9eab38f4-57d0-8490-2bd6-c8e5765e22d1,SO-2420,ORT-1205,sai-ke,4,2230.25,8921.0
82bd6ba9-1ede-bc8e-4208-95b32deed73f,SO-2420,FEL-1186,sai-ke,2,1002.25,2004.5
4584348c-db60-4c92-b528-466b7740ef9f,SO-2421,OFF-1260,sai-ke,8,3036.94,24295.52
fe4d8bba-d362-16fa-83c5-7e710fb03906,SO-2421,MAP-1155,sai-ke,7,277.11,1939.77
b2d16e7e-c454-ed69-f45b-bb329ed50def,SO-2421,UHU-1151,sai-ke,2,4655.07,9310.14
16b55936-caf5-60cc-4087-18f7f6328a7d,SO-2421,SKO-1204,sai-ke,8,1626.92,13015.36
ed34a7f7-3b72-90e5-2042-e9855fec67c8,SO-2421,EPS-1020,sai-ke,6,7699.03,46194.18
a1a0acef-c93d-7305-f927-395077743042,SO-2422,BRO-1049,sai-ke,2,5962.19,11924.38
bc58af84-abb1-62f4-2268-d74c8e3fb705,SO-2422,HP-CF226A,sai-ke,7,8916.62,62416.34
e4050331-53c9-8340-6225-01a1a2b18c72,SO-2422,SKO-1159,sai-ke,6,5246.01,31476.06
9f9364fd-b93e-e9f4-afa4-91c8f33dd7a6,SO-2423,OFF-1266,sai-ke,2,10309.96,20619.92
ff6bb3e0-ed03-6106-be72-213c36e4bae0,SO-2423,PRI-1112,sai-ke,6,6177.48,37064.88
47ca85b7-6daa-2823-51c5-6581d25bef1a,SO-2423,BRO-1002,sai-ke,5,5667.53,28337.65
04c9f36f-a7e1-1fcc-153d-3e3ab6245f8f,SO-2423,ORT-1205,sai-ke,6,2230.25,13381.5
9580d10a-d89a-8844-dc5b-3f53d6cb571e,SO-2424,PRI-1174,sai-ke,7,1759.21,12314.47
12d0a1ea-9c59-4950-ecc5-09501777a319,SO-2424,FEL-1186,sai-ke,4,1002.25,4009.0
d6eb354b-db95-671a-836e-ba45e603faf7,SO-2424,VED-1209,sai-ke,6,8353.54,50121.24
8f2a4522-5763-5d7d-77ce-8fed60ab8093,SO-2424,OFF-1260,sai-ke,2,3036.94,6073.88
4c77c5bd-7ce2-280e-523a-0c1d2d488ae5,SO-2425,UHU-1128,sai-ke,2,4438.8,8877.6
8958d5b6-976f-ac54-b688-3685eaadec55,SO-2425,VED-1185,sai-ke,3,1807.22,5421.66
35e2c185-416e-0780-06c7-e8ca87e3b6b7,SO-2425,SCH-1316,sai-ke,7,7135.11,49945.77
7b991822-5464-978a-2dd7-b3e41e98b97f,SO-2426,OFF-1244,sai-ke,8,470.44,3763.52
5d6aba68-066d-7719-ca8e-75e45cf12ca2,SO-2426,OFF-1260,sai-ke,5,3036.94,15184.7
cc9ddbdd-badc-fa40-42eb-9e62aa64822c,SO-2426,KAN-1218,sai-ke,2,2979.05,5958.1
b3c07453-5594-741d-ba8e-b469545f3ddd,SO-2426,MAP-1183,sai-ke,4,5495.28,21981.12
b8aa2ee4-be9e-9ed4-9005-0dfcf129eed9,SO-2426,LEN-1035,sai-ke,5,2103.69,10518.45
4333df29-d005-b826-ca26-320b3485d0ed,SO-2427,LEN-1035,sai-ke,7,2103.69,14725.83
a15239f8-c518-4c05-b7bc-e4552758093a,SO-2427,DEL-1017,sai-ke,2,9381.43,18762.86
a3a2e6e2-00c0-aa90-d356-05714c83bbb2,SO-2427,LEN-1018,sai-ke,5,10405.77,52028.85
944223ee-d91c-6d95-8066-aca4927c57db,SO-2428,SCH-1316,sai-ke,5,7135.11,35675.55
67b9bcfe-fd48-5920-b63b-59cb7f2b8e7a,SO-2428,SKO-1159,sai-ke,8,5246.01,41968.08
aa60e560-767b-4f10-9614-b984feb405ff,SO-2428,CAN-1023,sai-ke,4,10203.13,40812.52
e1d5d4ad-b53a-44d3-3f3e-8fa56aa051eb,SO-2428,MAP-1183,sai-ke,2,5495.28,10990.56
00b649ef-9e1b-0d06-c2a7-75900635883d,SO-2428,UHU-1151,sai-ke,6,4655.07,27930.42
3b184feb-169f-4197-d372-d55a7fa87617,SO-2429,EAT-1285,sai-ke,7,9451.34,66159.38
725eb558-19c8-b275-1d9e-65dac70cf798,SO-2429,SCH-1306,sai-ke,2,9730.23,19460.46
cea31767-2406-0460-806a-4e226249db95,SO-2429,CAN-1060,sai-ke,8,3587.27,28698.16
154fc153-b717-f02c-0e80-736fb5f2c929,SO-2430,REX-1175,sai-ke,3,8934.04,26802.12
a607dd8b-6a69-5fd9-7e34-cefc87f5b46c,SO-2430,FEL-1182,sai-ke,7,9967.65,69773.55
6b132a04-341e-9d75-f0c5-7b0add6bcd00,SO-2430,OFF-1244,sai-ke,8,444.59,3556.72
826981a1-dffb-ec00-73b8-b222736dce02,SO-2430,EAT-1285,sai-ke,5,9451.34,47256.7
569b7223-0784-13bb-60bf-21a4621096aa,SO-2431,EAT-1274,sai-ke,4,8137.34,32549.36
1b0136e2-2d3d-9551-0e99-2f6e2c1b3457,SO-2431,REX-1178,sai-ke,7,7853.06,54971.42
f578993d-c9ba-0b0e-1758-65abd46000d4,SO-2431,OFF-1238,sai-ke,5,4389.46,21947.3
cdfb8e16-a451-f7d3-c469-f381d8ba33b7,SO-2432,EPS-1029,sai-ke,7,4740.97,33186.79
a72d0d84-d7bb-2d20-b1de-97c899d3bbd2,SO-2432,UHU-1221,sai-ke,6,9540.33,57241.98
323c7c89-c262-13b2-22ee-61c159868255,SO-2432,TRI-1282,sai-ke,2,3764.73,7529.46
11dbae2a-9a85-8a7b-3232-f44b2e4ef287,SO-2432,D-L-1064,sai-ke,5,918.95,4594.75
7a1f32cb-1fed-e1cc-9cbe-c8d614c97edf,SO-2432,PRI-1133,sai-ke,6,5065.07,30390.42
7ae9a607-e8ea-6357-e5d1-4fbe8c6e4b6a,SO-2433,PRI-1133,sai-ke,8,5065.07,40520.56
eb1a920d-a64b-8c38-d106-66a317df7b63,SO-2433,OFF-1244,sai-ke,8,444.59,3556.72
26c361c2-4e2d-1f3e-158f-819d67f4fe40,SO-2433,CRA-1152,sai-ke,1,2055.38,2055.38
e63b3435-9f3d-93d9-de7e-de62fc9a8410,SO-2433,OFF-1180,sai-ke,4,5802.81,23211.24
bd8384a9-958b-b480-b602-4d79abb21f84,SO-2433,SKO-1130,sai-ke,6,2845.48,17072.88
d33daddc-7bff-9e76-7f53-d64d9c106a30,SO-2434,EAT-1285,sai-ke,3,9451.34,28354.02
675c8ac9-cc3f-bbf4-1c4e-cfc79a83a413,SO-2434,SCH-1317,sai-ke,2,4400.91,8801.82
c7c8bacf-ae23-578a-957b-66f2924a9dfd,SO-2434,ORT-1165,sai-ke,3,8119.99,24359.97
271b7a91-a5d1-94de-c365-84e711c5ec02,SO-2434,HEL-1115,sai-ke,3,7654.55,22963.65
a3897690-5be4-9791-0b76-07f5b3cabf9f,SO-2435,EAT-1277,sai-ke,5,5418.7,27093.5
df0ff618-7d33-29ed-4b81-6da003e496e8,SO-2435,VED-1196,sai-ke,6,6348.32,38089.92
a82e51ef-4409-47fc-e2c7-d8ca12c52338,SO-2435,OFF-1244,sai-ke,8,444.59,3556.72
13006e72-c271-d787-0d49-e5686595cc02,SO-2435,FEL-1182,sai-ke,2,9967.65,19935.3
2cff148c-ad0c-d872-6bc1-4a6efa6bb876,SO-2435,HEL-1115,sai-ke,8,7654.55,61236.4
73e39ef3-4092-662d-43b2-f81c0cf63b42,SO-2436,OFF-1238,sai-ke,3,4389.46,13168.38
dc9f84de-8119-b400-6b8b-93167af9c9fa,SO-2436,PRI-1174,sai-ke,3,1594.8,4784.4
130205e3-bb06-a9f8-403c-5693bf978b56,SO-2436,ORT-1165,sai-ke,4,8119.99,32479.96
008ae423-4183-48da-5374-60e4acae3f8c,SO-2437,EAT-1277,sai-ke,8,5418.7,43349.6
db730caf-2781-1968-c9a1-8e7b5275cfc9,SO-2437,OFF-1180,sai-ke,3,5802.81,17408.43
b3d421c9-22a5-c9f7-a554-94438495d51f,SO-2437,ORT-1165,sai-ke,1,8119.99,8119.99
36361dc4-dd93-5863-e690-433425164df1,SO-2437,TRI-1282,sai-ke,8,3764.73,30117.84
497342a9-d4d8-938a-5ecf-f498e2673b31,SO-2438,REX-1178,sai-ke,5,7853.06,39265.3
361ba5cc-6ed4-287e-db73-3d5262433530,SO-2438,BLU-1308,sai-ke,3,1314.34,3943.02
a2fbebbe-493c-96c6-9053-868b943b5280,SO-2438,SKO-1130,sai-ke,2,2845.48,5690.96
12ac3c69-a73d-e9bc-ee18-9edb586fda4f,SO-2439,UHU-1221,sai-ke,6,9540.33,57241.98
862b7e66-ed20-d72c-0f35-eb2bd45d0010,SO-2439,OFF-1180,sai-ke,5,5802.81,29014.05
0e76bd20-278c-7d83-61f9-73dd2d1ad94d,SO-2439,SCH-1306,sai-ke,2,9730.23,19460.46
5b1ea1c7-8f22-464b-c2f1-de6b65aae115,SO-2439,BRO-1019,sai-ke,1,859.38,859.38
2c3fb11d-2139-3a36-cc56-be98625fc104,SO-2439,EAT-1274,sai-ke,3,8137.34,24412.02
4574779d-f356-f7fa-89e5-0754b1c3715d,SO-2440,PRI-1133,sai-ke,8,5065.07,40520.56
b69d324c-f2a0-c23a-6f69-f026846c5fa0,SO-2440,OFF-1180,sai-ke,1,5802.81,5802.81
4f59db60-88b3-992d-05ea-d43c04f9eafa,SO-2440,UHU-1221,sai-ke,3,9540.33,28620.99
e486d9f3-e1cf-2ffc-cd71-bf87fbc7574c,SO-2440,PRI-1174,sai-ke,1,1594.8,1594.8
6c938baa-7b4c-8069-a59a-43f4ebdc5ffa,SO-2440,ORT-1165,sai-ke,8,8119.99,64959.92
935bb041-680d-f625-b2ff-7d39361c3f7b,SO-2441,VED-1117,sai-ke,3,3235.8,9707.4
7d510893-d0d5-960c-8d67-574ad4ddfd36,SO-2441,HEL-1217,sai-ke,5,9229.54,46147.7
a224b84f-546e-348a-8a27-068a14fac325,SO-2441,VED-1141,sai-ke,2,7715.08,15430.16
c19c6346-3d4b-fde0-c900-3c558c98c068,SO-2441,EAT-1283,sai-ke,6,2359.57,14157.42
635a2336-4e33-86ee-2cc8-bb22144b1edd,SO-2442,VED-1185,sai-ke,8,1754.94,14039.52
615b86fa-3c38-a73a-bfb0-6a0e5b63b761,SO-2442,BRO-TN2421,sai-ke,3,5391.47,16174.41
b5b76104-9b20-d0a9-a59f-42db031021a2,SO-2442,PRI-1163,sai-ke,2,7135.82,14271.64
e7e53045-a68c-7942-cc7a-be525e10c0a3,SO-2442,BLU-1301,sai-ke,2,2137.69,4275.38
8fbf09b4-7227-127a-5cd8-7efd80d51928,SO-2443,VED-1141,sai-ke,2,7715.08,15430.16
b773b893-794b-187d-ca9a-f2bcd20bc64e,SO-2443,TRI-1275,sai-ke,5,181.11,905.55
4251a754-5a80-07cd-21f5-32ded6f37b20,SO-2443,BRO-TN2421,sai-ke,1,5391.47,5391.47
6c9b02a1-d47f-004e-4315-34379796126a,SO-2443,SCH-1292,sai-ke,7,3469.81,24288.67
049179ce-467e-951d-26b5-195075a325e1,SO-2443,PRI-1194,sai-ke,7,3431.95,24023.65
1bf1b456-11a2-108e-99df-852a0d424418,SO-2444,FEL-1225,sai-ke,3,9497.12,28491.36
ddcffaee-076a-b36c-28b2-5d9885bce8cd,SO-2444,UHU-1151,sai-ke,4,4277.14,17108.56
c60d8f9d-8eb5-05dd-dc7e-5f589b99c4d5,SO-2444,PRI-1194,sai-ke,5,3431.95,17159.75
231837a8-785c-5e88-4bb1-f5292812fe87,SO-2444,EAT-1291,sai-ke,4,9981.06,39924.24
3496c953-f7d3-f836-241d-d012f48578fb,SO-2445,ORT-1315,sai-ke,8,2128.87,17030.96
fc7e1507-7a45-4409-8ff8-c843a8168909,SO-2445,CRA-1142,sai-ke,1,9702.07,9702.07
389e221c-5ee5-167a-dd27-1d2d07a543bd,SO-2445,D-L-1076,sai-ke,1,9512.39,9512.39
885be05b-0fe7-0c00-eb2e-e588d6509c8f,SO-2445,FEL-1225,sai-ke,8,9497.12,75976.96
065e3849-a3e7-362c-8d0f-029624e7dd6b,SO-2445,EAT-1283,sai-ke,8,2359.57,18876.56
1b8d0047-4b62-80be-5613-937af829984c,SO-2446,BRO-1010,sai-ke,3,8163.51,24490.53
5f60799f-bc30-79be-020d-a0ab3952f3fc,SO-2446,UHU-1151,sai-ke,4,4277.14,17108.56
ef6ef3d2-46f0-0d58-b4b2-248ac6f5d128,SO-2446,ORT-1125,sai-ke,4,6324.46,25297.84
e7469d50-d8b3-a059-f3f6-dee84cb05e95,SO-2446,PRI-1194,sai-ke,7,3431.95,24023.65
39af1d21-587c-b3f9-7d60-21380c89e671,SO-2447,D-L-1073,sai-ke,7,1719.86,12039.02
40fbe4ae-d7e4-04d6-9885-775688075851,SO-2447,APC-1311,sai-ke,3,6936.53,20809.59
3c833970-b8b2-db36-5dba-8b1291003f5f,SO-2447,VED-1214,sai-ke,1,4566.18,4566.18
b4d02578-216f-5a51-9d17-c82be2ed7782,SO-2447,BLU-1301,sai-ke,4,2137.69,8550.76
7911826a-6534-3283-c5a5-a9e13a2ec6e7,SO-2448,UHU-1151,sai-ke,1,4277.14,4277.14
294e0403-ce2b-9d80-1a97-559ee8dc1c7a,SO-2448,VED-1117,sai-ke,7,3235.8,22650.6
9781deff-ac96-2b7f-c2d8-81418e3da2e5,SO-2448,ORT-1125,sai-ke,3,6324.46,18973.38
d570b66b-8c64-4d1a-b4dc-90e1cc7fee8f,SO-2448,EAT-1283,sai-ke,1,2359.57,2359.57
fac0d2b7-4cee-204b-e0d9-d33e475bc606,SO-2449,VED-1214,sai-ke,5,4566.18,22830.9
a77e524a-7785-8868-80d4-6701264d954d,SO-2449,ORT-1315,sai-ke,7,2128.87,14902.09
fd507b59-55e2-e031-9deb-c7e0ce908c60,SO-2449,UHU-1151,sai-ke,2,4277.14,8554.28
0b9e3553-7fd5-5997-443c-e2ee1e5af7df,SO-2449,SKO-1159,sai-ke,6,4973.74,29842.44
9111cbf9-8cdf-9677-e885-390bb828eb7c,SO-2450,D-L-1073,sai-ke,5,1719.86,8599.3
992847f1-1d1e-0ede-acdc-745bfd37d58a,SO-2450,EAT-1283,sai-ke,2,2359.57,4719.14
00dd1a1d-2520-7dc2-1d2e-2d479db9abe0,SO-2450,EAT-1291,sai-ke,1,9981.06,9981.06
be25c3c2-c843-753a-fcbc-e5b692025fab,SO-2450,TRI-1275,sai-ke,5,181.11,905.55
1420f28a-a062-931c-f847-75aa0780f657,SO-2450,SKO-1159,sai-ke,1,4973.74,4973.74
e6e66ea2-c0b2-e165-e045-3111729b5972,SO-2451,LEN-1015,sai-ke,3,8126.89,24380.67
0d5ba6c9-bf9a-d00e-dd16-9a95a9f4d265,SO-2451,EPS-1102,sai-ke,3,1882.17,5646.51
2dd48606-7882-f651-2c94-a1d57717a31a,SO-2451,EAT-1291,sai-ke,2,9981.06,19962.12
52316dc6-0971-2cb6-c00f-b06cf06081a8,SO-2451,ORT-1315,sai-ke,5,2128.87,10644.35
cd942c70-1698-5330-55ea-6d5fe442d538,SO-2452,BRO-1010,sai-ke,8,8163.51,65308.08
9842d84c-7c34-67af-a5f6-a3e820f66ed8,SO-2452,ORT-1125,sai-ke,7,6324.46,44271.22
d38293fa-d0b9-b376-9127-226adeb0e6bd,SO-2452,HEL-1217,sai-ke,3,9229.54,27688.62
04f23f30-85a3-ca93-f4dd-b0268c573ac7,SO-2453,D-L-1057,sai-ke,6,1056.88,6341.28
541d51c7-3ea8-7abb-0150-e6256a1ec026,SO-2453,OFF-1260,sai-ke,2,2946.94,5893.88
51014db8-960f-cf6a-391b-b9e61727c158,SO-2453,DEL-1006,sai-ke,8,1281.47,10251.76
fa6ccce0-14f8-f947-5ce9-2981926c7cdd,SO-2453,APC-1307,sai-ke,8,5404.08,43232.64
5595c04a-3db7-5d4d-4792-3dd485ceb615,SO-2453,UHU-1190,sai-ke,2,3062.48,6124.96
5fddc5d8-bfb2-a4ce-1dd7-d6f04eddb484,SO-2454,TRI-1272,sai-ke,4,9383.53,37534.12
1917916d-2194-aed1-4229-474ed538c453,SO-2454,SCH-1288,sai-ke,8,9449.17,75593.36
d2a60011-f65c-8bfe-efcd-de6d60f5efdf,SO-2454,CAN-1078,sai-ke,4,6709.05,26836.2
91a8b718-159f-eb1d-1b88-aa04a7b0225c,SO-2454,SKO-1179,sai-ke,8,6174.01,49392.08
a90e898d-d006-564b-bf1d-c649403fb68c,SO-2454,UHU-1190,sai-ke,6,3062.48,18374.88
4926883f-70bd-58f9-3d41-d987d5603ddc,SO-2455,D-L-1057,sai-ke,5,1056.88,5284.4
a2eb06f7-5792-9e56-e48a-8751bda7ca8b,SO-2455,KAN-1195,sai-ke,5,3290.14,16450.7
9ed4e764-2ee8-7b70-3c32-819103de3e2a,SO-2455,EAT-1277,sai-ke,4,5848.8,23395.2
1e729803-f9b5-4099-7e5c-7bd71f24f88d,SO-2455,SKO-1179,sai-ke,8,6174.01,49392.08
9c6fccb7-a10b-16b1-f409-ca4717f0cb21,SO-2456,OFF-1230,sai-ke,7,5131.78,35922.46
156c8db9-8d6f-335c-700a-8d84edc8fab0,SO-2456,REX-1137,sai-ke,3,1831.85,5495.55
7b02d5f8-85b4-2c82-6ffd-7ce4f5f27e13,SO-2456,APC-1307,sai-ke,3,5404.08,16212.24
e9283859-3774-6818-4665-2a192b272a2e,SO-2456,OFF-1263,sai-ke,1,916.21,916.21
9b44b8c0-72d9-7021-3042-7a0c4c8c777f,SO-2457,LEN-1088,sai-ke,7,8393.66,58755.62
0d4a4be4-f747-249b-41f7-bde923cdd929,SO-2457,EPS-1106,sai-ke,2,6039.62,12079.24
4860b404-2096-e612-f85d-22f4439097ca,SO-2457,APC-1307,sai-ke,3,5404.08,16212.24
cf1c23b8-9e54-cc85-0b89-0426ecd49ee4,SO-2457,OFF-1230,sai-ke,7,5131.78,35922.46
206cb1f8-73b9-4936-75f3-0509ec90931e,SO-2457,OFF-1114,sai-ke,1,2869.04,2869.04
21864748-c42f-3c85-5a97-a3642162931a,SO-2458,REX-1137,sai-ke,6,1831.85,10991.1
3041df9c-6b98-4e4c-f1b8-0fbeee6ae54f,SO-2458,BRO-1052,sai-ke,1,8702.54,8702.54
6596ac13-3abf-8659-047b-8017185b6ff7,SO-2458,OFF-1260,sai-ke,6,2946.94,17681.64
a7a55f58-e536-edc2-d94e-5bba1b172ac2,SO-2458,EPS-1106,sai-ke,2,6039.62,12079.24
f4b6b7cc-b7d4-c632-015f-ca03009358e3,SO-2459,APC-1296,sai-ke,1,10833.98,10833.98
f9637fe6-e9b0-2149-b8ca-2b375b58c603,SO-2459,BLU-1269,sai-ke,5,7792.03,38960.15
f137fd41-7549-c622-3b25-dab7e598e95e,SO-2459,SCH-1288,sai-ke,2,9449.17,18898.34
f288f1a5-610c-f155-84f2-54b317fa1ed6,SO-2459,SCH-1268,sai-ke,7,11120.62,77844.34
24021194-9c6b-cab0-d2f2-7d3add26e108,SO-2459,DEL-1006,sai-ke,1,1281.47,1281.47
a04adaa9-a199-51d0-fae5-96d142ef7271,SO-2460,OFF-1114,sai-ke,1,2869.04,2869.04
1d9b7e8d-49d9-5ca9-be91-eb8f3eca0c85,SO-2460,CRA-1152,sai-ke,8,2162.76,17302.08
1c087f1a-dd44-9ae9-93a0-a298d2e0aed1,SO-2460,BLU-1269,sai-ke,8,7792.03,62336.24
09c6cd71-b9b3-04a3-02bd-9fda16c3c6a6,SO-2460,APC-1307,sai-ke,8,5404.08,43232.64
de5ef7b8-01dc-1da4-af55-d6c6a589bcf2,SO-2460,VED-1211,sai-ke,1,1007.36,1007.36
c307fc74-47e0-7d04-afb8-51dd000c0f4b,SO-2461,BLU-1289,sai-ke,2,6150.29,12300.58
b2e027cf-f210-ac0c-cc52-1947f26db4b0,SO-2461,OFF-1255,sai-ke,4,8624.01,34496.04
48c4e593-9da8-a8ac-f6be-235e02a7e404,SO-2461,SCH-1268,sai-ke,2,11120.62,22241.24
dcd02da9-2c01-480f-56bf-e2ff8271efe2,SO-2461,APC-1296,sai-ke,7,10833.98,75837.86
0e735c2c-168f-73f9-d7d7-bd595f6fc7a8,SO-2462,SKO-1228,sai-ke,5,969.61,4848.05
ceb1e3e0-c199-49dc-30c7-5bd1e308d375,SO-2462,PRI-1213,sai-ke,8,7594.34,60754.72
c1937343-1515-7fae-6e6e-8af44e00eaa2,SO-2462,SKO-1192,sai-ke,5,7049.87,35249.35
6cb5cbc5-f201-6aca-2af6-24a970500818,SO-2463,OFF-1263,sai-ke,1,916.21,916.21
42228dc0-472d-ca10-c799-30d16e09d32e,SO-2463,LEN-1082,sai-ke,4,773.73,3094.92
c4390ee6-5e74-e115-846d-016338e6b9d6,SO-2463,EAT-1277,sai-ke,7,5848.8,40941.6
71bfc103-3412-5017-08df-fc1d0da161ee,SO-2464,APC-1296,sai-ke,8,10833.98,86671.84
f7d90cfa-a33c-a4d6-f3e3-982a3ee53dbf,SO-2464,EPS-1106,sai-ke,6,6039.62,36237.72
cb64661b-67d0-a802-1f2c-bfad846e70dd,SO-2464,OFF-1255,sai-ke,7,8624.01,60368.07
38ac5059-9f8e-12ed-20c2-9ea297e15624,SO-2464,SCH-1268,sai-ke,3,11120.62,33361.86
bb834ff4-90fb-43c2-d040-c132add49232,SO-2464,UHU-1190,sai-ke,6,3062.48,18374.88
e9d7f972-8622-a06b-d997-467a79a3bf98,SO-2465,UHU-1153,sai-ke,5,8335.39,41676.95
4cc4c118-3783-e43a-8cbf-6ac01241a1ff,SO-2465,HP-1093,sai-ke,6,1104.03,6624.18
f3442d59-ab08-dfe0-68f9-843bd50dba85,SO-2465,SKO-1228,sai-ke,1,897.37,897.37
4a48c9e1-90f2-c72b-f00e-3be5ecaeef96,SO-2465,OFF-1246,sai-ke,5,3321.14,16605.7
763161ef-8d13-8bcc-7ce2-14cf10429c6b,SO-2465,MAP-1188,sai-ke,2,9131.01,18262.02
debd10cc-9d24-e542-3757-e353c21c3704,SO-2466,EAT-1285,sai-ke,7,9376.25,65633.75
9453695f-edb1-f87c-ae03-68f22ca8001b,SO-2466,BRO-1002,sai-ke,3,5442.42,16327.26
6edc31b9-605d-9b70-6db8-cecf8eff28bd,SO-2466,SCH-1317,sai-ke,5,4382.24,21911.2
628425d6-43eb-eae0-8267-2f16e3a22fdc,SO-2466,FEL-1182,sai-ke,4,10477.44,41909.76
d84077ff-7f28-c7c9-b6d0-0dd79a1d6650,SO-2467,CAN-1098,sai-ke,1,3115.76,3115.76
7d26a3d0-ff94-8afc-38c8-f56688baed18,SO-2467,CAN-1023,sai-ke,2,9303.69,18607.38
78b0f872-b89d-fc52-e0f7-0ba7c242a40c,SO-2467,UHU-1176,sai-ke,3,7431.32,22293.96
6f3f7bb6-f40d-7ba2-17ae-962dfe1478ba,SO-2467,LEN-1018,sai-ke,2,9745.28,19490.56
a560a7d4-0d6d-1f6d-1ad3-08b42db855ee,SO-2468,OFF-1247,sai-ke,4,4065.11,16260.44
a65f8d6b-a5c0-974a-fabc-fb16e6452be7,SO-2468,APC-1284,sai-ke,5,718.89,3594.45
ef33a302-0057-e0a7-6626-2e8ea99f3844,SO-2468,HP-1093,sai-ke,7,1104.03,7728.21
8194882e-cba2-743b-d4df-14fd9c9bb814,SO-2469,OFF-1258,sai-ke,7,9994.77,69963.39
d966b901-1174-31e4-9260-e2225871b6b5,SO-2469,LEN-1018,sai-ke,8,9745.28,77962.24
1736d74f-9ac1-d573-7ec4-27ee1ac517a4,SO-2469,D-L-1073,sai-ke,1,1666.68,1666.68
15518fe2-f1cc-77e2-746f-2b11f6acbc2f,SO-2469,BRO-1002,sai-ke,4,5442.42,21769.68
fc6ef015-e3f6-2cf1-d7b9-1c0e684d2cf7,SO-2470,UHU-1176,sai-ke,5,7431.32,37156.6
6b9b603f-5326-2022-2e76-42d22c5daac3,SO-2470,OFF-1258,sai-ke,3,9994.77,29984.31
a2f24e94-3ba1-c10c-bc30-75c8ee8fa0f2,SO-2470,UHU-1153,sai-ke,7,8335.39,58347.73
8af68a98-66d0-285f-eb3a-228bda114825,SO-2470,MAP-1188,sai-ke,7,9131.01,63917.07
8ef97433-bb7e-b6b3-503f-c373d72dad43,SO-2470,CAN-1098,sai-ke,4,3115.76,12463.04
0bc2ab8e-5b37-a5fb-6501-e43db373b026,SO-2471,FEL-1182,sai-ke,6,10477.44,62864.64
4773591c-f1b3-6f73-be67-d726809ed450,SO-2471,APC-1284,sai-ke,8,718.89,5751.12
3455dc50-38fc-e208-fd7f-3b7be381a494,SO-2471,SCH-1317,sai-ke,2,4382.24,8764.48
15c344b2-c2fd-d419-d350-f52c5c879fe5,SO-2471,CAN-1098,sai-ke,8,3115.76,24926.08
3a79ea25-095a-b943-252e-8d881dd678a2,SO-2471,BLU-1269,sai-ke,7,7120.19,49841.33
92fa6a0c-9e0e-90e6-c0f9-d4336bb98c52,SO-2472,OFF-1258,sai-ke,4,9994.77,39979.08
23057f0e-837a-b65b-b675-deec229c6ab0,SO-2472,BLU-1269,sai-ke,2,7120.19,14240.38
72cd88d9-7e42-5e33-1f3a-acfccded675c,SO-2472,CAN-1098,sai-ke,5,3115.76,15578.8
b6a828f9-652f-11f4-3966-cc8e776d7abd,SO-2472,BRO-1002,sai-ke,7,5442.42,38096.94
07a18975-6c31-8c9d-35d9-d3899de4d157,SO-2473,BRO-1079,sai-ke,6,6178.49,37070.94
1747e46e-ffbd-f21d-5c56-9e9b833f87e9,SO-2473,SCH-1317,sai-ke,2,4382.24,8764.48
97c5e187-b032-8d73-f8fc-47f6072e8539,SO-2473,EAT-1285,sai-ke,7,9376.25,65633.75
b4eb7448-4e17-ee61-7294-30248e4e417a,SO-2473,OFF-1114,sai-ke,1,2667.63,2667.63
6233bd1d-15b1-0719-e8b1-6d8331762c30,SO-2474,SCH-1317,sai-ke,6,4382.24,26293.44
c5b1b917-d6a5-d3c6-ebf3-18eaf8a4b912,SO-2474,D-L-1073,sai-ke,4,1666.68,6666.72
8e16b17e-0056-9c6c-0b27-2917b9dc9140,SO-2474,OFF-1114,sai-ke,4,2667.63,10670.52
785087dd-80e9-e57f-fe19-2eb1bba30776,SO-2474,FEL-1182,sai-ke,2,10477.44,20954.88
9478e214-67c3-3d86-716c-bdec02082fda,SO-2474,EAT-1285,sai-ke,2,9376.25,18752.5
1fe53006-331e-63b7-11ec-bfe0f5313073,SO-2475,BRO-1002,sai-ke,2,5442.42,10884.84
abcd684f-f9c9-d753-54cc-29766c1d09b7,SO-2475,OFF-1246,sai-ke,6,3321.14,19926.84
e4689c9d-d70e-4df3-a3e4-e5a52db578f5,SO-2475,LEN-1018,sai-ke,2,9745.28,19490.56
6e42f30d-eedc-99bc-7cee-b98fb950a5ab,SO-2475,HP-1093,sai-ke,3,1104.03,3312.09
c2673946-835b-91f5-df58-34be15b05888,SO-2475,OFF-1247,sai-ke,6,4065.11,24390.66
bd4bc5dd-6093-3d21-3d37-62bfa31534c2,SO-2476,UHU-1153,sai-ke,1,8335.39,8335.39
1d7159b4-0f8d-9055-e95c-b38d9927d54c,SO-2476,OFF-1246,sai-ke,7,3321.14,23247.98
1835278b-7eaf-1784-ee92-b7871757595b,SO-2476,OFF-1258,sai-ke,4,9994.77,39979.08
dac886a4-2b5e-4b8f-016d-c57700c86f17,SO-2476,SCH-1317,sai-ke,3,4382.24,13146.72
30dabff0-8e2c-c229-3ef8-f6b56ea04e14,SO-2476,BRO-1002,sai-ke,4,5442.42,21769.68
