sku,branch_id,tenant_id,qty_on_hand,reorder_level,updated_at
CAN-1001,bfb69fe8-1548-6f0b-3f13-f26c740f0c1f,sai-ke,70,10,2026-08-11
CAN-1001,8efa6771-e1d6-8ea8-08d8-13c5a1acffce,sai-ke,120,10,2026-08-11
CAN-1001,4e87eafa-e937-ff84-ae92-fc9068abf480,sai-ke,0,10,2026-08-11
CAN-1001,1e401c64-aea5-9092-c7c7-11e1e0c79b36,sai-ke,22,10,2026-08-11
CAN-1001,b39999e9-ac87-cd22-4751-5e4d2d25ae47,sai-ke,22,10,2026-08-11
CAN-1001,0f9aa6b8-15cc-0d9b-56c3-61f5f86544f9,sai-ke,180,10,2026-08-11
BRO-1002,bfb69fe8-1548-6f0b-3f13-f26c740f0c1f,sai-ke,70,10,2026-08-11
BRO-1002,8efa6771-e1d6-8ea8-08d8-13c5a1acffce,sai-ke,22,10,2026-08-11
BRO-1002,4e87eafa-e937-ff84-ae92-fc9068abf480,sai-ke,3,10,2026-08-11
BRO-1002,1e401c64-aea5-9092-c7c7-11e1e0c79b36,sai-ke,31,10,2026-08-11
BRO-1002,b39999e9-ac87-cd22-4751-5e4d2d25ae47,sai-ke,120,10,2026-08-11
BRO-1002,0f9aa6b8-15cc-0d9b-56c3-61f5f86544f9,sai-ke,3,10,2026-08-11
EPS-1003,bfb69fe8-1548-6f0b-3f13-f26c740f0c1f,sai-ke,31,10,2026-08-11
EPS-1003,8efa6771-e1d6-8ea8-08d8-13c5a1acffce,sai-ke,22,10,2026-08-11
EPS-1003,4e87eafa-e937-ff84-ae92-fc9068abf480,sai-ke,3,10,2026-08-11
EPS-1003,1e401c64-aea5-9092-c7c7-11e1e0c79b36,sai-ke,120,10,2026-08-11
EPS-1003,b39999e9-ac87-cd22-4751-5e4d2d25ae47,sai-ke,22,10,2026-08-11
EPS-1003,0f9aa6b8-15cc-0d9b-56c3-61f5f86544f9,sai-ke,180,10,2026-08-11
CAN-1004,bfb69fe8-1548-6f0b-3f13-f26c740f0c1f,sai-ke,0,10,2026-08-11
CAN-1004,8efa6771-e1d6-8ea8-08d8-13c5a1acffce,sai-ke,48,10,2026-08-11
CAN-1004,4e87eafa-e937-ff84-ae92-fc9068abf480,sai-ke,31,10,2026-08-11
CAN-1004,1e401c64-aea5-9092-c7c7-11e1e0c79b36,sai-ke,14,10,2026-08-11
CAN-1004,b39999e9-ac87-cd22-4751-5e4d2d25ae47,sai-ke,22,10,2026-08-11
CAN-1004,0f9aa6b8-15cc-0d9b-56c3-61f5f86544f9,sai-ke,120,10,2026-08-11
LEN-1005,bfb69fe8-1548-6f0b-3f13-f26c740f0c1f,sai-ke,48,10,2026-08-11
LEN-1005,8efa6771-e1d6-8ea8-08d8-13c5a1acffce,sai-ke,48,10,2026-08-11
LEN-1005,4e87eafa-e937-ff84-ae92-fc9068abf480,sai-ke,48,10,2026-08-11
LEN-1005,1e401c64-aea5-9092-c7c7-11e1e0c79b36,sai-ke,14,10,2026-08-11
LEN-1005,b39999e9-ac87-cd22-4751-5e4d2d25ae47,sai-ke,70,10,2026-08-11
LEN-1005,0f9aa6b8-15cc-0d9b-56c3-61f5f86544f9,sai-ke,180,10,2026-08-11
DEL-1006,bfb69fe8-1548-6f0b-3f13-f26c740f0c1f,sai-ke,180,10,2026-08-11
DEL-1006,8efa6771-e1d6-8ea8-08d8-13c5a1acffce,sai-ke,180,10,2026-08-11
DEL-1006,4e87eafa-e937-ff84-ae92-fc9068abf480,sai-ke,48,10,2026-08-11
DEL-1006,1e401c64-aea5-9092-c7c7-11e1e0c79b36,sai-ke,14,10,2026-08-11
DEL-1006,b39999e9-ac87-cd22-4751-5e4d2d25ae47,sai-ke,14,10,2026-08-11
DEL-1006,0f9aa6b8-15cc-0d9b-56c3-61f5f86544f9,sai-ke,22,10,2026-08-11
EPS-1007,bfb69fe8-1548-6f0b-3f13-f26c740f0c1f,sai-ke,14,10,2026-08-11
EPS-1007,8efa6771-e1d6-8ea8-08d8-13c5a1acffce,sai-ke,3,10,2026-08-11
EPS-1007,4e87eafa-e937-ff84-ae92-fc9068abf480,sai-ke,22,10,2026-08-11
EPS-1007,1e401c64-aea5-9092-c7c7-11e1e0c79b36,sai-ke,3,10,2026-08-11
EPS-1007,b39999e9-ac87-cd22-4751-5e4d2d25ae47,sai-ke,14,10,2026-08-11
EPS-1007,0f9aa6b8-15cc-0d9b-56c3-61f5f86544f9,sai-ke,48,10,2026-08-11
CAN-1008,bfb69fe8-1548-6f0b-3f13-f26c740f0c1f,sai-ke,180,10,2026-08-11
CAN-1008,8efa6771-e1d6-8ea8-08d8-13c5a1acffce,sai-ke,180,10,2026-08-11
CAN-1008,4e87eafa-e937-ff84-ae92-fc9068abf480,sai-ke,31,10,2026-08-11
CAN-1008,1e401c64-aea5-9092-c7c7-11e1e0c79b36,sai-ke,120,10,2026-08-11
CAN-1008,b39999e9-ac87-cd22-4751-5e4d2d25ae47,sai-ke,22,10,2026-08-11
CAN-1008,0f9aa6b8-15cc-0d9b-56c3-61f5f86544f9,sai-ke,0,10,2026-08-11
BRO-1009,bfb69fe8-1548-6f0b-3f13-f26c740f0c1f,sai-ke,48,10,2026-08-11
BRO-1009,8efa6771-e1d6-8ea8-08d8-13c5a1acffce,sai-ke,8,10,2026-08-11
BRO-1009,4e87eafa-e937-ff84-ae92-fc9068abf480,sai-ke,8,10,2026-08-11
BRO-1009,1e401c64-aea5-9092-c7c7-11e1e0c79b36,sai-ke,120,10,2026-08-11
BRO-1009,b39999e9-ac87-cd22-4751-5e4d2d25ae47,sai-ke,120,10,2026-08-11
BRO-1009,0f9aa6b8-15cc-0d9b-56c3-61f5f86544f9,sai-ke,0,10,2026-08-11
BRO-1010,bfb69fe8-1548-6f0b-3f13-f26c740f0c1f,sai-ke,8,10,2026-08-11
BRO-1010,8efa6771-e1d6-8ea8-08d8-13c5a1acffce,sai-ke,22,10,2026-08-11
BRO-1010,4e87eafa-e937-ff84-ae92-fc9068abf480,sai-ke,3,10,2026-08-11
BRO-1010,1e401c64-aea5-9092-c7c7-11e1e0c79b36,sai-ke,3,10,2026-08-11
BRO-1010,b39999e9-ac87-cd22-4751-5e4d2d25ae47,sai-ke,120,10,2026-08-11
BRO-1010,0f9aa6b8-15cc-0d9b-56c3-61f5f86544f9,sai-ke,48,10,2026-08-11
EPS-1011,bfb69fe8-1548-6f0b-3f13-f26c740f0c1f,sai-ke,3,10,2026-08-11
EPS-1011,8efa6771-e1d6-8ea8-08d8-13c5a1acffce,sai-ke,48,10,2026-08-11
EPS-1011,4e87eafa-e937-ff84-ae92-fc9068abf480,sai-ke,3,10,2026-08-11
EPS-1011,1e401c64-aea5-9092-c7c7-11e1e0c79b36,sai-ke,70,10,2026-08-11
EPS-1011,b39999e9-ac87-cd22-4751-5e4d2d25ae47,sai-ke,31,10,2026-08-11
EPS-1011,0f9aa6b8-15cc-0d9b-56c3-61f5f86544f9,sai-ke,120,10,2026-08-11
BRO-1012,bfb69fe8-1548-6f0b-3f13-f26c740f0c1f,sai-ke,3,10,2026-08-11
BRO-1012,8efa6771-e1d6-8ea8-08d8-13c5a1acffce,sai-ke,70,10,2026-08-11
BRO-1012,4e87eafa-e937-ff84-ae92-fc9068abf480,sai-ke,3,10,2026-08-11
BRO-1012,1e401c64-aea5-9092-c7c7-11e1e0c79b36,sai-ke,31,10,2026-08-11
BRO-1012,b39999e9-ac87-cd22-4751-5e4d2d25ae47,sai-ke,48,10,2026-08-11
BRO-1012,0f9aa6b8-15cc-0d9b-56c3-61f5f86544f9,sai-ke,0,10,2026-08-11
D-L-1013,bfb69fe8-1548-6f0b-3f13-f26c740f0c1f,sai-ke,180,10,2026-08-11
D-L-1013,8efa6771-e1d6-8ea8-08d8-13c5a1acffce,sai-ke,14,10,2026-08-11
D-L-1013,4e87eafa-e937-ff84-ae92-fc9068abf480,sai-ke,3,10,2026-08-11
D-L-1013,1e401c64-aea5-9092-c7c7-11e1e0c79b36,sai-ke,180,10,2026-08-11
D-L-1013,b39999e9-ac87-cd22-4751-5e4d2d25ae47,sai-ke,14,10,2026-08-11
D-L-1013,0f9aa6b8-15cc-0d9b-56c3-61f5f86544f9,sai-ke,120,10,2026-08-11
HP-1014,bfb69fe8-1548-6f0b-3f13-f26c740f0c1f,sai-ke,48,10,2026-08-11
HP-1014,8efa6771-e1d6-8ea8-08d8-13c5a1acffce,sai-ke,180,10,2026-08-11
HP-1014,4e87eafa-e937-ff84-ae92-fc9068abf480,sai-ke,70,10,2026-08-11
HP-1014,1e401c64-aea5-9092-c7c7-11e1e0c79b36,sai-ke,0,10,2026-08-11
HP-1014,b39999e9-ac87-cd22-4751-5e4d2d25ae47,sai-ke,31,10,2026-08-11
HP-1014,0f9aa6b8-15cc-0d9b-56c3-61f5f86544f9,sai-ke,14,10,2026-08-11
LEN-1015,bfb69fe8-1548-6f0b-3f13-f26c740f0c1f,sai-ke,180,10,2026-08-11
LEN-1015,8efa6771-e1d6-8ea8-08d8-13c5a1acffce,sai-ke,48,10,2026-08-11
LEN-1015,4e87eafa-e937-ff84-ae92-fc9068abf480,sai-ke,0,10,2026-08-11
LEN-1015,1e401c64-aea5-9092-c7c7-11e1e0c79b36,sai-ke,8,10,2026-08-11
LEN-1015,b39999e9-ac87-cd22-4751-5e4d2d25ae47,sai-ke,0,10,2026-08-11
LEN-1015,0f9aa6b8-15cc-0d9b-56c3-61f5f86544f9,sai-ke,31,10,2026-08-11
D-L-1016,bfb69fe8-1548-6f0b-3f13-f26c740f0c1f,sai-ke,8,10,2026-08-11
D-L-1016,8efa6771-e1d6-8ea8-08d8-13c5a1acffce,sai-ke,31,10,2026-08-11
D-L-1016,4e87eafa-e937-ff84-ae92-fc9068abf480,sai-ke,14,10,2026-08-11
D-L-1016,1e401c64-aea5-9092-c7c7-11e1e0c79b36,sai-ke,3,10,2026-08-11
D-L-1016,b39999e9-ac87-cd22-4751-5e4d2d25ae47,sai-ke,8,10,2026-08-11
D-L-1016,0f9aa6b8-15cc-0d9b-56c3-61f5f86544f9,sai-ke,120,10,2026-08-11
DEL-1017,bfb69fe8-1548-6f0b-3f13-f26c740f0c1f,sai-ke,180,10,2026-08-11
DEL-1017,8efa6771-e1d6-8ea8-08d8-13c5a1acffce,sai-ke,31,10,2026-08-11
DEL-1017,4e87eafa-e937-ff84-ae92-fc9068abf480,sai-ke,22,10,2026-08-11
DEL-1017,1e401c64-aea5-9092-c7c7-11e1e0c79b36,sai-ke,3,10,2026-08-11
DEL-1017,b39999e9-ac87-cd22-4751-5e4d2d25ae47,sai-ke,14,10,2026-08-11
DEL-1017,0f9aa6b8-15cc-0d9b-56c3-61f5f86544f9,sai-ke,48,10,2026-08-11
LEN-1018,bfb69fe8-1548-6f0b-3f13-f26c740f0c1f,sai-ke,22,10,2026-08-11
LEN-1018,8efa6771-e1d6-8ea8-08d8-13c5a1acffce,sai-ke,48,10,2026-08-11
LEN-1018,4e87eafa-e937-ff84-ae92-fc9068abf480,sai-ke,14,10,2026-08-11
LEN-1018,1e401c64-aea5-9092-c7c7-11e1e0c79b36,sai-ke,3,10,2026-08-11
LEN-1018,b39999e9-ac87-cd22-4751-5e4d2d25ae47,sai-ke,3,10,2026-08-11
LEN-1018,0f9aa6b8-15cc-0d9b-56c3-61f5f86544f9,sai-ke,120,10,2026-08-11
BRO-1019,bfb69fe8-1548-6f0b-3f13-f26c740f0c1f,sai-ke,0,10,2026-08-11
BRO-1019,8efa6771-e1d6-8ea8-08d8-13c5a1acffce,sai-ke,22,10,2026-08-11
BRO-1019,4e87eafa-e937-ff84-ae92-fc9068abf480,sai-ke,0,10,2026-08-11
BRO-1019,1e401c64-aea5-9092-c7c7-11e1e0c79b36,sai-ke,22,10,2026-08-11
BRO-1019,b39999e9-ac87-cd22-4751-5e4d2d25ae47,sai-ke,70,10,2026-08-11
BRO-1019,0f9aa6b8-15cc-0d9b-56c3-61f5f86544f9,sai-ke,3,10,2026-08-11
EPS-1020,bfb69fe8-1548-6f0b-3f13-f26c740f0c1f,sai-ke,180,10,2026-08-11
EPS-1020,8efa6771-e1d6-8ea8-08d8-13c5a1acffce,sai-ke,8,10,2026-08-11
EPS-1020,4e87eafa-e937-ff84-ae92-fc9068abf480,sai-ke,48,10,2026-08-11
EPS-1020,1e401c64-aea5-9092-c7c7-11e1e0c79b36,sai-ke,22,10,2026-08-11
EPS-1020,b39999e9-ac87-cd22-4751-5e4d2d25ae47,sai-ke,3,10,2026-08-11
EPS-1020,0f9aa6b8-15cc-0d9b-56c3-61f5f86544f9,sai-ke,0,10,2026-08-11
DEL-1021,bfb69fe8-1548-6f0b-3f13-f26c740f0c1f,sai-ke,3,10,2026-08-11
DEL-1021,8efa6771-e1d6-8ea8-08d8-13c5a1acffce,sai-ke,48,10,2026-08-11
DEL-1021,4e87eafa-e937-ff84-ae92-fc9068abf480,sai-ke,22,10,2026-08-11
DEL-1021,1e401c64-aea5-9092-c7c7-11e1e0c79b36,sai-ke,31,10,2026-08-11
DEL-1021,b39999e9-ac87-cd22-4751-5e4d2d25ae47,sai-ke,180,10,2026-08-11
DEL-1021,0f9aa6b8-15cc-0d9b-56c3-61f5f86544f9,sai-ke,8,10,2026-08-11
CAN-1022,bfb69fe8-1548-6f0b-3f13-f26c740f0c1f,sai-ke,180,10,2026-08-11
CAN-1022,8efa6771-e1d6-8ea8-08d8-13c5a1acffce,sai-ke,0,10,2026-08-11
CAN-1022,4e87eafa-e937-ff84-ae92-fc9068abf480,sai-ke,8,10,2026-08-11
CAN-1022,1e401c64-aea5-9092-c7c7-11e1e0c79b36,sai-ke,22,10,2026-08-11
CAN-1022,b39999e9-ac87-cd22-4751-5e4d2d25ae47,sai-ke,8,10,2026-08-11
CAN-1022,0f9aa6b8-15cc-0d9b-56c3-61f5f86544f9,sai-ke,120,10,2026-08-11
CAN-1023,bfb69fe8-1548-6f0b-3f13-f26c740f0c1f,sai-ke,14,10,2026-08-11
CAN-1023,8efa6771-e1d6-8ea8-08d8-13c5a1acffce,sai-ke,3,10,2026-08-11
CAN-1023,4e87eafa-e937-ff84-ae92-fc9068abf480,sai-ke,22,10,2026-08-11
CAN-1023,1e401c64-aea5-9092-c7c7-11e1e0c79b36,sai-ke,3,10,2026-08-11
CAN-1023,b39999e9-ac87-cd22-4751-5e4d2d25ae47,sai-ke,180,10,2026-08-11
CAN-1023,0f9aa6b8-15cc-0d9b-56c3-61f5f86544f9,sai-ke,48,10,2026-08-11
CAN-1024,bfb69fe8-1548-6f0b-3f13-f26c740f0c1f,sai-ke,22,10,2026-08-11
CAN-1024,8efa6771-e1d6-8ea8-08d8-13c5a1acffce,sai-ke,22,10,2026-08-11
CAN-1024,4e87eafa-e937-ff84-ae92-fc9068abf480,sai-ke,8,10,2026-08-11
CAN-1024,1e401c64-aea5-9092-c7c7-11e1e0c79b36,sai-ke,120,10,2026-08-11
CAN-1024,b39999e9-ac87-cd22-4751-5e4d2d25ae47,sai-ke,120,10,2026-08-11
CAN-1024,0f9aa6b8-15cc-0d9b-56c3-61f5f86544f9,sai-ke,120,10,2026-08-11
DEL-1025,bfb69fe8-1548-6f0b-3f13-f26c740f0c1f,sai-ke,14,10,2026-08-11
DEL-1025,8efa6771-e1d6-8ea8-08d8-13c5a1acffce,sai-ke,120,10,2026-08-11
DEL-1025,4e87eafa-e937-ff84-ae92-fc9068abf480,sai-ke,31,10,2026-08-11
DEL-1025,1e401c64-aea5-9092-c7c7-11e1e0c79b36,sai-ke,180,10,2026-08-11
DEL-1025,b39999e9-ac87-cd22-4751-5e4d2d25ae47,sai-ke,8,10,2026-08-11
DEL-1025,0f9aa6b8-15cc-0d9b-56c3-61f5f86544f9,sai-ke,8,10,2026-08-11
D-L-1026,bfb69fe8-1548-6f0b-3f13-f26c740f0c1f,sai-ke,14,10,2026-08-11
D-L-1026,8efa6771-e1d6-8ea8-08d8-13c5a1acffce,sai-ke,3,10,2026-08-11
D-L-1026,4e87eafa-e937-ff84-ae92-fc9068abf480,sai-ke,3,10,2026-08-11
D-L-1026,1e401c64-aea5-9092-c7c7-11e1e0c79b36,sai-ke,180,10,2026-08-11
D-L-1026,b39999e9-ac87-cd22-4751-5e4d2d25ae47,sai-ke,70,10,2026-08-11
D-L-1026,0f9aa6b8-15cc-0d9b-56c3-61f5f86544f9,sai-ke,3,10,2026-08-11
HP-1027,bfb69fe8-1548-6f0b-3f13-f26c740f0c1f,sai-ke,120,10,2026-08-11
HP-1027,8efa6771-e1d6-8ea8-08d8-13c5a1acffce,sai-ke,31,10,2026-08-11
HP-1027,4e87eafa-e937-ff84-ae92-fc9068abf480,sai-ke,8,10,2026-08-11
HP-1027,1e401c64-aea5-9092-c7c7-11e1e0c79b36,sai-ke,22,10,2026-08-11
HP-1027,b39999e9-ac87-cd22-4751-5e4d2d25ae47,sai-ke,8,10,2026-08-11
HP-1027,0f9aa6b8-15cc-0d9b-56c3-61f5f86544f9,sai-ke,31,10,2026-08-11
HP-1028,bfb69fe8-1548-6f0b-3f13-f26c740f0c1f,sai-ke,22,10,2026-08-11
HP-1028,8efa6771-e1d6-8ea8-08d8-13c5a1acffce,sai-ke,31,10,2026-08-11
HP-1028,4e87eafa-e937-ff84-ae92-fc9068abf480,sai-ke,3,10,2026-08-11
HP-1028,1e401c64-aea5-9092-c7c7-11e1e0c79b36,sai-ke,8,10,2026-08-11
HP-1028,b39999e9-ac87-cd22-4751-5e4d2d25ae47,sai-ke,120,10,2026-08-11
HP-1028,0f9aa6b8-15cc-0d9b-56c3-61f5f86544f9,sai-ke,120,10,2026-08-11
EPS-1029,bfb69fe8-1548-6f0b-3f13-f26c740f0c1f,sai-ke,22,10,2026-08-11
EPS-1029,8efa6771-e1d6-8ea8-08d8-13c5a1acffce,sai-ke,31,10,2026-08-11
EPS-1029,4e87eafa-e937-ff84-ae92-fc9068abf480,sai-ke,14,10,2026-08-11
EPS-1029,1e401c64-aea5-9092-c7c7-11e1e0c79b36,sai-ke,31,10,2026-08-11
EPS-1029,b39999e9-ac87-cd22-4751-5e4d2d25ae47,sai-ke,70,10,2026-08-11
EPS-1029,0f9aa6b8-15cc-0d9b-56c3-61f5f86544f9,sai-ke,48,10,2026-08-11
DEL-1030,bfb69fe8-1548-6f0b-3f13-f26c740f0c1f,sai-ke,8,10,2026-08-11
DEL-1030,8efa6771-e1d6-8ea8-08d8-13c5a1acffce,sai-ke,3,10,2026-08-11
DEL-1030,4e87eafa-e937-ff84-ae92-fc9068abf480,sai-ke,70,10,2026-08-11
DEL-1030,1e401c64-aea5-9092-c7c7-11e1e0c79b36,sai-ke,3,10,2026-08-11
DEL-1030,b39999e9-ac87-cd22-4751-5e4d2d25ae47,sai-ke,0,10,2026-08-11
DEL-1030,0f9aa6b8-15cc-0d9b-56c3-61f5f86544f9,sai-ke,31,10,2026-08-11
HP-1031,bfb69fe8-1548-6f0b-3f13-f26c740f0c1f,sai-ke,0,10,2026-08-11
HP-1031,8efa6771-e1d6-8ea8-08d8-13c5a1acffce,sai-ke,22,10,2026-08-11
HP-1031,4e87eafa-e937-ff84-ae92-fc9068abf480,sai-ke,14,10,2026-08-11
HP-1031,1e401c64-aea5-9092-c7c7-11e1e0c79b36,sai-ke,180,10,2026-08-11
HP-1031,b39999e9-ac87-cd22-4751-5e4d2d25ae47,sai-ke,120,10,2026-08-11
HP-1031,0f9aa6b8-15cc-0d9b-56c3-61f5f86544f9,sai-ke,120,10,2026-08-11
LEN-1032,bfb69fe8-1548-6f0b-3f13-f26c740f0c1f,sai-ke,8,10,2026-08-11
LEN-1032,8efa6771-e1d6-8ea8-08d8-13c5a1acffce,sai-ke,48,10,2026-08-11
LEN-1032,4e87eafa-e937-ff84-ae92-fc9068abf480,sai-ke,3,10,2026-08-11
LEN-1032,1e401c64-aea5-9092-c7c7-11e1e0c79b36,sai-ke,48,10,2026-08-11
LEN-1032,b39999e9-ac87-cd22-4751-5e4d2d25ae47,sai-ke,8,10,2026-08-11
LEN-1032,0f9aa6b8-15cc-0d9b-56c3-61f5f86544f9,sai-ke,14,10,2026-08-11
BRO-1033,bfb69fe8-1548-6f0b-3f13-f26c740f0c1f,sai-ke,0,10,2026-08-11
BRO-1033,8efa6771-e1d6-8ea8-08d8-13c5a1acffce,sai-ke,120,10,2026-08-11
BRO-1033,4e87eafa-e937-ff84-ae92-fc9068abf480,sai-ke,31,10,2026-08-11
BRO-1033,1e401c64-aea5-9092-c7c7-11e1e0c79b36,sai-ke,0,10,2026-08-11
BRO-1033,b39999e9-ac87-cd22-4751-5e4d2d25ae47,sai-ke,31,10,2026-08-11
BRO-1033,0f9aa6b8-15cc-0d9b-56c3-61f5f86544f9,sai-ke,120,10,2026-08-11
LEN-1034,bfb69fe8-1548-6f0b-3f13-f26c740f0c1f,sai-ke,31,10,2026-08-11
LEN-1034,8efa6771-e1d6-8ea8-08d8-13c5a1acffce,sai-ke,8,10,2026-08-11
LEN-1034,4e87eafa-e937-ff84-ae92-fc9068abf480,sai-ke,70,10,2026-08-11
LEN-1034,1e401c64-aea5-9092-c7c7-11e1e0c79b36,sai-ke,3,10,2026-08-11
LEN-1034,b39999e9-ac87-cd22-4751-5e4d2d25ae47,sai-ke,180,10,2026-08-11
LEN-1034,0f9aa6b8-15cc-0d9b-56c3-61f5f86544f9,sai-ke,0,10,2026-08-11
LEN-1035,bfb69fe8-1548-6f0b-3f13-f26c740f0c1f,sai-ke,3,10,2026-08-11
LEN-1035,8efa6771-e1d6-8ea8-08d8-13c5a1acffce,sai-ke,70,10,2026-08-11
LEN-1035,4e87eafa-e937-ff84-ae92-fc9068abf480,sai-ke,22,10,2026-08-11
LEN-1035,1e401c64-aea5-9092-c7c7-11e1e0c79b36,sai-ke,3,10,2026-08-11
LEN-1035,b39999e9-ac87-cd22-4751-5e4d2d25ae47,sai-ke,48,10,2026-08-11
LEN-1035,0f9aa6b8-15cc-0d9b-56c3-61f5f86544f9,sai-ke,0,10,2026-08-11
EPS-1036,bfb69fe8-1548-6f0b-3f13-f26c740f0c1f,sai-ke,31,10,2026-08-11
EPS-1036,8efa6771-e1d6-8ea8-08d8-13c5a1acffce,sai-ke,120,10,2026-08-11
EPS-1036,4e87eafa-e937-ff84-ae92-fc9068abf480,sai-ke,48,10,2026-08-11
EPS-1036,1e401c64-aea5-9092-c7c7-11e1e0c79b36,sai-ke,70,10,2026-08-11
EPS-1036,b39999e9-ac87-cd22-4751-5e4d2d25ae47,sai-ke,120,10,2026-08-11
EPS-1036,0f9aa6b8-15cc-0d9b-56c3-61f5f86544f9,sai-ke,48,10,2026-08-11
CAN-1037,bfb69fe8-1548-6f0b-3f13-f26c740f0c1f,sai-ke,3,10,2026-08-11
CAN-1037,8efa6771-e1d6-8ea8-08d8-13c5a1acffce,sai-ke,14,10,2026-08-11
CAN-1037,4e87eafa-e937-ff84-ae92-fc9068abf480,sai-ke,31,10,2026-08-11
CAN-1037,1e401c64-aea5-9092-c7c7-11e1e0c79b36,sai-ke,22,10,2026-08-11
CAN-1037,b39999e9-ac87-cd22-4751-5e4d2d25ae47,sai-ke,3,10,2026-08-11
CAN-1037,0f9aa6b8-15cc-0d9b-56c3-61f5f86544f9,sai-ke,22,10,2026-08-11
BRO-1038,bfb69fe8-1548-6f0b-3f13-f26c740f0c1f,sai-ke,22,10,2026-08-11
BRO-1038,8efa6771-e1d6-8ea8-08d8-13c5a1acffce,sai-ke,31,10,2026-08-11
BRO-1038,4e87eafa-e937-ff84-ae92-fc9068abf480,sai-ke,48,10,2026-08-11
BRO-1038,1e401c64-aea5-9092-c7c7-11e1e0c79b36,sai-ke,48,10,2026-08-11
BRO-1038,b39999e9-ac87-cd22-4751-5e4d2d25ae47,sai-ke,0,10,2026-08-11
BRO-1038,0f9aa6b8-15cc-0d9b-56c3-61f5f86544f9,sai-ke,14,10,2026-08-11
D-L-1039,bfb69fe8-1548-6f0b-3f13-f26c740f0c1f,sai-ke,8,10,2026-08-11
D-L-1039,8efa6771-e1d6-8ea8-08d8-13c5a1acffce,sai-ke,22,10,2026-08-11
D-L-1039,4e87eafa-e937-ff84-ae92-fc9068abf480,sai-ke,8,10,2026-08-11
D-L-1039,1e401c64-aea5-9092-c7c7-11e1e0c79b36,sai-ke,31,10,2026-08-11
D-L-1039,b39999e9-ac87-cd22-4751-5e4d2d25ae47,sai-ke,70,10,2026-08-11
D-L-1039,0f9aa6b8-15cc-0d9b-56c3-61f5f86544f9,sai-ke,0,10,2026-08-11
CAN-1040,bfb69fe8-1548-6f0b-3f13-f26c740f0c1f,sai-ke,14,10,2026-08-11
CAN-1040,8efa6771-e1d6-8ea8-08d8-13c5a1acffce,sai-ke,0,10,2026-08-11
CAN-1040,4e87eafa-e937-ff84-ae92-fc9068abf480,sai-ke,48,10,2026-08-11
CAN-1040,1e401c64-aea5-9092-c7c7-11e1e0c79b36,sai-ke,3,10,2026-08-11
CAN-1040,b39999e9-ac87-cd22-4751-5e4d2d25ae47,sai-ke,8,10,2026-08-11
CAN-1040,0f9aa6b8-15cc-0d9b-56c3-61f5f86544f9,sai-ke,3,10,2026-08-11
DEL-1041,bfb69fe8-1548-6f0b-3f13-f26c740f0c1f,sai-ke,3,10,2026-08-11
DEL-1041,8efa6771-e1d6-8ea8-08d8-13c5a1acffce,sai-ke,70,10,2026-08-11
DEL-1041,4e87eafa-e937-ff84-ae92-fc9068abf480,sai-ke,3,10,2026-08-11
DEL-1041,1e401c64-aea5-9092-c7c7-11e1e0c79b36,sai-ke,3,10,2026-08-11
DEL-1041,b39999e9-ac87-cd22-4751-5e4d2d25ae47,sai-ke,22,10,2026-08-11
DEL-1041,0f9aa6b8-15cc-0d9b-56c3-61f5f86544f9,sai-ke,0,10,2026-08-11
LEN-1042,bfb69fe8-1548-6f0b-3f13-f26c740f0c1f,sai-ke,70,10,2026-08-11
LEN-1042,8efa6771-e1d6-8ea8-08d8-13c5a1acffce,sai-ke,31,10,2026-08-11
LEN-1042,4e87eafa-e937-ff84-ae92-fc9068abf480,sai-ke,31,10,2026-08-11
LEN-1042,1e401c64-aea5-9092-c7c7-11e1e0c79b36,sai-ke,0,10,2026-08-11
LEN-1042,b39999e9-ac87-cd22-4751-5e4d2d25ae47,sai-ke,14,10,2026-08-11
LEN-1042,0f9aa6b8-15cc-0d9b-56c3-61f5f86544f9,sai-ke,0,10,2026-08-11
HP-1043,bfb69fe8-1548-6f0b-3f13-f26c740f0c1f,sai-ke,0,10,2026-08-11
HP-1043,8efa6771-e1d6-8ea8-08d8-13c5a1acffce,sai-ke,8,10,2026-08-11
HP-1043,4e87eafa-e937-ff84-ae92-fc9068abf480,sai-ke,0,10,2026-08-11
HP-1043,1e401c64-aea5-9092-c7c7-11e1e0c79b36,sai-ke,180,10,2026-08-11
HP-1043,b39999e9-ac87-cd22-4751-5e4d2d25ae47,sai-ke,70,10,2026-08-11
HP-1043,0f9aa6b8-15cc-0d9b-56c3-61f5f86544f9,sai-ke,70,10,2026-08-11
CAN-1044,bfb69fe8-1548-6f0b-3f13-f26c740f0c1f,sai-ke,8,10,2026-08-11
CAN-1044,8efa6771-e1d6-8ea8-08d8-13c5a1acffce,sai-ke,70,10,2026-08-11
CAN-1044,4e87eafa-e937-ff84-ae92-fc9068abf480,sai-ke,14,10,2026-08-11
CAN-1044,1e401c64-aea5-9092-c7c7-11e1e0c79b36,sai-ke,22,10,2026-08-11
CAN-1044,b39999e9-ac87-cd22-4751-5e4d2d25ae47,sai-ke,22,10,2026-08-11
CAN-1044,0f9aa6b8-15cc-0d9b-56c3-61f5f86544f9,sai-ke,8,10,2026-08-11
EPS-1045,bfb69fe8-1548-6f0b-3f13-f26c740f0c1f,sai-ke,120,10,2026-08-11
EPS-1045,8efa6771-e1d6-8ea8-08d8-13c5a1acffce,sai-ke,120,10,2026-08-11
EPS-1045,4e87eafa-e937-ff84-ae92-fc9068abf480,sai-ke,120,10,2026-08-11
EPS-1045,1e401c64-aea5-9092-c7c7-11e1e0c79b36,sai-ke,31,10,2026-08-11
EPS-1045,b39999e9-ac87-cd22-4751-5e4d2d25ae47,sai-ke,120,10,2026-08-11
EPS-1045,0f9aa6b8-15cc-0d9b-56c3-61f5f86544f9,sai-ke,70,10,2026-08-11
EPS-1046,bfb69fe8-1548-6f0b-3f13-f26c740f0c1f,sai-ke,48,10,2026-08-11
EPS-1046,8efa6771-e1d6-8ea8-08d8-13c5a1acffce,sai-ke,180,10,2026-08-11
EPS-1046,4e87eafa-e937-ff84-ae92-fc9068abf480,sai-ke,14,10,2026-08-11
EPS-1046,1e401c64-aea5-9092-c7c7-11e1e0c79b36,sai-ke,120,10,2026-08-11
EPS-1046,b39999e9-ac87-cd22-4751-5e4d2d25ae47,sai-ke,8,10,2026-08-11
EPS-1046,0f9aa6b8-15cc-0d9b-56c3-61f5f86544f9,sai-ke,14,10,2026-08-11
HP-1047,bfb69fe8-1548-6f0b-3f13-f26c740f0c1f,sai-ke,180,10,2026-08-11
HP-1047,8efa6771-e1d6-8ea8-08d8-13c5a1acffce,sai-ke,22,10,2026-08-11
HP-1047,4e87eafa-e937-ff84-ae92-fc9068abf480,sai-ke,31,10,2026-08-11
HP-1047,1e401c64-aea5-9092-c7c7-11e1e0c79b36,sai-ke,0,10,2026-08-11
HP-1047,b39999e9-ac87-cd22-4751-5e4d2d25ae47,sai-ke,180,10,2026-08-11
HP-1047,0f9aa6b8-15cc-0d9b-56c3-61f5f86544f9,sai-ke,70,10,2026-08-11
CAN-1048,bfb69fe8-1548-6f0b-3f13-f26c740f0c1f,sai-ke,22,10,2026-08-11
CAN-1048,8efa6771-e1d6-8ea8-08d8-13c5a1acffce,sai-ke,48,10,2026-08-11
CAN-1048,4e87eafa-e937-ff84-ae92-fc9068abf480,sai-ke,180,10,2026-08-11
CAN-1048,1e401c64-aea5-9092-c7c7-11e1e0c79b36,sai-ke,48,10,2026-08-11
CAN-1048,b39999e9-ac87-cd22-4751-5e4d2d25ae47,sai-ke,48,10,2026-08-11
CAN-1048,0f9aa6b8-15cc-0d9b-56c3-61f5f86544f9,sai-ke,8,10,2026-08-11
BRO-1049,bfb69fe8-1548-6f0b-3f13-f26c740f0c1f,sai-ke,8,10,2026-08-11
BRO-1049,8efa6771-e1d6-8ea8-08d8-13c5a1acffce,sai-ke,31,10,2026-08-11
BRO-1049,4e87eafa-e937-ff84-ae92-fc9068abf480,sai-ke,180,10,2026-08-11
BRO-1049,1e401c64-aea5-9092-c7c7-11e1e0c79b36,sai-ke,14,10,2026-08-11
BRO-1049,b39999e9-ac87-cd22-4751-5e4d2d25ae47,sai-ke,31,10,2026-08-11
BRO-1049,0f9aa6b8-15cc-0d9b-56c3-61f5f86544f9,sai-ke,14,10,2026-08-11
HP-1050,bfb69fe8-1548-6f0b-3f13-f26c740f0c1f,sai-ke,8,10,2026-08-11
HP-1050,8efa6771-e1d6-8ea8-08d8-13c5a1acffce,sai-ke,22,10,2026-08-11
HP-1050,4e87eafa-e937-ff84-ae92-fc9068abf480,sai-ke,70,10,2026-08-11
HP-1050,1e401c64-aea5-9092-c7c7-11e1e0c79b36,sai-ke,120,10,2026-08-11
HP-1050,b39999e9-ac87-cd22-4751-5e4d2d25ae47,sai-ke,31,10,2026-08-11
HP-1050,0f9aa6b8-15cc-0d9b-56c3-61f5f86544f9,sai-ke,8,10,2026-08-11
D-L-1051,bfb69fe8-1548-6f0b-3f13-f26c740f0c1f,sai-ke,3,10,2026-08-11
D-L-1051,8efa6771-e1d6-8ea8-08d8-13c5a1acffce,sai-ke,31,10,2026-08-11
D-L-1051,4e87eafa-e937-ff84-ae92-fc9068abf480,sai-ke,0,10,2026-08-11
D-L-1051,1e401c64-aea5-9092-c7c7-11e1e0c79b36,sai-ke,0,10,2026-08-11
D-L-1051,b39999e9-ac87-cd22-4751-5e4d2d25ae47,sai-ke,3,10,2026-08-11
D-L-1051,0f9aa6b8-15cc-0d9b-56c3-61f5f86544f9,sai-ke,22,10,2026-08-11
BRO-1052,bfb69fe8-1548-6f0b-3f13-f26c740f0c1f,sai-ke,180,10,2026-08-11
BRO-1052,8efa6771-e1d6-8ea8-08d8-13c5a1acffce,sai-ke,3,10,2026-08-11
BRO-1052,4e87eafa-e937-ff84-ae92-fc9068abf480,sai-ke,180,10,2026-08-11
BRO-1052,1e401c64-aea5-9092-c7c7-11e1e0c79b36,sai-ke,3,10,2026-08-11
BRO-1052,b39999e9-ac87-cd22-4751-5e4d2d25ae47,sai-ke,8,10,2026-08-11
BRO-1052,0f9aa6b8-15cc-0d9b-56c3-61f5f86544f9,sai-ke,3,10,2026-08-11
D-L-1053,bfb69fe8-1548-6f0b-3f13-f26c740f0c1f,sai-ke,22,10,2026-08-11
D-L-1053,8efa6771-e1d6-8ea8-08d8-13c5a1acffce,sai-ke,0,10,2026-08-11
D-L-1053,4e87eafa-e937-ff84-ae92-fc9068abf480,sai-ke,0,10,2026-08-11
D-L-1053,1e401c64-aea5-9092-c7c7-11e1e0c79b36,sai-ke,22,10,2026-08-11
D-L-1053,b39999e9-ac87-cd22-4751-5e4d2d25ae47,sai-ke,120,10,2026-08-11
D-L-1053,0f9aa6b8-15cc-0d9b-56c3-61f5f86544f9,sai-ke,70,10,2026-08-11
DEL-1054,bfb69fe8-1548-6f0b-3f13-f26c740f0c1f,sai-ke,180,10,2026-08-11
DEL-1054,8efa6771-e1d6-8ea8-08d8-13c5a1acffce,sai-ke,31,10,2026-08-11
DEL-1054,4e87eafa-e937-ff84-ae92-fc9068abf480,sai-ke,3,10,2026-08-11
DEL-1054,1e401c64-aea5-9092-c7c7-11e1e0c79b36,sai-ke,48,10,2026-08-11
DEL-1054,b39999e9-ac87-cd22-4751-5e4d2d25ae47,sai-ke,31,10,2026-08-11
DEL-1054,0f9aa6b8-15cc-0d9b-56c3-61f5f86544f9,sai-ke,70,10,2026-08-11
HP-1055,bfb69fe8-1548-6f0b-3f13-f26c740f0c1f,sai-ke,70,10,2026-08-11
HP-1055,8efa6771-e1d6-8ea8-08d8-13c5a1acffce,sai-ke,48,10,2026-08-11
HP-1055,4e87eafa-e937-ff84-ae92-fc9068abf480,sai-ke,22,10,2026-08-11
HP-1055,1e401c64-aea5-9092-c7c7-11e1e0c79b36,sai-ke,120,10,2026-08-11
HP-1055,b39999e9-ac87-cd22-4751-5e4d2d25ae47,sai-ke,0,10,2026-08-11
HP-1055,0f9aa6b8-15cc-0d9b-56c3-61f5f86544f9,sai-ke,3,10,2026-08-11
BRO-1056,bfb69fe8-1548-6f0b-3f13-f26c740f0c1f,sai-ke,48,10,2026-08-11
BRO-1056,8efa6771-e1d6-8ea8-08d8-13c5a1acffce,sai-ke,8,10,2026-08-11
BRO-1056,4e87eafa-e937-ff84-ae92-fc9068abf480,sai-ke,22,10,2026-08-11
BRO-1056,1e401c64-aea5-9092-c7c7-11e1e0c79b36,sai-ke,14,10,2026-08-11
BRO-1056,b39999e9-ac87-cd22-4751-5e4d2d25ae47,sai-ke,70,10,2026-08-11
BRO-1056,0f9aa6b8-15cc-0d9b-56c3-61f5f86544f9,sai-ke,22,10,2026-08-11
D-L-1057,bfb69fe8-1548-6f0b-3f13-f26c740f0c1f,sai-ke,3,10,2026-08-11
D-L-1057,8efa6771-e1d6-8ea8-08d8-13c5a1acffce,sai-ke,14,10,2026-08-11
D-L-1057,4e87eafa-e937-ff84-ae92-fc9068abf480,sai-ke,48,10,2026-08-11
D-L-1057,1e401c64-aea5-9092-c7c7-11e1e0c79b36,sai-ke,3,10,2026-08-11
D-L-1057,b39999e9-ac87-cd22-4751-5e4d2d25ae47,sai-ke,14,10,2026-08-11
D-L-1057,0f9aa6b8-15cc-0d9b-56c3-61f5f86544f9,sai-ke,3,10,2026-08-11
EPS-1058,bfb69fe8-1548-6f0b-3f13-f26c740f0c1f,sai-ke,22,10,2026-08-11
EPS-1058,8efa6771-e1d6-8ea8-08d8-13c5a1acffce,sai-ke,22,10,2026-08-11
EPS-1058,4e87eafa-e937-ff84-ae92-fc9068abf480,sai-ke,120,10,2026-08-11
EPS-1058,1e401c64-aea5-9092-c7c7-11e1e0c79b36,sai-ke,48,10,2026-08-11
EPS-1058,b39999e9-ac87-cd22-4751-5e4d2d25ae47,sai-ke,22,10,2026-08-11
EPS-1058,0f9aa6b8-15cc-0d9b-56c3-61f5f86544f9,sai-ke,120,10,2026-08-11
D-L-1059,bfb69fe8-1548-6f0b-3f13-f26c740f0c1f,sai-ke,70,10,2026-08-11
D-L-1059,8efa6771-e1d6-8ea8-08d8-13c5a1acffce,sai-ke,48,10,2026-08-11
D-L-1059,4e87eafa-e937-ff84-ae92-fc9068abf480,sai-ke,48,10,2026-08-11
D-L-1059,1e401c64-aea5-9092-c7c7-11e1e0c79b36,sai-ke,3,10,2026-08-11
D-L-1059,b39999e9-ac87-cd22-4751-5e4d2d25ae47,sai-ke,22,10,2026-08-11
D-L-1059,0f9aa6b8-15cc-0d9b-56c3-61f5f86544f9,sai-ke,48,10,2026-08-11
CAN-1060,bfb69fe8-1548-6f0b-3f13-f26c740f0c1f,sai-ke,8,10,2026-08-11
CAN-1060,8efa6771-e1d6-8ea8-08d8-13c5a1acffce,sai-ke,14,10,2026-08-11
CAN-1060,4e87eafa-e937-ff84-ae92-fc9068abf480,sai-ke,0,10,2026-08-11
CAN-1060,1e401c64-aea5-9092-c7c7-11e1e0c79b36,sai-ke,22,10,2026-08-11
CAN-1060,b39999e9-ac87-cd22-4751-5e4d2d25ae47,sai-ke,0,10,2026-08-11
CAN-1060,0f9aa6b8-15cc-0d9b-56c3-61f5f86544f9,sai-ke,22,10,2026-08-11
CAN-1061,bfb69fe8-1548-6f0b-3f13-f26c740f0c1f,sai-ke,180,10,2026-08-11
CAN-1061,8efa6771-e1d6-8ea8-08d8-13c5a1acffce,sai-ke,0,10,2026-08-11
CAN-1061,4e87eafa-e937-ff84-ae92-fc9068abf480,sai-ke,3,10,2026-08-11
CAN-1061,1e401c64-aea5-9092-c7c7-11e1e0c79b36,sai-ke,48,10,2026-08-11
CAN-1061,b39999e9-ac87-cd22-4751-5e4d2d25ae47,sai-ke,120,10,2026-08-11
CAN-1061,0f9aa6b8-15cc-0d9b-56c3-61f5f86544f9,sai-ke,48,10,2026-08-11
LEN-1062,bfb69fe8-1548-6f0b-3f13-f26c740f0c1f,sai-ke,3,10,2026-08-11
LEN-1062,8efa6771-e1d6-8ea8-08d8-13c5a1acffce,sai-ke,31,10,2026-08-11
LEN-1062,4e87eafa-e937-ff84-ae92-fc9068abf480,sai-ke,8,10,2026-08-11
LEN-1062,1e401c64-aea5-9092-c7c7-11e1e0c79b36,sai-ke,3,10,2026-08-11
LEN-1062,b39999e9-ac87-cd22-4751-5e4d2d25ae47,sai-ke,22,10,2026-08-11
LEN-1062,0f9aa6b8-15cc-0d9b-56c3-61f5f86544f9,sai-ke,8,10,2026-08-11
DEL-1063,bfb69fe8-1548-6f0b-3f13-f26c740f0c1f,sai-ke,0,10,2026-08-11
DEL-1063,8efa6771-e1d6-8ea8-08d8-13c5a1acffce,sai-ke,48,10,2026-08-11
DEL-1063,4e87eafa-e937-ff84-ae92-fc9068abf480,sai-ke,0,10,2026-08-11
DEL-1063,1e401c64-aea5-9092-c7c7-11e1e0c79b36,sai-ke,120,10,2026-08-11
DEL-1063,b39999e9-ac87-cd22-4751-5e4d2d25ae47,sai-ke,70,10,2026-08-11
DEL-1063,0f9aa6b8-15cc-0d9b-56c3-61f5f86544f9,sai-ke,8,10,2026-08-11
D-L-1064,bfb69fe8-1548-6f0b-3f13-f26c740f0c1f,sai-ke,31,10,2026-08-11
D-L-1064,8efa6771-e1d6-8ea8-08d8-13c5a1acffce,sai-ke,120,10,2026-08-11
D-L-1064,4e87eafa-e937-ff84-ae92-fc9068abf480,sai-ke,3,10,2026-08-11
D-L-1064,1e401c64-aea5-9092-c7c7-11e1e0c79b36,sai-ke,120,10,2026-08-11
D-L-1064,b39999e9-ac87-cd22-4751-5e4d2d25ae47,sai-ke,0,10,2026-08-11
D-L-1064,0f9aa6b8-15cc-0d9b-56c3-61f5f86544f9,sai-ke,120,10,2026-08-11
LEN-1065,bfb69fe8-1548-6f0b-3f13-f26c740f0c1f,sai-ke,3,10,2026-08-11
LEN-1065,8efa6771-e1d6-8ea8-08d8-13c5a1acffce,sai-ke,180,10,2026-08-11
LEN-1065,4e87eafa-e937-ff84-ae92-fc9068abf480,sai-ke,8,10,2026-08-11
LEN-1065,1e401c64-aea5-9092-c7c7-11e1e0c79b36,sai-ke,70,10,2026-08-11
LEN-1065,b39999e9-ac87-cd22-4751-5e4d2d25ae47,sai-ke,3,10,2026-08-11
LEN-1065,0f9aa6b8-15cc-0d9b-56c3-61f5f86544f9,sai-ke,120,10,2026-08-11
CAN-1066,bfb69fe8-1548-6f0b-3f13-f26c740f0c1f,sai-ke,70,10,2026-08-11
CAN-1066,8efa6771-e1d6-8ea8-08d8-13c5a1acffce,sai-ke,3,10,2026-08-11
CAN-1066,4e87eafa-e937-ff84-ae92-fc9068abf480,sai-ke,14,10,2026-08-11
CAN-1066,1e401c64-aea5-9092-c7c7-11e1e0c79b36,sai-ke,14,10,2026-08-11
CAN-1066,b39999e9-ac87-cd22-4751-5e4d2d25ae47,sai-ke,48,10,2026-08-11
CAN-1066,0f9aa6b8-15cc-0d9b-56c3-61f5f86544f9,sai-ke,48,10,2026-08-11
LEN-1067,bfb69fe8-1548-6f0b-3f13-f26c740f0c1f,sai-ke,48,10,2026-08-11
LEN-1067,8efa6771-e1d6-8ea8-08d8-13c5a1acffce,sai-ke,31,10,2026-08-11
LEN-1067,4e87eafa-e937-ff84-ae92-fc9068abf480,sai-ke,8,10,2026-08-11
LEN-1067,1e401c64-aea5-9092-c7c7-11e1e0c79b36,sai-ke,8,10,2026-08-11
LEN-1067,b39999e9-ac87-cd22-4751-5e4d2d25ae47,sai-ke,120,10,2026-08-11
LEN-1067,0f9aa6b8-15cc-0d9b-56c3-61f5f86544f9,sai-ke,120,10,2026-08-11
HP-1068,bfb69fe8-1548-6f0b-3f13-f26c740f0c1f,sai-ke,70,10,2026-08-11
HP-1068,8efa6771-e1d6-8ea8-08d8-13c5a1acffce,sai-ke,8,10,2026-08-11
HP-1068,4e87eafa-e937-ff84-ae92-fc9068abf480,sai-ke,180,10,2026-08-11
HP-1068,1e401c64-aea5-9092-c7c7-11e1e0c79b36,sai-ke,22,10,2026-08-11
HP-1068,b39999e9-ac87-cd22-4751-5e4d2d25ae47,sai-ke,8,10,2026-08-11
HP-1068,0f9aa6b8-15cc-0d9b-56c3-61f5f86544f9,sai-ke,31,10,2026-08-11
CAN-1069,bfb69fe8-1548-6f0b-3f13-f26c740f0c1f,sai-ke,8,10,2026-08-11
CAN-1069,8efa6771-e1d6-8ea8-08d8-13c5a1acffce,sai-ke,48,10,2026-08-11
CAN-1069,4e87eafa-e937-ff84-ae92-fc9068abf480,sai-ke,31,10,2026-08-11
CAN-1069,1e401c64-aea5-9092-c7c7-11e1e0c79b36,sai-ke,70,10,2026-08-11
CAN-1069,b39999e9-ac87-cd22-4751-5e4d2d25ae47,sai-ke,31,10,2026-08-11
CAN-1069,0f9aa6b8-15cc-0d9b-56c3-61f5f86544f9,sai-ke,22,10,2026-08-11
D-L-1070,bfb69fe8-1548-6f0b-3f13-f26c740f0c1f,sai-ke,3,10,2026-08-11
D-L-1070,8efa6771-e1d6-8ea8-08d8-13c5a1acffce,sai-ke,180,10,2026-08-11
D-L-1070,4e87eafa-e937-ff84-ae92-fc9068abf480,sai-ke,8,10,2026-08-11
D-L-1070,1e401c64-aea5-9092-c7c7-11e1e0c79b36,sai-ke,70,10,2026-08-11
D-L-1070,b39999e9-ac87-cd22-4751-5e4d2d25ae47,sai-ke,8,10,2026-08-11
D-L-1070,0f9aa6b8-15cc-0d9b-56c3-61f5f86544f9,sai-ke,3,10,2026-08-11
LEN-1071,bfb69fe8-1548-6f0b-3f13-f26c740f0c1f,sai-ke,48,10,2026-08-11
LEN-1071,8efa6771-e1d6-8ea8-08d8-13c5a1acffce,sai-ke,70,10,2026-08-11
LEN-1071,4e87eafa-e937-ff84-ae92-fc9068abf480,sai-ke,180,10,2026-08-11
LEN-1071,1e401c64-aea5-9092-c7c7-11e1e0c79b36,sai-ke,120,10,2026-08-11
LEN-1071,b39999e9-ac87-cd22-4751-5e4d2d25ae47,sai-ke,48,10,2026-08-11
LEN-1071,0f9aa6b8-15cc-0d9b-56c3-61f5f86544f9,sai-ke,120,10,2026-08-11
D-L-1072,bfb69fe8-1548-6f0b-3f13-f26c740f0c1f,sai-ke,0,10,2026-08-11
D-L-1072,8efa6771-e1d6-8ea8-08d8-13c5a1acffce,sai-ke,8,10,2026-08-11
D-L-1072,4e87eafa-e937-ff84-ae92-fc9068abf480,sai-ke,70,10,2026-08-11
D-L-1072,1e401c64-aea5-9092-c7c7-11e1e0c79b36,sai-ke,48,10,2026-08-11
D-L-1072,b39999e9-ac87-cd22-4751-5e4d2d25ae47,sai-ke,48,10,2026-08-11
D-L-1072,0f9aa6b8-15cc-0d9b-56c3-61f5f86544f9,sai-ke,0,10,2026-08-11
D-L-1073,bfb69fe8-1548-6f0b-3f13-f26c740f0c1f,sai-ke,70,10,2026-08-11
D-L-1073,8efa6771-e1d6-8ea8-08d8-13c5a1acffce,sai-ke,0,10,2026-08-11
D-L-1073,4e87eafa-e937-ff84-ae92-fc9068abf480,sai-ke,180,10,2026-08-11
D-L-1073,1e401c64-aea5-9092-c7c7-11e1e0c79b36,sai-ke,8,10,2026-08-11
D-L-1073,b39999e9-ac87-cd22-4751-5e4d2d25ae47,sai-ke,120,10,2026-08-11
D-L-1073,0f9aa6b8-15cc-0d9b-56c3-61f5f86544f9,sai-ke,120,10,2026-08-11
D-L-1074,bfb69fe8-1548-6f0b-3f13-f26c740f0c1f,sai-ke,180,10,2026-08-11
D-L-1074,8efa6771-e1d6-8ea8-08d8-13c5a1acffce,sai-ke,22,10,2026-08-11
D-L-1074,4e87eafa-e937-ff84-ae92-fc9068abf480,sai-ke,3,10,2026-08-11
D-L-1074,1e401c64-aea5-9092-c7c7-11e1e0c79b36,sai-ke,0,10,2026-08-11
D-L-1074,b39999e9-ac87-cd22-4751-5e4d2d25ae47,sai-ke,3,10,2026-08-11
D-L-1074,0f9aa6b8-15cc-0d9b-56c3-61f5f86544f9,sai-ke,3,10,2026-08-11
D-L-1075,bfb69fe8-1548-6f0b-3f13-f26c740f0c1f,sai-ke,3,10,2026-08-11
D-L-1075,8efa6771-e1d6-8ea8-08d8-13c5a1acffce,sai-ke,3,10,2026-08-11
D-L-1075,4e87eafa-e937-ff84-ae92-fc9068abf480,sai-ke,120,10,2026-08-11
D-L-1075,1e401c64-aea5-9092-c7c7-11e1e0c79b36,sai-ke,120,10,2026-08-11
D-L-1075,b39999e9-ac87-cd22-4751-5e4d2d25ae47,sai-ke,3,10,2026-08-11
D-L-1075,0f9aa6b8-15cc-0d9b-56c3-61f5f86544f9,sai-ke,31,10,2026-08-11
D-L-1076,bfb69fe8-1548-6f0b-3f13-f26c740f0c1f,sai-ke,31,10,2026-08-11
D-L-1076,8efa6771-e1d6-8ea8-08d8-13c5a1acffce,sai-ke,0,10,2026-08-11
D-L-1076,4e87eafa-e937-ff84-ae92-fc9068abf480,sai-ke,31,10,2026-08-11
D-L-1076,1e401c64-aea5-9092-c7c7-11e1e0c79b36,sai-ke,180,10,2026-08-11
D-L-1076,b39999e9-ac87-cd22-4751-5e4d2d25ae47,sai-ke,180,10,2026-08-11
D-L-1076,0f9aa6b8-15cc-0d9b-56c3-61f5f86544f9,sai-ke,22,10,2026-08-11
DEL-1077,bfb69fe8-1548-6f0b-3f13-f26c740f0c1f,sai-ke,0,10,2026-08-11
DEL-1077,8efa6771-e1d6-8ea8-08d8-13c5a1acffce,sai-ke,22,10,2026-08-11
DEL-1077,4e87eafa-e937-ff84-ae92-fc9068abf480,sai-ke,14,10,2026-08-11
DEL-1077,1e401c64-aea5-9092-c7c7-11e1e0c79b36,sai-ke,180,10,2026-08-11
DEL-1077,b39999e9-ac87-cd22-4751-5e4d2d25ae47,sai-ke,31,10,2026-08-11
DEL-1077,0f9aa6b8-15cc-0d9b-56c3-61f5f86544f9,sai-ke,0,10,2026-08-11
CAN-1078,bfb69fe8-1548-6f0b-3f13-f26c740f0c1f,sai-ke,0,10,2026-08-11
CAN-1078,8efa6771-e1d6-8ea8-08d8-13c5a1acffce,sai-ke,0,10,2026-08-11
CAN-1078,4e87eafa-e937-ff84-ae92-fc9068abf480,sai-ke,70,10,2026-08-11
CAN-1078,1e401c64-aea5-9092-c7c7-11e1e0c79b36,sai-ke,22,10,2026-08-11
CAN-1078,b39999e9-ac87-cd22-4751-5e4d2d25ae47,sai-ke,180,10,2026-08-11
CAN-1078,0f9aa6b8-15cc-0d9b-56c3-61f5f86544f9,sai-ke,48,10,2026-08-11
BRO-1079,bfb69fe8-1548-6f0b-3f13-f26c740f0c1f,sai-ke,22,10,2026-08-11
BRO-1079,8efa6771-e1d6-8ea8-08d8-13c5a1acffce,sai-ke,70,10,2026-08-11
BRO-1079,4e87eafa-e937-ff84-ae92-fc9068abf480,sai-ke,120,10,2026-08-11
BRO-1079,1e401c64-aea5-9092-c7c7-11e1e0c79b36,sai-ke,3,10,2026-08-11
BRO-1079,b39999e9-ac87-cd22-4751-5e4d2d25ae47,sai-ke,22,10,2026-08-11
BRO-1079,0f9aa6b8-15cc-0d9b-56c3-61f5f86544f9,sai-ke,3,10,2026-08-11
BRO-1080,bfb69fe8-1548-6f0b-3f13-f26c740f0c1f,sai-ke,180,10,2026-08-11
BRO-1080,8efa6771-e1d6-8ea8-08d8-13c5a1acffce,sai-ke,180,10,2026-08-11
BRO-1080,4e87eafa-e937-ff84-ae92-fc9068abf480,sai-ke,120,10,2026-08-11
BRO-1080,1e401c64-aea5-9092-c7c7-11e1e0c79b36,sai-ke,48,10,2026-08-11
BRO-1080,b39999e9-ac87-cd22-4751-5e4d2d25ae47,sai-ke,22,10,2026-08-11
BRO-1080,0f9aa6b8-15cc-0d9b-56c3-61f5f86544f9,sai-ke,14,10,2026-08-11
EPS-1081,bfb69fe8-1548-6f0b-3f13-f26c740f0c1f,sai-ke,3,10,2026-08-11
EPS-1081,8efa6771-e1d6-8ea8-08d8-13c5a1acffce,sai-ke,0,10,2026-08-11
EPS-1081,4e87eafa-e937-ff84-ae92-fc9068abf480,sai-ke,3,10,2026-08-11
EPS-1081,1e401c64-aea5-9092-c7c7-11e1e0c79b36,sai-ke,31,10,2026-08-11
EPS-1081,b39999e9-ac87-cd22-4751-5e4d2d25ae47,sai-ke,3,10,2026-08-11
EPS-1081,0f9aa6b8-15cc-0d9b-56c3-61f5f86544f9,sai-ke,8,10,2026-08-11
LEN-1082,bfb69fe8-1548-6f0b-3f13-f26c740f0c1f,sai-ke,3,10,2026-08-11
LEN-1082,8efa6771-e1d6-8ea8-08d8-13c5a1acffce,sai-ke,22,10,2026-08-11
LEN-1082,4e87eafa-e937-ff84-ae92-fc9068abf480,sai-ke,0,10,2026-08-11
LEN-1082,1e401c64-aea5-9092-c7c7-11e1e0c79b36,sai-ke,31,10,2026-08-11
LEN-1082,b39999e9-ac87-cd22-4751-5e4d2d25ae47,sai-ke,180,10,2026-08-11
LEN-1082,0f9aa6b8-15cc-0d9b-56c3-61f5f86544f9,sai-ke,22,10,2026-08-11
CAN-1083,bfb69fe8-1548-6f0b-3f13-f26c740f0c1f,sai-ke,22,10,2026-08-11
CAN-1083,8efa6771-e1d6-8ea8-08d8-13c5a1acffce,sai-ke,3,10,2026-08-11
CAN-1083,4e87eafa-e937-ff84-ae92-fc9068abf480,sai-ke,8,10,2026-08-11
CAN-1083,1e401c64-aea5-9092-c7c7-11e1e0c79b36,sai-ke,48,10,2026-08-11
CAN-1083,b39999e9-ac87-cd22-4751-5e4d2d25ae47,sai-ke,3,10,2026-08-11
CAN-1083,0f9aa6b8-15cc-0d9b-56c3-61f5f86544f9,sai-ke,120,10,2026-08-11
HP-1084,bfb69fe8-1548-6f0b-3f13-f26c740f0c1f,sai-ke,180,10,2026-08-11
HP-1084,8efa6771-e1d6-8ea8-08d8-13c5a1acffce,sai-ke,8,10,2026-08-11
HP-1084,4e87eafa-e937-ff84-ae92-fc9068abf480,sai-ke,0,10,2026-08-11
HP-1084,1e401c64-aea5-9092-c7c7-11e1e0c79b36,sai-ke,3,10,2026-08-11
HP-1084,b39999e9-ac87-cd22-4751-5e4d2d25ae47,sai-ke,48,10,2026-08-11
HP-1084,0f9aa6b8-15cc-0d9b-56c3-61f5f86544f9,sai-ke,22,10,2026-08-11
BRO-1085,bfb69fe8-1548-6f0b-3f13-f26c740f0c1f,sai-ke,8,10,2026-08-11
BRO-1085,8efa6771-e1d6-8ea8-08d8-13c5a1acffce,sai-ke,180,10,2026-08-11
BRO-1085,4e87eafa-e937-ff84-ae92-fc9068abf480,sai-ke,180,10,2026-08-11
BRO-1085,1e401c64-aea5-9092-c7c7-11e1e0c79b36,sai-ke,0,10,2026-08-11
BRO-1085,b39999e9-ac87-cd22-4751-5e4d2d25ae47,sai-ke,22,10,2026-08-11
BRO-1085,0f9aa6b8-15cc-0d9b-56c3-61f5f86544f9,sai-ke,8,10,2026-08-11
BRO-1086,bfb69fe8-1548-6f0b-3f13-f26c740f0c1f,sai-ke,120,10,2026-08-11
BRO-1086,8efa6771-e1d6-8ea8-08d8-13c5a1acffce,sai-ke,22,10,2026-08-11
BRO-1086,4e87eafa-e937-ff84-ae92-fc9068abf480,sai-ke,180,10,2026-08-11
BRO-1086,1e401c64-aea5-9092-c7c7-11e1e0c79b36,sai-ke,22,10,2026-08-11
BRO-1086,b39999e9-ac87-cd22-4751-5e4d2d25ae47,sai-ke,22,10,2026-08-11
BRO-1086,0f9aa6b8-15cc-0d9b-56c3-61f5f86544f9,sai-ke,70,10,2026-08-11
CAN-1087,bfb69fe8-1548-6f0b-3f13-f26c740f0c1f,sai-ke,120,10,2026-08-11
CAN-1087,8efa6771-e1d6-8ea8-08d8-13c5a1acffce,sai-ke,3,10,2026-08-11
CAN-1087,4e87eafa-e937-ff84-ae92-fc9068abf480,sai-ke,180,10,2026-08-11
CAN-1087,1e401c64-aea5-9092-c7c7-11e1e0c79b36,sai-ke,8,10,2026-08-11
CAN-1087,b39999e9-ac87-cd22-4751-5e4d2d25ae47,sai-ke,3,10,2026-08-11
CAN-1087,0f9aa6b8-15cc-0d9b-56c3-61f5f86544f9,sai-ke,31,10,2026-08-11
LEN-1088,bfb69fe8-1548-6f0b-3f13-f26c740f0c1f,sai-ke,120,10,2026-08-11
LEN-1088,8efa6771-e1d6-8ea8-08d8-13c5a1acffce,sai-ke,48,10,2026-08-11
LEN-1088,4e87eafa-e937-ff84-ae92-fc9068abf480,sai-ke,180,10,2026-08-11
LEN-1088,1e401c64-aea5-9092-c7c7-11e1e0c79b36,sai-ke,180,10,2026-08-11
LEN-1088,b39999e9-ac87-cd22-4751-5e4d2d25ae47,sai-ke,120,10,2026-08-11
LEN-1088,0f9aa6b8-15cc-0d9b-56c3-61f5f86544f9,sai-ke,31,10,2026-08-11
BRO-1089,bfb69fe8-1548-6f0b-3f13-f26c740f0c1f,sai-ke,0,10,2026-08-11
BRO-1089,8efa6771-e1d6-8ea8-08d8-13c5a1acffce,sai-ke,48,10,2026-08-11
BRO-1089,4e87eafa-e937-ff84-ae92-fc9068abf480,sai-ke,14,10,2026-08-11
BRO-1089,1e401c64-aea5-9092-c7c7-11e1e0c79b36,sai-ke,0,10,2026-08-11
BRO-1089,b39999e9-ac87-cd22-4751-5e4d2d25ae47,sai-ke,8,10,2026-08-11
BRO-1089,0f9aa6b8-15cc-0d9b-56c3-61f5f86544f9,sai-ke,3,10,2026-08-11
HP-1090,bfb69fe8-1548-6f0b-3f13-f26c740f0c1f,sai-ke,0,10,2026-08-11
HP-1090,8efa6771-e1d6-8ea8-08d8-13c5a1acffce,sai-ke,120,10,2026-08-11
HP-1090,4e87eafa-e937-ff84-ae92-fc9068abf480,sai-ke,0,10,2026-08-11
HP-1090,1e401c64-aea5-9092-c7c7-11e1e0c79b36,sai-ke,120,10,2026-08-11
HP-1090,b39999e9-ac87-cd22-4751-5e4d2d25ae47,sai-ke,8,10,2026-08-11
HP-1090,0f9aa6b8-15cc-0d9b-56c3-61f5f86544f9,sai-ke,70,10,2026-08-11
CAN-1091,bfb69fe8-1548-6f0b-3f13-f26c740f0c1f,sai-ke,48,10,2026-08-11
CAN-1091,8efa6771-e1d6-8ea8-08d8-13c5a1acffce,sai-ke,3,10,2026-08-11
CAN-1091,4e87eafa-e937-ff84-ae92-fc9068abf480,sai-ke,22,10,2026-08-11
CAN-1091,1e401c64-aea5-9092-c7c7-11e1e0c79b36,sai-ke,14,10,2026-08-11
CAN-1091,b39999e9-ac87-cd22-4751-5e4d2d25ae47,sai-ke,120,10,2026-08-11
CAN-1091,0f9aa6b8-15cc-0d9b-56c3-61f5f86544f9,sai-ke,8,10,2026-08-11
HP-1092,bfb69fe8-1548-6f0b-3f13-f26c740f0c1f,sai-ke,8,10,2026-08-11
HP-1092,8efa6771-e1d6-8ea8-08d8-13c5a1acffce,sai-ke,48,10,2026-08-11
HP-1092,4e87eafa-e937-ff84-ae92-fc9068abf480,sai-ke,3,10,2026-08-11
HP-1092,1e401c64-aea5-9092-c7c7-11e1e0c79b36,sai-ke,8,10,2026-08-11
HP-1092,b39999e9-ac87-cd22-4751-5e4d2d25ae47,sai-ke,14,10,2026-08-11
HP-1092,0f9aa6b8-15cc-0d9b-56c3-61f5f86544f9,sai-ke,48,10,2026-08-11
HP-1093,bfb69fe8-1548-6f0b-3f13-f26c740f0c1f,sai-ke,70,10,2026-08-11
HP-1093,8efa6771-e1d6-8ea8-08d8-13c5a1acffce,sai-ke,31,10,2026-08-11
HP-1093,4e87eafa-e937-ff84-ae92-fc9068abf480,sai-ke,22,10,2026-08-11
HP-1093,1e401c64-aea5-9092-c7c7-11e1e0c79b36,sai-ke,31,10,2026-08-11
HP-1093,b39999e9-ac87-cd22-4751-5e4d2d25ae47,sai-ke,14,10,2026-08-11
HP-1093,0f9aa6b8-15cc-0d9b-56c3-61f5f86544f9,sai-ke,31,10,2026-08-11
EPS-1094,bfb69fe8-1548-6f0b-3f13-f26c740f0c1f,sai-ke,180,10,2026-08-11
EPS-1094,8efa6771-e1d6-8ea8-08d8-13c5a1acffce,sai-ke,8,10,2026-08-11
EPS-1094,4e87eafa-e937-ff84-ae92-fc9068abf480,sai-ke,3,10,2026-08-11
EPS-1094,1e401c64-aea5-9092-c7c7-11e1e0c79b36,sai-ke,14,10,2026-08-11
EPS-1094,b39999e9-ac87-cd22-4751-5e4d2d25ae47,sai-ke,70,10,2026-08-11
EPS-1094,0f9aa6b8-15cc-0d9b-56c3-61f5f86544f9,sai-ke,180,10,2026-08-11
BRO-1095,bfb69fe8-1548-6f0b-3f13-f26c740f0c1f,sai-ke,8,10,2026-08-11
BRO-1095,8efa6771-e1d6-8ea8-08d8-13c5a1acffce,sai-ke,8,10,2026-08-11
BRO-1095,4e87eafa-e937-ff84-ae92-fc9068abf480,sai-ke,0,10,2026-08-11
BRO-1095,1e401c64-aea5-9092-c7c7-11e1e0c79b36,sai-ke,48,10,2026-08-11
BRO-1095,b39999e9-ac87-cd22-4751-5e4d2d25ae47,sai-ke,180,10,2026-08-11
BRO-1095,0f9aa6b8-15cc-0d9b-56c3-61f5f86544f9,sai-ke,22,10,2026-08-11
DEL-1096,bfb69fe8-1548-6f0b-3f13-f26c740f0c1f,sai-ke,0,10,2026-08-11
DEL-1096,8efa6771-e1d6-8ea8-08d8-13c5a1acffce,sai-ke,48,10,2026-08-11
DEL-1096,4e87eafa-e937-ff84-ae92-fc9068abf480,sai-ke,48,10,2026-08-11
DEL-1096,1e401c64-aea5-9092-c7c7-11e1e0c79b36,sai-ke,22,10,2026-08-11
DEL-1096,b39999e9-ac87-cd22-4751-5e4d2d25ae47,sai-ke,180,10,2026-08-11
DEL-1096,0f9aa6b8-15cc-0d9b-56c3-61f5f86544f9,sai-ke,120,10,2026-08-11
EPS-1097,bfb69fe8-1548-6f0b-3f13-f26c740f0c1f,sai-ke,180,10,2026-08-11
EPS-1097,8efa6771-e1d6-8ea8-08d8-13c5a1acffce,sai-ke,22,10,2026-08-11
EPS-1097,4e87eafa-e937-ff84-ae92-fc9068abf480,sai-ke,120,10,2026-08-11
EPS-1097,1e401c64-aea5-9092-c7c7-11e1e0c79b36,sai-ke,3,10,2026-08-11
EPS-1097,b39999e9-ac87-cd22-4751-5e4d2d25ae47,sai-ke,120,10,2026-08-11
EPS-1097,0f9aa6b8-15cc-0d9b-56c3-61f5f86544f9,sai-ke,14,10,2026-08-11
CAN-1098,bfb69fe8-1548-6f0b-3f13-f26c740f0c1f,sai-ke,8,10,2026-08-11
CAN-1098,8efa6771-e1d6-8ea8-08d8-13c5a1acffce,sai-ke,3,10,2026-08-11
CAN-1098,4e87eafa-e937-ff84-ae92-fc9068abf480,sai-ke,180,10,2026-08-11
CAN-1098,1e401c64-aea5-9092-c7c7-11e1e0c79b36,sai-ke,0,10,2026-08-11
CAN-1098,b39999e9-ac87-cd22-4751-5e4d2d25ae47,sai-ke,48,10,2026-08-11
CAN-1098,0f9aa6b8-15cc-0d9b-56c3-61f5f86544f9,sai-ke,120,10,2026-08-11
D-L-1099,bfb69fe8-1548-6f0b-3f13-f26c740f0c1f,sai-ke,70,10,2026-08-11
D-L-1099,8efa6771-e1d6-8ea8-08d8-13c5a1acffce,sai-ke,70,10,2026-08-11
D-L-1099,4e87eafa-e937-ff84-ae92-fc9068abf480,sai-ke,8,10,2026-08-11
D-L-1099,1e401c64-aea5-9092-c7c7-11e1e0c79b36,sai-ke,120,10,2026-08-11
D-L-1099,b39999e9-ac87-cd22-4751-5e4d2d25ae47,sai-ke,0,10,2026-08-11
D-L-1099,0f9aa6b8-15cc-0d9b-56c3-61f5f86544f9,sai-ke,31,10,2026-08-11
CAN-1100,bfb69fe8-1548-6f0b-3f13-f26c740f0c1f,sai-ke,31,10,2026-08-11
CAN-1100,8efa6771-e1d6-8ea8-08d8-13c5a1acffce,sai-ke,31,10,2026-08-11
CAN-1100,4e87eafa-e937-ff84-ae92-fc9068abf480,sai-ke,3,10,2026-08-11
CAN-1100,1e401c64-aea5-9092-c7c7-11e1e0c79b36,sai-ke,180,10,2026-08-11
CAN-1100,b39999e9-ac87-cd22-4751-5e4d2d25ae47,sai-ke,14,10,2026-08-11
CAN-1100,0f9aa6b8-15cc-0d9b-56c3-61f5f86544f9,sai-ke,8,10,2026-08-11
CAN-1101,bfb69fe8-1548-6f0b-3f13-f26c740f0c1f,sai-ke,14,10,2026-08-11
CAN-1101,8efa6771-e1d6-8ea8-08d8-13c5a1acffce,sai-ke,48,10,2026-08-11
CAN-1101,4e87eafa-e937-ff84-ae92-fc9068abf480,sai-ke,3,10,2026-08-11
CAN-1101,1e401c64-aea5-9092-c7c7-11e1e0c79b36,sai-ke,120,10,2026-08-11
CAN-1101,b39999e9-ac87-cd22-4751-5e4d2d25ae47,sai-ke,3,10,2026-08-11
CAN-1101,0f9aa6b8-15cc-0d9b-56c3-61f5f86544f9,sai-ke,14,10,2026-08-11
EPS-1102,bfb69fe8-1548-6f0b-3f13-f26c740f0c1f,sai-ke,22,10,2026-08-11
EPS-1102,8efa6771-e1d6-8ea8-08d8-13c5a1acffce,sai-ke,120,10,2026-08-11
EPS-1102,4e87eafa-e937-ff84-ae92-fc9068abf480,sai-ke,0,10,2026-08-11
EPS-1102,1e401c64-aea5-9092-c7c7-11e1e0c79b36,sai-ke,3,10,2026-08-11
EPS-1102,b39999e9-ac87-cd22-4751-5e4d2d25ae47,sai-ke,180,10,2026-08-11
EPS-1102,0f9aa6b8-15cc-0d9b-56c3-61f5f86544f9,sai-ke,22,10,2026-08-11
DEL-1103,bfb69fe8-1548-6f0b-3f13-f26c740f0c1f,sai-ke,14,10,2026-08-11
DEL-1103,8efa6771-e1d6-8ea8-08d8-13c5a1acffce,sai-ke,22,10,2026-08-11
DEL-1103,4e87eafa-e937-ff84-ae92-fc9068abf480,sai-ke,180,10,2026-08-11
DEL-1103,1e401c64-aea5-9092-c7c7-11e1e0c79b36,sai-ke,14,10,2026-08-11
DEL-1103,b39999e9-ac87-cd22-4751-5e4d2d25ae47,sai-ke,70,10,2026-08-11
DEL-1103,0f9aa6b8-15cc-0d9b-56c3-61f5f86544f9,sai-ke,22,10,2026-08-11
HP-1104,bfb69fe8-1548-6f0b-3f13-f26c740f0c1f,sai-ke,48,10,2026-08-11
HP-1104,8efa6771-e1d6-8ea8-08d8-13c5a1acffce,sai-ke,180,10,2026-08-11
HP-1104,4e87eafa-e937-ff84-ae92-fc9068abf480,sai-ke,120,10,2026-08-11
HP-1104,1e401c64-aea5-9092-c7c7-11e1e0c79b36,sai-ke,70,10,2026-08-11
HP-1104,b39999e9-ac87-cd22-4751-5e4d2d25ae47,sai-ke,31,10,2026-08-11
HP-1104,0f9aa6b8-15cc-0d9b-56c3-61f5f86544f9,sai-ke,22,10,2026-08-11
BRO-1105,bfb69fe8-1548-6f0b-3f13-f26c740f0c1f,sai-ke,3,10,2026-08-11
BRO-1105,8efa6771-e1d6-8ea8-08d8-13c5a1acffce,sai-ke,22,10,2026-08-11
BRO-1105,4e87eafa-e937-ff84-ae92-fc9068abf480,sai-ke,22,10,2026-08-11
BRO-1105,1e401c64-aea5-9092-c7c7-11e1e0c79b36,sai-ke,48,10,2026-08-11
BRO-1105,b39999e9-ac87-cd22-4751-5e4d2d25ae47,sai-ke,31,10,2026-08-11
BRO-1105,0f9aa6b8-15cc-0d9b-56c3-61f5f86544f9,sai-ke,8,10,2026-08-11
EPS-1106,bfb69fe8-1548-6f0b-3f13-f26c740f0c1f,sai-ke,48,10,2026-08-11
EPS-1106,8efa6771-e1d6-8ea8-08d8-13c5a1acffce,sai-ke,31,10,2026-08-11
EPS-1106,4e87eafa-e937-ff84-ae92-fc9068abf480,sai-ke,70,10,2026-08-11
EPS-1106,1e401c64-aea5-9092-c7c7-11e1e0c79b36,sai-ke,31,10,2026-08-11
EPS-1106,b39999e9-ac87-cd22-4751-5e4d2d25ae47,sai-ke,0,10,2026-08-11
EPS-1106,0f9aa6b8-15cc-0d9b-56c3-61f5f86544f9,sai-ke,180,10,2026-08-11
BRO-1107,bfb69fe8-1548-6f0b-3f13-f26c740f0c1f,sai-ke,70,10,2026-08-11
BRO-1107,8efa6771-e1d6-8ea8-08d8-13c5a1acffce,sai-ke,180,10,2026-08-11
BRO-1107,4e87eafa-e937-ff84-ae92-fc9068abf480,sai-ke,48,10,2026-08-11
BRO-1107,1e401c64-aea5-9092-c7c7-11e1e0c79b36,sai-ke,8,10,2026-08-11
BRO-1107,b39999e9-ac87-cd22-4751-5e4d2d25ae47,sai-ke,31,10,2026-08-11
BRO-1107,0f9aa6b8-15cc-0d9b-56c3-61f5f86544f9,sai-ke,31,10,2026-08-11
HP-1108,bfb69fe8-1548-6f0b-3f13-f26c740f0c1f,sai-ke,14,10,2026-08-11
HP-1108,8efa6771-e1d6-8ea8-08d8-13c5a1acffce,sai-ke,14,10,2026-08-11
HP-1108,4e87eafa-e937-ff84-ae92-fc9068abf480,sai-ke,22,10,2026-08-11
HP-1108,1e401c64-aea5-9092-c7c7-11e1e0c79b36,sai-ke,22,10,2026-08-11
HP-1108,b39999e9-ac87-cd22-4751-5e4d2d25ae47,sai-ke,3,10,2026-08-11
HP-1108,0f9aa6b8-15cc-0d9b-56c3-61f5f86544f9,sai-ke,22,10,2026-08-11
UHU-1109,bfb69fe8-1548-6f0b-3f13-f26c740f0c1f,sai-ke,0,10,2026-08-11
UHU-1109,8efa6771-e1d6-8ea8-08d8-13c5a1acffce,sai-ke,3,10,2026-08-11
UHU-1109,4e87eafa-e937-ff84-ae92-fc9068abf480,sai-ke,0,10,2026-08-11
UHU-1109,1e401c64-aea5-9092-c7c7-11e1e0c79b36,sai-ke,0,10,2026-08-11
UHU-1109,b39999e9-ac87-cd22-4751-5e4d2d25ae47,sai-ke,180,10,2026-08-11
UHU-1109,0f9aa6b8-15cc-0d9b-56c3-61f5f86544f9,sai-ke,22,10,2026-08-11
KAN-1110,bfb69fe8-1548-6f0b-3f13-f26c740f0c1f,sai-ke,180,10,2026-08-11
KAN-1110,8efa6771-e1d6-8ea8-08d8-13c5a1acffce,sai-ke,22,10,2026-08-11
KAN-1110,4e87eafa-e937-ff84-ae92-fc9068abf480,sai-ke,22,10,2026-08-11
KAN-1110,1e401c64-aea5-9092-c7c7-11e1e0c79b36,sai-ke,14,10,2026-08-11
KAN-1110,b39999e9-ac87-cd22-4751-5e4d2d25ae47,sai-ke,180,10,2026-08-11
KAN-1110,0f9aa6b8-15cc-0d9b-56c3-61f5f86544f9,sai-ke,8,10,2026-08-11
PRI-1111,bfb69fe8-1548-6f0b-3f13-f26c740f0c1f,sai-ke,120,10,2026-08-11
PRI-1111,8efa6771-e1d6-8ea8-08d8-13c5a1acffce,sai-ke,70,10,2026-08-11
PRI-1111,4e87eafa-e937-ff84-ae92-fc9068abf480,sai-ke,31,10,2026-08-11
PRI-1111,1e401c64-aea5-9092-c7c7-11e1e0c79b36,sai-ke,3,10,2026-08-11
PRI-1111,b39999e9-ac87-cd22-4751-5e4d2d25ae47,sai-ke,0,10,2026-08-11
PRI-1111,0f9aa6b8-15cc-0d9b-56c3-61f5f86544f9,sai-ke,0,10,2026-08-11
PRI-1112,bfb69fe8-1548-6f0b-3f13-f26c740f0c1f,sai-ke,14,10,2026-08-11
PRI-1112,8efa6771-e1d6-8ea8-08d8-13c5a1acffce,sai-ke,70,10,2026-08-11
PRI-1112,4e87eafa-e937-ff84-ae92-fc9068abf480,sai-ke,31,10,2026-08-11
PRI-1112,1e401c64-aea5-9092-c7c7-11e1e0c79b36,sai-ke,22,10,2026-08-11
PRI-1112,b39999e9-ac87-cd22-4751-5e4d2d25ae47,sai-ke,31,10,2026-08-11
PRI-1112,0f9aa6b8-15cc-0d9b-56c3-61f5f86544f9,sai-ke,22,10,2026-08-11
ORT-1113,bfb69fe8-1548-6f0b-3f13-f26c740f0c1f,sai-ke,0,10,2026-08-11
ORT-1113,8efa6771-e1d6-8ea8-08d8-13c5a1acffce,sai-ke,14,10,2026-08-11
ORT-1113,4e87eafa-e937-ff84-ae92-fc9068abf480,sai-ke,180,10,2026-08-11
ORT-1113,1e401c64-aea5-9092-c7c7-11e1e0c79b36,sai-ke,14,10,2026-08-11
ORT-1113,b39999e9-ac87-cd22-4751-5e4d2d25ae47,sai-ke,48,10,2026-08-11
ORT-1113,0f9aa6b8-15cc-0d9b-56c3-61f5f86544f9,sai-ke,14,10,2026-08-11
OFF-1114,bfb69fe8-1548-6f0b-3f13-f26c740f0c1f,sai-ke,120,10,2026-08-11
OFF-1114,8efa6771-e1d6-8ea8-08d8-13c5a1acffce,sai-ke,70,10,2026-08-11
OFF-1114,4e87eafa-e937-ff84-ae92-fc9068abf480,sai-ke,22,10,2026-08-11
OFF-1114,1e401c64-aea5-9092-c7c7-11e1e0c79b36,sai-ke,0,10,2026-08-11
OFF-1114,b39999e9-ac87-cd22-4751-5e4d2d25ae47,sai-ke,3,10,2026-08-11
OFF-1114,0f9aa6b8-15cc-0d9b-56c3-61f5f86544f9,sai-ke,120,10,2026-08-11
HEL-1115,bfb69fe8-1548-6f0b-3f13-f26c740f0c1f,sai-ke,22,10,2026-08-11
HEL-1115,8efa6771-e1d6-8ea8-08d8-13c5a1acffce,sai-ke,22,10,2026-08-11
HEL-1115,4e87eafa-e937-ff84-ae92-fc9068abf480,sai-ke,22,10,2026-08-11
HEL-1115,1e401c64-aea5-9092-c7c7-11e1e0c79b36,sai-ke,3,10,2026-08-11
HEL-1115,b39999e9-ac87-cd22-4751-5e4d2d25ae47,sai-ke,3,10,2026-08-11
HEL-1115,0f9aa6b8-15cc-0d9b-56c3-61f5f86544f9,sai-ke,180,10,2026-08-11
SKO-1116,bfb69fe8-1548-6f0b-3f13-f26c740f0c1f,sai-ke,31,10,2026-08-11
SKO-1116,8efa6771-e1d6-8ea8-08d8-13c5a1acffce,sai-ke,70,10,2026-08-11
SKO-1116,4e87eafa-e937-ff84-ae92-fc9068abf480,sai-ke,22,10,2026-08-11
SKO-1116,1e401c64-aea5-9092-c7c7-11e1e0c79b36,sai-ke,31,10,2026-08-11
SKO-1116,b39999e9-ac87-cd22-4751-5e4d2d25ae47,sai-ke,31,10,2026-08-11
SKO-1116,0f9aa6b8-15cc-0d9b-56c3-61f5f86544f9,sai-ke,31,10,2026-08-11
VED-1117,bfb69fe8-1548-6f0b-3f13-f26c740f0c1f,sai-ke,70,10,2026-08-11
VED-1117,8efa6771-e1d6-8ea8-08d8-13c5a1acffce,sai-ke,48,10,2026-08-11
VED-1117,4e87eafa-e937-ff84-ae92-fc9068abf480,sai-ke,3,10,2026-08-11
VED-1117,1e401c64-aea5-9092-c7c7-11e1e0c79b36,sai-ke,48,10,2026-08-11
VED-1117,b39999e9-ac87-cd22-4751-5e4d2d25ae47,sai-ke,14,10,2026-08-11
VED-1117,0f9aa6b8-15cc-0d9b-56c3-61f5f86544f9,sai-ke,70,10,2026-08-11
MAP-1118,bfb69fe8-1548-6f0b-3f13-f26c740f0c1f,sai-ke,0,10,2026-08-11
MAP-1118,8efa6771-e1d6-8ea8-08d8-13c5a1acffce,sai-ke,120,10,2026-08-11
MAP-1118,4e87eafa-e937-ff84-ae92-fc9068abf480,sai-ke,31,10,2026-08-11
MAP-1118,1e401c64-aea5-9092-c7c7-11e1e0c79b36,sai-ke,48,10,2026-08-11
MAP-1118,b39999e9-ac87-cd22-4751-5e4d2d25ae47,sai-ke,0,10,2026-08-11
MAP-1118,0f9aa6b8-15cc-0d9b-56c3-61f5f86544f9,sai-ke,22,10,2026-08-11
UHU-1119,bfb69fe8-1548-6f0b-3f13-f26c740f0c1f,sai-ke,70,10,2026-08-11
UHU-1119,8efa6771-e1d6-8ea8-08d8-13c5a1acffce,sai-ke,0,10,2026-08-11
UHU-1119,4e87eafa-e937-ff84-ae92-fc9068abf480,sai-ke,14,10,2026-08-11
UHU-1119,1e401c64-aea5-9092-c7c7-11e1e0c79b36,sai-ke,14,10,2026-08-11
UHU-1119,b39999e9-ac87-cd22-4751-5e4d2d25ae47,sai-ke,48,10,2026-08-11
UHU-1119,0f9aa6b8-15cc-0d9b-56c3-61f5f86544f9,sai-ke,22,10,2026-08-11
PRI-1120,bfb69fe8-1548-6f0b-3f13-f26c740f0c1f,sai-ke,70,10,2026-08-11
PRI-1120,8efa6771-e1d6-8ea8-08d8-13c5a1acffce,sai-ke,8,10,2026-08-11
PRI-1120,4e87eafa-e937-ff84-ae92-fc9068abf480,sai-ke,70,10,2026-08-11
PRI-1120,1e401c64-aea5-9092-c7c7-11e1e0c79b36,sai-ke,120,10,2026-08-11
PRI-1120,b39999e9-ac87-cd22-4751-5e4d2d25ae47,sai-ke,3,10,2026-08-11
PRI-1120,0f9aa6b8-15cc-0d9b-56c3-61f5f86544f9,sai-ke,22,10,2026-08-11
FEL-1121,bfb69fe8-1548-6f0b-3f13-f26c740f0c1f,sai-ke,22,10,2026-08-11
FEL-1121,8efa6771-e1d6-8ea8-08d8-13c5a1acffce,sai-ke,31,10,2026-08-11
FEL-1121,4e87eafa-e937-ff84-ae92-fc9068abf480,sai-ke,180,10,2026-08-11
FEL-1121,1e401c64-aea5-9092-c7c7-11e1e0c79b36,sai-ke,120,10,2026-08-11
FEL-1121,b39999e9-ac87-cd22-4751-5e4d2d25ae47,sai-ke,70,10,2026-08-11
FEL-1121,0f9aa6b8-15cc-0d9b-56c3-61f5f86544f9,sai-ke,22,10,2026-08-11
FEL-1122,bfb69fe8-1548-6f0b-3f13-f26c740f0c1f,sai-ke,14,10,2026-08-11
FEL-1122,8efa6771-e1d6-8ea8-08d8-13c5a1acffce,sai-ke,8,10,2026-08-11
FEL-1122,4e87eafa-e937-ff84-ae92-fc9068abf480,sai-ke,120,10,2026-08-11
FEL-1122,1e401c64-aea5-9092-c7c7-11e1e0c79b36,sai-ke,31,10,2026-08-11
FEL-1122,b39999e9-ac87-cd22-4751-5e4d2d25ae47,sai-ke,8,10,2026-08-11
FEL-1122,0f9aa6b8-15cc-0d9b-56c3-61f5f86544f9,sai-ke,120,10,2026-08-11
ORT-1123,bfb69fe8-1548-6f0b-3f13-f26c740f0c1f,sai-ke,3,10,2026-08-11
ORT-1123,8efa6771-e1d6-8ea8-08d8-13c5a1acffce,sai-ke,8,10,2026-08-11
ORT-1123,4e87eafa-e937-ff84-ae92-fc9068abf480,sai-ke,0,10,2026-08-11
ORT-1123,1e401c64-aea5-9092-c7c7-11e1e0c79b36,sai-ke,180,10,2026-08-11
ORT-1123,b39999e9-ac87-cd22-4751-5e4d2d25ae47,sai-ke,70,10,2026-08-11
ORT-1123,0f9aa6b8-15cc-0d9b-56c3-61f5f86544f9,sai-ke,3,10,2026-08-11
PRI-1124,bfb69fe8-1548-6f0b-3f13-f26c740f0c1f,sai-ke,31,10,2026-08-11
PRI-1124,8efa6771-e1d6-8ea8-08d8-13c5a1acffce,sai-ke,3,10,2026-08-11
PRI-1124,4e87eafa-e937-ff84-ae92-fc9068abf480,sai-ke,31,10,2026-08-11
PRI-1124,1e401c64-aea5-9092-c7c7-11e1e0c79b36,sai-ke,180,10,2026-08-11
PRI-1124,b39999e9-ac87-cd22-4751-5e4d2d25ae47,sai-ke,3,10,2026-08-11
PRI-1124,0f9aa6b8-15cc-0d9b-56c3-61f5f86544f9,sai-ke,120,10,2026-08-11
ORT-1125,bfb69fe8-1548-6f0b-3f13-f26c740f0c1f,sai-ke,48,10,2026-08-11
ORT-1125,8efa6771-e1d6-8ea8-08d8-13c5a1acffce,sai-ke,70,10,2026-08-11
ORT-1125,4e87eafa-e937-ff84-ae92-fc9068abf480,sai-ke,22,10,2026-08-11
ORT-1125,1e401c64-aea5-9092-c7c7-11e1e0c79b36,sai-ke,180,10,2026-08-11
ORT-1125,b39999e9-ac87-cd22-4751-5e4d2d25ae47,sai-ke,8,10,2026-08-11
ORT-1125,0f9aa6b8-15cc-0d9b-56c3-61f5f86544f9,sai-ke,31,10,2026-08-11
HEL-1126,bfb69fe8-1548-6f0b-3f13-f26c740f0c1f,sai-ke,8,10,2026-08-11
HEL-1126,8efa6771-e1d6-8ea8-08d8-13c5a1acffce,sai-ke,120,10,2026-08-11
HEL-1126,4e87eafa-e937-ff84-ae92-fc9068abf480,sai-ke,3,10,2026-08-11
HEL-1126,1e401c64-aea5-9092-c7c7-11e1e0c79b36,sai-ke,31,10,2026-08-11
HEL-1126,b39999e9-ac87-cd22-4751-5e4d2d25ae47,sai-ke,180,10,2026-08-11
HEL-1126,0f9aa6b8-15cc-0d9b-56c3-61f5f86544f9,sai-ke,14,10,2026-08-11
SKO-1127,bfb69fe8-1548-6f0b-3f13-f26c740f0c1f,sai-ke,22,10,2026-08-11
SKO-1127,8efa6771-e1d6-8ea8-08d8-13c5a1acffce,sai-ke,31,10,2026-08-11
SKO-1127,4e87eafa-e937-ff84-ae92-fc9068abf480,sai-ke,3,10,2026-08-11
SKO-1127,1e401c64-aea5-9092-c7c7-11e1e0c79b36,sai-ke,3,10,2026-08-11
SKO-1127,b39999e9-ac87-cd22-4751-5e4d2d25ae47,sai-ke,22,10,2026-08-11
SKO-1127,0f9aa6b8-15cc-0d9b-56c3-61f5f86544f9,sai-ke,22,10,2026-08-11
UHU-1128,bfb69fe8-1548-6f0b-3f13-f26c740f0c1f,sai-ke,70,10,2026-08-11
UHU-1128,8efa6771-e1d6-8ea8-08d8-13c5a1acffce,sai-ke,31,10,2026-08-11
UHU-1128,4e87eafa-e937-ff84-ae92-fc9068abf480,sai-ke,70,10,2026-08-11
UHU-1128,1e401c64-aea5-9092-c7c7-11e1e0c79b36,sai-ke,180,10,2026-08-11
UHU-1128,b39999e9-ac87-cd22-4751-5e4d2d25ae47,sai-ke,180,10,2026-08-11
UHU-1128,0f9aa6b8-15cc-0d9b-56c3-61f5f86544f9,sai-ke,120,10,2026-08-11
SKO-1129,bfb69fe8-1548-6f0b-3f13-f26c740f0c1f,sai-ke,8,10,2026-08-11
SKO-1129,8efa6771-e1d6-8ea8-08d8-13c5a1acffce,sai-ke,22,10,2026-08-11
SKO-1129,4e87eafa-e937-ff84-ae92-fc9068abf480,sai-ke,31,10,2026-08-11
SKO-1129,1e401c64-aea5-9092-c7c7-11e1e0c79b36,sai-ke,120,10,2026-08-11
SKO-1129,b39999e9-ac87-cd22-4751-5e4d2d25ae47,sai-ke,180,10,2026-08-11
SKO-1129,0f9aa6b8-15cc-0d9b-56c3-61f5f86544f9,sai-ke,3,10,2026-08-11
SKO-1130,bfb69fe8-1548-6f0b-3f13-f26c740f0c1f,sai-ke,0,10,2026-08-11
SKO-1130,8efa6771-e1d6-8ea8-08d8-13c5a1acffce,sai-ke,120,10,2026-08-11
SKO-1130,4e87eafa-e937-ff84-ae92-fc9068abf480,sai-ke,3,10,2026-08-11
SKO-1130,1e401c64-aea5-9092-c7c7-11e1e0c79b36,sai-ke,31,10,2026-08-11
SKO-1130,b39999e9-ac87-cd22-4751-5e4d2d25ae47,sai-ke,180,10,2026-08-11
SKO-1130,0f9aa6b8-15cc-0d9b-56c3-61f5f86544f9,sai-ke,8,10,2026-08-11
UHU-1131,bfb69fe8-1548-6f0b-3f13-f26c740f0c1f,sai-ke,14,10,2026-08-11
UHU-1131,8efa6771-e1d6-8ea8-08d8-13c5a1acffce,sai-ke,22,10,2026-08-11
UHU-1131,4e87eafa-e937-ff84-ae92-fc9068abf480,sai-ke,14,10,2026-08-11
UHU-1131,1e401c64-aea5-9092-c7c7-11e1e0c79b36,sai-ke,31,10,2026-08-11
UHU-1131,b39999e9-ac87-cd22-4751-5e4d2d25ae47,sai-ke,8,10,2026-08-11
UHU-1131,0f9aa6b8-15cc-0d9b-56c3-61f5f86544f9,sai-ke,70,10,2026-08-11
ORT-1132,bfb69fe8-1548-6f0b-3f13-f26c740f0c1f,sai-ke,14,10,2026-08-11
ORT-1132,8efa6771-e1d6-8ea8-08d8-13c5a1acffce,sai-ke,22,10,2026-08-11
ORT-1132,4e87eafa-e937-ff84-ae92-fc9068abf480,sai-ke,70,10,2026-08-11
ORT-1132,1e401c64-aea5-9092-c7c7-11e1e0c79b36,sai-ke,22,10,2026-08-11
ORT-1132,b39999e9-ac87-cd22-4751-5e4d2d25ae47,sai-ke,3,10,2026-08-11
ORT-1132,0f9aa6b8-15cc-0d9b-56c3-61f5f86544f9,sai-ke,48,10,2026-08-11
PRI-1133,bfb69fe8-1548-6f0b-3f13-f26c740f0c1f,sai-ke,70,10,2026-08-11
PRI-1133,8efa6771-e1d6-8ea8-08d8-13c5a1acffce,sai-ke,22,10,2026-08-11
PRI-1133,4e87eafa-e937-ff84-ae92-fc9068abf480,sai-ke,70,10,2026-08-11
PRI-1133,1e401c64-aea5-9092-c7c7-11e1e0c79b36,sai-ke,31,10,2026-08-11
PRI-1133,b39999e9-ac87-cd22-4751-5e4d2d25ae47,sai-ke,70,10,2026-08-11
PRI-1133,0f9aa6b8-15cc-0d9b-56c3-61f5f86544f9,sai-ke,3,10,2026-08-11
OFF-1134,bfb69fe8-1548-6f0b-3f13-f26c740f0c1f,sai-ke,70,10,2026-08-11
OFF-1134,8efa6771-e1d6-8ea8-08d8-13c5a1acffce,sai-ke,14,10,2026-08-11
OFF-1134,4e87eafa-e937-ff84-ae92-fc9068abf480,sai-ke,120,10,2026-08-11
OFF-1134,1e401c64-aea5-9092-c7c7-11e1e0c79b36,sai-ke,31,10,2026-08-11
OFF-1134,b39999e9-ac87-cd22-4751-5e4d2d25ae47,sai-ke,14,10,2026-08-11
OFF-1134,0f9aa6b8-15cc-0d9b-56c3-61f5f86544f9,sai-ke,22,10,2026-08-11
OFF-1135,bfb69fe8-1548-6f0b-3f13-f26c740f0c1f,sai-ke,22,10,2026-08-11
OFF-1135,8efa6771-e1d6-8ea8-08d8-13c5a1acffce,sai-ke,14,10,2026-08-11
OFF-1135,4e87eafa-e937-ff84-ae92-fc9068abf480,sai-ke,3,10,2026-08-11
OFF-1135,1e401c64-aea5-9092-c7c7-11e1e0c79b36,sai-ke,120,10,2026-08-11
OFF-1135,b39999e9-ac87-cd22-4751-5e4d2d25ae47,sai-ke,70,10,2026-08-11
OFF-1135,0f9aa6b8-15cc-0d9b-56c3-61f5f86544f9,sai-ke,48,10,2026-08-11
FEL-1136,bfb69fe8-1548-6f0b-3f13-f26c740f0c1f,sai-ke,31,10,2026-08-11
FEL-1136,8efa6771-e1d6-8ea8-08d8-13c5a1acffce,sai-ke,14,10,2026-08-11
FEL-1136,4e87eafa-e937-ff84-ae92-fc9068abf480,sai-ke,31,10,2026-08-11
FEL-1136,1e401c64-aea5-9092-c7c7-11e1e0c79b36,sai-ke,48,10,2026-08-11
FEL-1136,b39999e9-ac87-cd22-4751-5e4d2d25ae47,sai-ke,22,10,2026-08-11
FEL-1136,0f9aa6b8-15cc-0d9b-56c3-61f5f86544f9,sai-ke,180,10,2026-08-11
REX-1137,bfb69fe8-1548-6f0b-3f13-f26c740f0c1f,sai-ke,48,10,2026-08-11
REX-1137,8efa6771-e1d6-8ea8-08d8-13c5a1acffce,sai-ke,180,10,2026-08-11
REX-1137,4e87eafa-e937-ff84-ae92-fc9068abf480,sai-ke,180,10,2026-08-11
REX-1137,1e401c64-aea5-9092-c7c7-11e1e0c79b36,sai-ke,31,10,2026-08-11
REX-1137,b39999e9-ac87-cd22-4751-5e4d2d25ae47,sai-ke,180,10,2026-08-11
REX-1137,0f9aa6b8-15cc-0d9b-56c3-61f5f86544f9,sai-ke,180,10,2026-08-11
SKO-1138,bfb69fe8-1548-6f0b-3f13-f26c740f0c1f,sai-ke,22,10,2026-08-11
SKO-1138,8efa6771-e1d6-8ea8-08d8-13c5a1acffce,sai-ke,70,10,2026-08-11
SKO-1138,4e87eafa-e937-ff84-ae92-fc9068abf480,sai-ke,70,10,2026-08-11
SKO-1138,1e401c64-aea5-9092-c7c7-11e1e0c79b36,sai-ke,180,10,2026-08-11
SKO-1138,b39999e9-ac87-cd22-4751-5e4d2d25ae47,sai-ke,0,10,2026-08-11
SKO-1138,0f9aa6b8-15cc-0d9b-56c3-61f5f86544f9,sai-ke,14,10,2026-08-11
ORT-1139,bfb69fe8-1548-6f0b-3f13-f26c740f0c1f,sai-ke,8,10,2026-08-11
ORT-1139,8efa6771-e1d6-8ea8-08d8-13c5a1acffce,sai-ke,120,10,2026-08-11
ORT-1139,4e87eafa-e937-ff84-ae92-fc9068abf480,sai-ke,3,10,2026-08-11
ORT-1139,1e401c64-aea5-9092-c7c7-11e1e0c79b36,sai-ke,120,10,2026-08-11
ORT-1139,b39999e9-ac87-cd22-4751-5e4d2d25ae47,sai-ke,14,10,2026-08-11
ORT-1139,0f9aa6b8-15cc-0d9b-56c3-61f5f86544f9,sai-ke,8,10,2026-08-11
FEL-1140,bfb69fe8-1548-6f0b-3f13-f26c740f0c1f,sai-ke,120,10,2026-08-11
FEL-1140,8efa6771-e1d6-8ea8-08d8-13c5a1acffce,sai-ke,8,10,2026-08-11
FEL-1140,4e87eafa-e937-ff84-ae92-fc9068abf480,sai-ke,180,10,2026-08-11
FEL-1140,1e401c64-aea5-9092-c7c7-11e1e0c79b36,sai-ke,0,10,2026-08-11
FEL-1140,b39999e9-ac87-cd22-4751-5e4d2d25ae47,sai-ke,120,10,2026-08-11
FEL-1140,0f9aa6b8-15cc-0d9b-56c3-61f5f86544f9,sai-ke,8,10,2026-08-11
VED-1141,bfb69fe8-1548-6f0b-3f13-f26c740f0c1f,sai-ke,0,10,2026-08-11
VED-1141,8efa6771-e1d6-8ea8-08d8-13c5a1acffce,sai-ke,70,10,2026-08-11
VED-1141,4e87eafa-e937-ff84-ae92-fc9068abf480,sai-ke,14,10,2026-08-11
VED-1141,1e401c64-aea5-9092-c7c7-11e1e0c79b36,sai-ke,180,10,2026-08-11
VED-1141,b39999e9-ac87-cd22-4751-5e4d2d25ae47,sai-ke,8,10,2026-08-11
VED-1141,0f9aa6b8-15cc-0d9b-56c3-61f5f86544f9,sai-ke,180,10,2026-08-11
CRA-1142,bfb69fe8-1548-6f0b-3f13-f26c740f0c1f,sai-ke,14,10,2026-08-11
CRA-1142,8efa6771-e1d6-8ea8-08d8-13c5a1acffce,sai-ke,14,10,2026-08-11
CRA-1142,4e87eafa-e937-ff84-ae92-fc9068abf480,sai-ke,31,10,2026-08-11
CRA-1142,1e401c64-aea5-9092-c7c7-11e1e0c79b36,sai-ke,120,10,2026-08-11
CRA-1142,b39999e9-ac87-cd22-4751-5e4d2d25ae47,sai-ke,22,10,2026-08-11
CRA-1142,0f9aa6b8-15cc-0d9b-56c3-61f5f86544f9,sai-ke,3,10,2026-08-11
KAN-1143,bfb69fe8-1548-6f0b-3f13-f26c740f0c1f,sai-ke,31,10,2026-08-11
KAN-1143,8efa6771-e1d6-8ea8-08d8-13c5a1acffce,sai-ke,31,10,2026-08-11
KAN-1143,4e87eafa-e937-ff84-ae92-fc9068abf480,sai-ke,14,10,2026-08-11
KAN-1143,1e401c64-aea5-9092-c7c7-11e1e0c79b36,sai-ke,22,10,2026-08-11
KAN-1143,b39999e9-ac87-cd22-4751-5e4d2d25ae47,sai-ke,120,10,2026-08-11
KAN-1143,0f9aa6b8-15cc-0d9b-56c3-61f5f86544f9,sai-ke,120,10,2026-08-11
FEL-1144,bfb69fe8-1548-6f0b-3f13-f26c740f0c1f,sai-ke,180,10,2026-08-11
FEL-1144,8efa6771-e1d6-8ea8-08d8-13c5a1acffce,sai-ke,3,10,2026-08-11
FEL-1144,4e87eafa-e937-ff84-ae92-fc9068abf480,sai-ke,120,10,2026-08-11
FEL-1144,1e401c64-aea5-9092-c7c7-11e1e0c79b36,sai-ke,31,10,2026-08-11
FEL-1144,b39999e9-ac87-cd22-4751-5e4d2d25ae47,sai-ke,0,10,2026-08-11
FEL-1144,0f9aa6b8-15cc-0d9b-56c3-61f5f86544f9,sai-ke,70,10,2026-08-11
UHU-1145,bfb69fe8-1548-6f0b-3f13-f26c740f0c1f,sai-ke,14,10,2026-08-11
UHU-1145,8efa6771-e1d6-8ea8-08d8-13c5a1acffce,sai-ke,180,10,2026-08-11
UHU-1145,4e87eafa-e937-ff84-ae92-fc9068abf480,sai-ke,48,10,2026-08-11
UHU-1145,1e401c64-aea5-9092-c7c7-11e1e0c79b36,sai-ke,180,10,2026-08-11
UHU-1145,b39999e9-ac87-cd22-4751-5e4d2d25ae47,sai-ke,22,10,2026-08-11
UHU-1145,0f9aa6b8-15cc-0d9b-56c3-61f5f86544f9,sai-ke,31,10,2026-08-11
FEL-1146,bfb69fe8-1548-6f0b-3f13-f26c740f0c1f,sai-ke,31,10,2026-08-11
FEL-1146,8efa6771-e1d6-8ea8-08d8-13c5a1acffce,sai-ke,14,10,2026-08-11
FEL-1146,4e87eafa-e937-ff84-ae92-fc9068abf480,sai-ke,70,10,2026-08-11
FEL-1146,1e401c64-aea5-9092-c7c7-11e1e0c79b36,sai-ke,3,10,2026-08-11
FEL-1146,b39999e9-ac87-cd22-4751-5e4d2d25ae47,sai-ke,14,10,2026-08-11
FEL-1146,0f9aa6b8-15cc-0d9b-56c3-61f5f86544f9,sai-ke,31,10,2026-08-11
MAP-1147,bfb69fe8-1548-6f0b-3f13-f26c740f0c1f,sai-ke,120,10,2026-08-11
MAP-1147,8efa6771-e1d6-8ea8-08d8-13c5a1acffce,sai-ke,22,10,2026-08-11
MAP-1147,4e87eafa-e937-ff84-ae92-fc9068abf480,sai-ke,0,10,2026-08-11
MAP-1147,1e401c64-aea5-9092-c7c7-11e1e0c79b36,sai-ke,14,10,2026-08-11
MAP-1147,b39999e9-ac87-cd22-4751-5e4d2d25ae47,sai-ke,180,10,2026-08-11
MAP-1147,0f9aa6b8-15cc-0d9b-56c3-61f5f86544f9,sai-ke,70,10,2026-08-11
PRI-1148,bfb69fe8-1548-6f0b-3f13-f26c740f0c1f,sai-ke,3,10,2026-08-11
PRI-1148,8efa6771-e1d6-8ea8-08d8-13c5a1acffce,sai-ke,3,10,2026-08-11
PRI-1148,4e87eafa-e937-ff84-ae92-fc9068abf480,sai-ke,0,10,2026-08-11
PRI-1148,1e401c64-aea5-9092-c7c7-11e1e0c79b36,sai-ke,3,10,2026-08-11
PRI-1148,b39999e9-ac87-cd22-4751-5e4d2d25ae47,sai-ke,22,10,2026-08-11
PRI-1148,0f9aa6b8-15cc-0d9b-56c3-61f5f86544f9,sai-ke,120,10,2026-08-11
MAP-1149,bfb69fe8-1548-6f0b-3f13-f26c740f0c1f,sai-ke,14,10,2026-08-11
MAP-1149,8efa6771-e1d6-8ea8-08d8-13c5a1acffce,sai-ke,180,10,2026-08-11
MAP-1149,4e87eafa-e937-ff84-ae92-fc9068abf480,sai-ke,14,10,2026-08-11
MAP-1149,1e401c64-aea5-9092-c7c7-11e1e0c79b36,sai-ke,8,10,2026-08-11
MAP-1149,b39999e9-ac87-cd22-4751-5e4d2d25ae47,sai-ke,120,10,2026-08-11
MAP-1149,0f9aa6b8-15cc-0d9b-56c3-61f5f86544f9,sai-ke,31,10,2026-08-11
KAN-1150,bfb69fe8-1548-6f0b-3f13-f26c740f0c1f,sai-ke,14,10,2026-08-11
KAN-1150,8efa6771-e1d6-8ea8-08d8-13c5a1acffce,sai-ke,0,10,2026-08-11
KAN-1150,4e87eafa-e937-ff84-ae92-fc9068abf480,sai-ke,8,10,2026-08-11
KAN-1150,1e401c64-aea5-9092-c7c7-11e1e0c79b36,sai-ke,8,10,2026-08-11
KAN-1150,b39999e9-ac87-cd22-4751-5e4d2d25ae47,sai-ke,0,10,2026-08-11
KAN-1150,0f9aa6b8-15cc-0d9b-56c3-61f5f86544f9,sai-ke,22,10,2026-08-11
UHU-1151,bfb69fe8-1548-6f0b-3f13-f26c740f0c1f,sai-ke,14,10,2026-08-11
UHU-1151,8efa6771-e1d6-8ea8-08d8-13c5a1acffce,sai-ke,3,10,2026-08-11
UHU-1151,4e87eafa-e937-ff84-ae92-fc9068abf480,sai-ke,180,10,2026-08-11
UHU-1151,1e401c64-aea5-9092-c7c7-11e1e0c79b36,sai-ke,3,10,2026-08-11
UHU-1151,b39999e9-ac87-cd22-4751-5e4d2d25ae47,sai-ke,22,10,2026-08-11
UHU-1151,0f9aa6b8-15cc-0d9b-56c3-61f5f86544f9,sai-ke,31,10,2026-08-11
CRA-1152,bfb69fe8-1548-6f0b-3f13-f26c740f0c1f,sai-ke,0,10,2026-08-11
CRA-1152,8efa6771-e1d6-8ea8-08d8-13c5a1acffce,sai-ke,180,10,2026-08-11
CRA-1152,4e87eafa-e937-ff84-ae92-fc9068abf480,sai-ke,8,10,2026-08-11
CRA-1152,1e401c64-aea5-9092-c7c7-11e1e0c79b36,sai-ke,70,10,2026-08-11
CRA-1152,b39999e9-ac87-cd22-4751-5e4d2d25ae47,sai-ke,22,10,2026-08-11
CRA-1152,0f9aa6b8-15cc-0d9b-56c3-61f5f86544f9,sai-ke,22,10,2026-08-11
UHU-1153,bfb69fe8-1548-6f0b-3f13-f26c740f0c1f,sai-ke,120,10,2026-08-11
UHU-1153,8efa6771-e1d6-8ea8-08d8-13c5a1acffce,sai-ke,70,10,2026-08-11
UHU-1153,4e87eafa-e937-ff84-ae92-fc9068abf480,sai-ke,180,10,2026-08-11
UHU-1153,1e401c64-aea5-9092-c7c7-11e1e0c79b36,sai-ke,0,10,2026-08-11
UHU-1153,b39999e9-ac87-cd22-4751-5e4d2d25ae47,sai-ke,0,10,2026-08-11
UHU-1153,0f9aa6b8-15cc-0d9b-56c3-61f5f86544f9,sai-ke,180,10,2026-08-11
PRI-1154,bfb69fe8-1548-6f0b-3f13-f26c740f0c1f,sai-ke,180,10,2026-08-11
PRI-1154,8efa6771-e1d6-8ea8-08d8-13c5a1acffce,sai-ke,22,10,2026-08-11
PRI-1154,4e87eafa-e937-ff84-ae92-fc9068abf480,sai-ke,22,10,2026-08-11
PRI-1154,1e401c64-aea5-9092-c7c7-11e1e0c79b36,sai-ke,48,10,2026-08-11
PRI-1154,b39999e9-ac87-cd22-4751-5e4d2d25ae47,sai-ke,0,10,2026-08-11
PRI-1154,0f9aa6b8-15cc-0d9b-56c3-61f5f86544f9,sai-ke,120,10,2026-08-11
MAP-1155,bfb69fe8-1548-6f0b-3f13-f26c740f0c1f,sai-ke,120,10,2026-08-11
MAP-1155,8efa6771-e1d6-8ea8-08d8-13c5a1acffce,sai-ke,0,10,2026-08-11
MAP-1155,4e87eafa-e937-ff84-ae92-fc9068abf480,sai-ke,8,10,2026-08-11
MAP-1155,1e401c64-aea5-9092-c7c7-11e1e0c79b36,sai-ke,3,10,2026-08-11
MAP-1155,b39999e9-ac87-cd22-4751-5e4d2d25ae47,sai-ke,48,10,2026-08-11
MAP-1155,0f9aa6b8-15cc-0d9b-56c3-61f5f86544f9,sai-ke,22,10,2026-08-11
HEL-1156,bfb69fe8-1548-6f0b-3f13-f26c740f0c1f,sai-ke,120,10,2026-08-11
HEL-1156,8efa6771-e1d6-8ea8-08d8-13c5a1acffce,sai-ke,0,10,2026-08-11
HEL-1156,4e87eafa-e937-ff84-ae92-fc9068abf480,sai-ke,48,10,2026-08-11
HEL-1156,1e401c64-aea5-9092-c7c7-11e1e0c79b36,sai-ke,8,10,2026-08-11
HEL-1156,b39999e9-ac87-cd22-4751-5e4d2d25ae47,sai-ke,120,10,2026-08-11
HEL-1156,0f9aa6b8-15cc-0d9b-56c3-61f5f86544f9,sai-ke,3,10,2026-08-11
PRI-1157,bfb69fe8-1548-6f0b-3f13-f26c740f0c1f,sai-ke,70,10,2026-08-11
PRI-1157,8efa6771-e1d6-8ea8-08d8-13c5a1acffce,sai-ke,14,10,2026-08-11
PRI-1157,4e87eafa-e937-ff84-ae92-fc9068abf480,sai-ke,70,10,2026-08-11
PRI-1157,1e401c64-aea5-9092-c7c7-11e1e0c79b36,sai-ke,70,10,2026-08-11
PRI-1157,b39999e9-ac87-cd22-4751-5e4d2d25ae47,sai-ke,120,10,2026-08-11
PRI-1157,0f9aa6b8-15cc-0d9b-56c3-61f5f86544f9,sai-ke,31,10,2026-08-11
KAN-1158,bfb69fe8-1548-6f0b-3f13-f26c740f0c1f,sai-ke,22,10,2026-08-11
KAN-1158,8efa6771-e1d6-8ea8-08d8-13c5a1acffce,sai-ke,70,10,2026-08-11
KAN-1158,4e87eafa-e937-ff84-ae92-fc9068abf480,sai-ke,120,10,2026-08-11
KAN-1158,1e401c64-aea5-9092-c7c7-11e1e0c79b36,sai-ke,180,10,2026-08-11
KAN-1158,b39999e9-ac87-cd22-4751-5e4d2d25ae47,sai-ke,22,10,2026-08-11
KAN-1158,0f9aa6b8-15cc-0d9b-56c3-61f5f86544f9,sai-ke,3,10,2026-08-11
SKO-1159,bfb69fe8-1548-6f0b-3f13-f26c740f0c1f,sai-ke,70,10,2026-08-11
SKO-1159,8efa6771-e1d6-8ea8-08d8-13c5a1acffce,sai-ke,22,10,2026-08-11
SKO-1159,4e87eafa-e937-ff84-ae92-fc9068abf480,sai-ke,0,10,2026-08-11
SKO-1159,1e401c64-aea5-9092-c7c7-11e1e0c79b36,sai-ke,0,10,2026-08-11
SKO-1159,b39999e9-ac87-cd22-4751-5e4d2d25ae47,sai-ke,120,10,2026-08-11
SKO-1159,0f9aa6b8-15cc-0d9b-56c3-61f5f86544f9,sai-ke,22,10,2026-08-11
PRI-1160,bfb69fe8-1548-6f0b-3f13-f26c740f0c1f,sai-ke,8,10,2026-08-11
PRI-1160,8efa6771-e1d6-8ea8-08d8-13c5a1acffce,sai-ke,31,10,2026-08-11
PRI-1160,4e87eafa-e937-ff84-ae92-fc9068abf480,sai-ke,14,10,2026-08-11
PRI-1160,1e401c64-aea5-9092-c7c7-11e1e0c79b36,sai-ke,8,10,2026-08-11
PRI-1160,b39999e9-ac87-cd22-4751-5e4d2d25ae47,sai-ke,180,10,2026-08-11
PRI-1160,0f9aa6b8-15cc-0d9b-56c3-61f5f86544f9,sai-ke,120,10,2026-08-11
KAN-1161,bfb69fe8-1548-6f0b-3f13-f26c740f0c1f,sai-ke,48,10,2026-08-11
KAN-1161,8efa6771-e1d6-8ea8-08d8-13c5a1acffce,sai-ke,14,10,2026-08-11
KAN-1161,4e87eafa-e937-ff84-ae92-fc9068abf480,sai-ke,120,10,2026-08-11
KAN-1161,1e401c64-aea5-9092-c7c7-11e1e0c79b36,sai-ke,0,10,2026-08-11
KAN-1161,b39999e9-ac87-cd22-4751-5e4d2d25ae47,sai-ke,120,10,2026-08-11
KAN-1161,0f9aa6b8-15cc-0d9b-56c3-61f5f86544f9,sai-ke,22,10,2026-08-11
ORT-1162,bfb69fe8-1548-6f0b-3f13-f26c740f0c1f,sai-ke,8,10,2026-08-11
ORT-1162,8efa6771-e1d6-8ea8-08d8-13c5a1acffce,sai-ke,120,10,2026-08-11
ORT-1162,4e87eafa-e937-ff84-ae92-fc9068abf480,sai-ke,0,10,2026-08-11
ORT-1162,1e401c64-aea5-9092-c7c7-11e1e0c79b36,sai-ke,48,10,2026-08-11
ORT-1162,b39999e9-ac87-cd22-4751-5e4d2d25ae47,sai-ke,0,10,2026-08-11
ORT-1162,0f9aa6b8-15cc-0d9b-56c3-61f5f86544f9,sai-ke,8,10,2026-08-11
PRI-1163,bfb69fe8-1548-6f0b-3f13-f26c740f0c1f,sai-ke,48,10,2026-08-11
PRI-1163,8efa6771-e1d6-8ea8-08d8-13c5a1acffce,sai-ke,120,10,2026-08-11
PRI-1163,4e87eafa-e937-ff84-ae92-fc9068abf480,sai-ke,3,10,2026-08-11
PRI-1163,1e401c64-aea5-9092-c7c7-11e1e0c79b36,sai-ke,180,10,2026-08-11
PRI-1163,b39999e9-ac87-cd22-4751-5e4d2d25ae47,sai-ke,22,10,2026-08-11
PRI-1163,0f9aa6b8-15cc-0d9b-56c3-61f5f86544f9,sai-ke,31,10,2026-08-11
OFF-1164,bfb69fe8-1548-6f0b-3f13-f26c740f0c1f,sai-ke,48,10,2026-08-11
OFF-1164,8efa6771-e1d6-8ea8-08d8-13c5a1acffce,sai-ke,3,10,2026-08-11
OFF-1164,4e87eafa-e937-ff84-ae92-fc9068abf480,sai-ke,8,10,2026-08-11
OFF-1164,1e401c64-aea5-9092-c7c7-11e1e0c79b36,sai-ke,180,10,2026-08-11
OFF-1164,b39999e9-ac87-cd22-4751-5e4d2d25ae47,sai-ke,70,10,2026-08-11
OFF-1164,0f9aa6b8-15cc-0d9b-56c3-61f5f86544f9,sai-ke,22,10,2026-08-11
ORT-1165,bfb69fe8-1548-6f0b-3f13-f26c740f0c1f,sai-ke,120,10,2026-08-11
ORT-1165,8efa6771-e1d6-8ea8-08d8-13c5a1acffce,sai-ke,22,10,2026-08-11
ORT-1165,4e87eafa-e937-ff84-ae92-fc9068abf480,sai-ke,22,10,2026-08-11
ORT-1165,1e401c64-aea5-9092-c7c7-11e1e0c79b36,sai-ke,3,10,2026-08-11
ORT-1165,b39999e9-ac87-cd22-4751-5e4d2d25ae47,sai-ke,8,10,2026-08-11
ORT-1165,0f9aa6b8-15cc-0d9b-56c3-61f5f86544f9,sai-ke,120,10,2026-08-11
VED-1166,bfb69fe8-1548-6f0b-3f13-f26c740f0c1f,sai-ke,48,10,2026-08-11
VED-1166,8efa6771-e1d6-8ea8-08d8-13c5a1acffce,sai-ke,14,10,2026-08-11
VED-1166,4e87eafa-e937-ff84-ae92-fc9068abf480,sai-ke,0,10,2026-08-11
VED-1166,1e401c64-aea5-9092-c7c7-11e1e0c79b36,sai-ke,180,10,2026-08-11
VED-1166,b39999e9-ac87-cd22-4751-5e4d2d25ae47,sai-ke,70,10,2026-08-11
VED-1166,0f9aa6b8-15cc-0d9b-56c3-61f5f86544f9,sai-ke,8,10,2026-08-11
SKO-1167,bfb69fe8-1548-6f0b-3f13-f26c740f0c1f,sai-ke,3,10,2026-08-11
SKO-1167,8efa6771-e1d6-8ea8-08d8-13c5a1acffce,sai-ke,3,10,2026-08-11
SKO-1167,4e87eafa-e937-ff84-ae92-fc9068abf480,sai-ke,22,10,2026-08-11
SKO-1167,1e401c64-aea5-9092-c7c7-11e1e0c79b36,sai-ke,31,10,2026-08-11
SKO-1167,b39999e9-ac87-cd22-4751-5e4d2d25ae47,sai-ke,180,10,2026-08-11
SKO-1167,0f9aa6b8-15cc-0d9b-56c3-61f5f86544f9,sai-ke,70,10,2026-08-11
OFF-1168,bfb69fe8-1548-6f0b-3f13-f26c740f0c1f,sai-ke,120,10,2026-08-11
OFF-1168,8efa6771-e1d6-8ea8-08d8-13c5a1acffce,sai-ke,120,10,2026-08-11
OFF-1168,4e87eafa-e937-ff84-ae92-fc9068abf480,sai-ke,120,10,2026-08-11
OFF-1168,1e401c64-aea5-9092-c7c7-11e1e0c79b36,sai-ke,48,10,2026-08-11
OFF-1168,b39999e9-ac87-cd22-4751-5e4d2d25ae47,sai-ke,0,10,2026-08-11
OFF-1168,0f9aa6b8-15cc-0d9b-56c3-61f5f86544f9,sai-ke,8,10,2026-08-11
OFF-1169,bfb69fe8-1548-6f0b-3f13-f26c740f0c1f,sai-ke,8,10,2026-08-11
OFF-1169,8efa6771-e1d6-8ea8-08d8-13c5a1acffce,sai-ke,180,10,2026-08-11
OFF-1169,4e87eafa-e937-ff84-ae92-fc9068abf480,sai-ke,48,10,2026-08-11
OFF-1169,1e401c64-aea5-9092-c7c7-11e1e0c79b36,sai-ke,120,10,2026-08-11
OFF-1169,b39999e9-ac87-cd22-4751-5e4d2d25ae47,sai-ke,70,10,2026-08-11
OFF-1169,0f9aa6b8-15cc-0d9b-56c3-61f5f86544f9,sai-ke,70,10,2026-08-11
REX-1170,bfb69fe8-1548-6f0b-3f13-f26c740f0c1f,sai-ke,120,10,2026-08-11
REX-1170,8efa6771-e1d6-8ea8-08d8-13c5a1acffce,sai-ke,120,10,2026-08-11
REX-1170,4e87eafa-e937-ff84-ae92-fc9068abf480,sai-ke,8,10,2026-08-11
REX-1170,1e401c64-aea5-9092-c7c7-11e1e0c79b36,sai-ke,70,10,2026-08-11
REX-1170,b39999e9-ac87-cd22-4751-5e4d2d25ae47,sai-ke,22,10,2026-08-11
REX-1170,0f9aa6b8-15cc-0d9b-56c3-61f5f86544f9,sai-ke,0,10,2026-08-11
SKO-1171,bfb69fe8-1548-6f0b-3f13-f26c740f0c1f,sai-ke,120,10,2026-08-11
SKO-1171,8efa6771-e1d6-8ea8-08d8-13c5a1acffce,sai-ke,70,10,2026-08-11
SKO-1171,4e87eafa-e937-ff84-ae92-fc9068abf480,sai-ke,120,10,2026-08-11
SKO-1171,1e401c64-aea5-9092-c7c7-11e1e0c79b36,sai-ke,31,10,2026-08-11
SKO-1171,b39999e9-ac87-cd22-4751-5e4d2d25ae47,sai-ke,14,10,2026-08-11
SKO-1171,0f9aa6b8-15cc-0d9b-56c3-61f5f86544f9,sai-ke,70,10,2026-08-11
MAP-1172,bfb69fe8-1548-6f0b-3f13-f26c740f0c1f,sai-ke,120,10,2026-08-11
MAP-1172,8efa6771-e1d6-8ea8-08d8-13c5a1acffce,sai-ke,8,10,2026-08-11
MAP-1172,4e87eafa-e937-ff84-ae92-fc9068abf480,sai-ke,22,10,2026-08-11
MAP-1172,1e401c64-aea5-9092-c7c7-11e1e0c79b36,sai-ke,14,10,2026-08-11
MAP-1172,b39999e9-ac87-cd22-4751-5e4d2d25ae47,sai-ke,70,10,2026-08-11
MAP-1172,0f9aa6b8-15cc-0d9b-56c3-61f5f86544f9,sai-ke,180,10,2026-08-11
HEL-1173,bfb69fe8-1548-6f0b-3f13-f26c740f0c1f,sai-ke,48,10,2026-08-11
HEL-1173,8efa6771-e1d6-8ea8-08d8-13c5a1acffce,sai-ke,180,10,2026-08-11
HEL-1173,4e87eafa-e937-ff84-ae92-fc9068abf480,sai-ke,0,10,2026-08-11
HEL-1173,1e401c64-aea5-9092-c7c7-11e1e0c79b36,sai-ke,14,10,2026-08-11
HEL-1173,b39999e9-ac87-cd22-4751-5e4d2d25ae47,sai-ke,180,10,2026-08-11
HEL-1173,0f9aa6b8-15cc-0d9b-56c3-61f5f86544f9,sai-ke,14,10,2026-08-11
PRI-1174,bfb69fe8-1548-6f0b-3f13-f26c740f0c1f,sai-ke,70,10,2026-08-11
PRI-1174,8efa6771-e1d6-8ea8-08d8-13c5a1acffce,sai-ke,70,10,2026-08-11
PRI-1174,4e87eafa-e937-ff84-ae92-fc9068abf480,sai-ke,31,10,2026-08-11
PRI-1174,1e401c64-aea5-9092-c7c7-11e1e0c79b36,sai-ke,31,10,2026-08-11
PRI-1174,b39999e9-ac87-cd22-4751-5e4d2d25ae47,sai-ke,70,10,2026-08-11
PRI-1174,0f9aa6b8-15cc-0d9b-56c3-61f5f86544f9,sai-ke,3,10,2026-08-11
REX-1175,bfb69fe8-1548-6f0b-3f13-f26c740f0c1f,sai-ke,70,10,2026-08-11
REX-1175,8efa6771-e1d6-8ea8-08d8-13c5a1acffce,sai-ke,48,10,2026-08-11
REX-1175,4e87eafa-e937-ff84-ae92-fc9068abf480,sai-ke,180,10,2026-08-11
REX-1175,1e401c64-aea5-9092-c7c7-11e1e0c79b36,sai-ke,31,10,2026-08-11
REX-1175,b39999e9-ac87-cd22-4751-5e4d2d25ae47,sai-ke,180,10,2026-08-11
REX-1175,0f9aa6b8-15cc-0d9b-56c3-61f5f86544f9,sai-ke,180,10,2026-08-11
UHU-1176,bfb69fe8-1548-6f0b-3f13-f26c740f0c1f,sai-ke,14,10,2026-08-11
UHU-1176,8efa6771-e1d6-8ea8-08d8-13c5a1acffce,sai-ke,120,10,2026-08-11
UHU-1176,4e87eafa-e937-ff84-ae92-fc9068abf480,sai-ke,3,10,2026-08-11
UHU-1176,1e401c64-aea5-9092-c7c7-11e1e0c79b36,sai-ke,180,10,2026-08-11
UHU-1176,b39999e9-ac87-cd22-4751-5e4d2d25ae47,sai-ke,14,10,2026-08-11
UHU-1176,0f9aa6b8-15cc-0d9b-56c3-61f5f86544f9,sai-ke,180,10,2026-08-11
CRA-1177,bfb69fe8-1548-6f0b-3f13-f26c740f0c1f,sai-ke,180,10,2026-08-11
CRA-1177,8efa6771-e1d6-8ea8-08d8-13c5a1acffce,sai-ke,3,10,2026-08-11
CRA-1177,4e87eafa-e937-ff84-ae92-fc9068abf480,sai-ke,120,10,2026-08-11
CRA-1177,1e401c64-aea5-9092-c7c7-11e1e0c79b36,sai-ke,14,10,2026-08-11
CRA-1177,b39999e9-ac87-cd22-4751-5e4d2d25ae47,sai-ke,3,10,2026-08-11
CRA-1177,0f9aa6b8-15cc-0d9b-56c3-61f5f86544f9,sai-ke,48,10,2026-08-11
REX-1178,bfb69fe8-1548-6f0b-3f13-f26c740f0c1f,sai-ke,0,10,2026-08-11
REX-1178,8efa6771-e1d6-8ea8-08d8-13c5a1acffce,sai-ke,0,10,2026-08-11
REX-1178,4e87eafa-e937-ff84-ae92-fc9068abf480,sai-ke,0,10,2026-08-11
REX-1178,1e401c64-aea5-9092-c7c7-11e1e0c79b36,sai-ke,31,10,2026-08-11
REX-1178,b39999e9-ac87-cd22-4751-5e4d2d25ae47,sai-ke,180,10,2026-08-11
REX-1178,0f9aa6b8-15cc-0d9b-56c3-61f5f86544f9,sai-ke,14,10,2026-08-11
SKO-1179,bfb69fe8-1548-6f0b-3f13-f26c740f0c1f,sai-ke,8,10,2026-08-11
SKO-1179,8efa6771-e1d6-8ea8-08d8-13c5a1acffce,sai-ke,3,10,2026-08-11
SKO-1179,4e87eafa-e937-ff84-ae92-fc9068abf480,sai-ke,120,10,2026-08-11
SKO-1179,1e401c64-aea5-9092-c7c7-11e1e0c79b36,sai-ke,0,10,2026-08-11
SKO-1179,b39999e9-ac87-cd22-4751-5e4d2d25ae47,sai-ke,8,10,2026-08-11
SKO-1179,0f9aa6b8-15cc-0d9b-56c3-61f5f86544f9,sai-ke,14,10,2026-08-11
OFF-1180,bfb69fe8-1548-6f0b-3f13-f26c740f0c1f,sai-ke,48,10,2026-08-11
OFF-1180,8efa6771-e1d6-8ea8-08d8-13c5a1acffce,sai-ke,120,10,2026-08-11
OFF-1180,4e87eafa-e937-ff84-ae92-fc9068abf480,sai-ke,0,10,2026-08-11
OFF-1180,1e401c64-aea5-9092-c7c7-11e1e0c79b36,sai-ke,22,10,2026-08-11
OFF-1180,b39999e9-ac87-cd22-4751-5e4d2d25ae47,sai-ke,180,10,2026-08-11
OFF-1180,0f9aa6b8-15cc-0d9b-56c3-61f5f86544f9,sai-ke,120,10,2026-08-11
PRI-1181,bfb69fe8-1548-6f0b-3f13-f26c740f0c1f,sai-ke,70,10,2026-08-11
PRI-1181,8efa6771-e1d6-8ea8-08d8-13c5a1acffce,sai-ke,0,10,2026-08-11
PRI-1181,4e87eafa-e937-ff84-ae92-fc9068abf480,sai-ke,8,10,2026-08-11
PRI-1181,1e401c64-aea5-9092-c7c7-11e1e0c79b36,sai-ke,0,10,2026-08-11
PRI-1181,b39999e9-ac87-cd22-4751-5e4d2d25ae47,sai-ke,120,10,2026-08-11
PRI-1181,0f9aa6b8-15cc-0d9b-56c3-61f5f86544f9,sai-ke,22,10,2026-08-11
FEL-1182,bfb69fe8-1548-6f0b-3f13-f26c740f0c1f,sai-ke,48,10,2026-08-11
FEL-1182,8efa6771-e1d6-8ea8-08d8-13c5a1acffce,sai-ke,70,10,2026-08-11
FEL-1182,4e87eafa-e937-ff84-ae92-fc9068abf480,sai-ke,14,10,2026-08-11
FEL-1182,1e401c64-aea5-9092-c7c7-11e1e0c79b36,sai-ke,48,10,2026-08-11
FEL-1182,b39999e9-ac87-cd22-4751-5e4d2d25ae47,sai-ke,48,10,2026-08-11
FEL-1182,0f9aa6b8-15cc-0d9b-56c3-61f5f86544f9,sai-ke,8,10,2026-08-11
MAP-1183,bfb69fe8-1548-6f0b-3f13-f26c740f0c1f,sai-ke,8,10,2026-08-11
MAP-1183,8efa6771-e1d6-8ea8-08d8-13c5a1acffce,sai-ke,120,10,2026-08-11
MAP-1183,4e87eafa-e937-ff84-ae92-fc9068abf480,sai-ke,3,10,2026-08-11
MAP-1183,1e401c64-aea5-9092-c7c7-11e1e0c79b36,sai-ke,70,10,2026-08-11
MAP-1183,b39999e9-ac87-cd22-4751-5e4d2d25ae47,sai-ke,0,10,2026-08-11
MAP-1183,0f9aa6b8-15cc-0d9b-56c3-61f5f86544f9,sai-ke,180,10,2026-08-11
KAN-1184,bfb69fe8-1548-6f0b-3f13-f26c740f0c1f,sai-ke,14,10,2026-08-11
KAN-1184,8efa6771-e1d6-8ea8-08d8-13c5a1acffce,sai-ke,180,10,2026-08-11
KAN-1184,4e87eafa-e937-ff84-ae92-fc9068abf480,sai-ke,0,10,2026-08-11
KAN-1184,1e401c64-aea5-9092-c7c7-11e1e0c79b36,sai-ke,8,10,2026-08-11
KAN-1184,b39999e9-ac87-cd22-4751-5e4d2d25ae47,sai-ke,14,10,2026-08-11
KAN-1184,0f9aa6b8-15cc-0d9b-56c3-61f5f86544f9,sai-ke,70,10,2026-08-11
VED-1185,bfb69fe8-1548-6f0b-3f13-f26c740f0c1f,sai-ke,31,10,2026-08-11
VED-1185,8efa6771-e1d6-8ea8-08d8-13c5a1acffce,sai-ke,48,10,2026-08-11
VED-1185,4e87eafa-e937-ff84-ae92-fc9068abf480,sai-ke,31,10,2026-08-11
VED-1185,1e401c64-aea5-9092-c7c7-11e1e0c79b36,sai-ke,120,10,2026-08-11
VED-1185,b39999e9-ac87-cd22-4751-5e4d2d25ae47,sai-ke,3,10,2026-08-11
VED-1185,0f9aa6b8-15cc-0d9b-56c3-61f5f86544f9,sai-ke,8,10,2026-08-11
FEL-1186,bfb69fe8-1548-6f0b-3f13-f26c740f0c1f,sai-ke,8,10,2026-08-11
FEL-1186,8efa6771-e1d6-8ea8-08d8-13c5a1acffce,sai-ke,0,10,2026-08-11
FEL-1186,4e87eafa-e937-ff84-ae92-fc9068abf480,sai-ke,31,10,2026-08-11
FEL-1186,1e401c64-aea5-9092-c7c7-11e1e0c79b36,sai-ke,70,10,2026-08-11
FEL-1186,b39999e9-ac87-cd22-4751-5e4d2d25ae47,sai-ke,8,10,2026-08-11
FEL-1186,0f9aa6b8-15cc-0d9b-56c3-61f5f86544f9,sai-ke,0,10,2026-08-11
KAN-1187,bfb69fe8-1548-6f0b-3f13-f26c740f0c1f,sai-ke,3,10,2026-08-11
KAN-1187,8efa6771-e1d6-8ea8-08d8-13c5a1acffce,sai-ke,0,10,2026-08-11
KAN-1187,4e87eafa-e937-ff84-ae92-fc9068abf480,sai-ke,70,10,2026-08-11
KAN-1187,1e401c64-aea5-9092-c7c7-11e1e0c79b36,sai-ke,180,10,2026-08-11
KAN-1187,b39999e9-ac87-cd22-4751-5e4d2d25ae47,sai-ke,48,10,2026-08-11
KAN-1187,0f9aa6b8-15cc-0d9b-56c3-61f5f86544f9,sai-ke,180,10,2026-08-11
MAP-1188,bfb69fe8-1548-6f0b-3f13-f26c740f0c1f,sai-ke,8,10,2026-08-11
MAP-1188,8efa6771-e1d6-8ea8-08d8-13c5a1acffce,sai-ke,70,10,2026-08-11
MAP-1188,4e87eafa-e937-ff84-ae92-fc9068abf480,sai-ke,3,10,2026-08-11
MAP-1188,1e401c64-aea5-9092-c7c7-11e1e0c79b36,sai-ke,14,10,2026-08-11
MAP-1188,b39999e9-ac87-cd22-4751-5e4d2d25ae47,sai-ke,48,10,2026-08-11
MAP-1188,0f9aa6b8-15cc-0d9b-56c3-61f5f86544f9,sai-ke,0,10,2026-08-11
KAN-1189,bfb69fe8-1548-6f0b-3f13-f26c740f0c1f,sai-ke,31,10,2026-08-11
KAN-1189,8efa6771-e1d6-8ea8-08d8-13c5a1acffce,sai-ke,70,10,2026-08-11
KAN-1189,4e87eafa-e937-ff84-ae92-fc9068abf480,sai-ke,31,10,2026-08-11
KAN-1189,1e401c64-aea5-9092-c7c7-11e1e0c79b36,sai-ke,3,10,2026-08-11
KAN-1189,b39999e9-ac87-cd22-4751-5e4d2d25ae47,sai-ke,70,10,2026-08-11
KAN-1189,0f9aa6b8-15cc-0d9b-56c3-61f5f86544f9,sai-ke,48,10,2026-08-11
UHU-1190,bfb69fe8-1548-6f0b-3f13-f26c740f0c1f,sai-ke,14,10,2026-08-11
UHU-1190,8efa6771-e1d6-8ea8-08d8-13c5a1acffce,sai-ke,70,10,2026-08-11
UHU-1190,4e87eafa-e937-ff84-ae92-fc9068abf480,sai-ke,3,10,2026-08-11
UHU-1190,1e401c64-aea5-9092-c7c7-11e1e0c79b36,sai-ke,3,10,2026-08-11
UHU-1190,b39999e9-ac87-cd22-4751-5e4d2d25ae47,sai-ke,31,10,2026-08-11
UHU-1190,0f9aa6b8-15cc-0d9b-56c3-61f5f86544f9,sai-ke,180,10,2026-08-11
HEL-1191,bfb69fe8-1548-6f0b-3f13-f26c740f0c1f,sai-ke,3,10,2026-08-11
HEL-1191,8efa6771-e1d6-8ea8-08d8-13c5a1acffce,sai-ke,48,10,2026-08-11
HEL-1191,4e87eafa-e937-ff84-ae92-fc9068abf480,sai-ke,180,10,2026-08-11
HEL-1191,1e401c64-aea5-9092-c7c7-11e1e0c79b36,sai-ke,70,10,2026-08-11
HEL-1191,b39999e9-ac87-cd22-4751-5e4d2d25ae47,sai-ke,3,10,2026-08-11
HEL-1191,0f9aa6b8-15cc-0d9b-56c3-61f5f86544f9,sai-ke,0,10,2026-08-11
SKO-1192,bfb69fe8-1548-6f0b-3f13-f26c740f0c1f,sai-ke,8,10,2026-08-11
SKO-1192,8efa6771-e1d6-8ea8-08d8-13c5a1acffce,sai-ke,0,10,2026-08-11
SKO-1192,4e87eafa-e937-ff84-ae92-fc9068abf480,sai-ke,0,10,2026-08-11
SKO-1192,1e401c64-aea5-9092-c7c7-11e1e0c79b36,sai-ke,31,10,2026-08-11
SKO-1192,b39999e9-ac87-cd22-4751-5e4d2d25ae47,sai-ke,120,10,2026-08-11
SKO-1192,0f9aa6b8-15cc-0d9b-56c3-61f5f86544f9,sai-ke,14,10,2026-08-11
VED-1193,bfb69fe8-1548-6f0b-3f13-f26c740f0c1f,sai-ke,3,10,2026-08-11
VED-1193,8efa6771-e1d6-8ea8-08d8-13c5a1acffce,sai-ke,48,10,2026-08-11
VED-1193,4e87eafa-e937-ff84-ae92-fc9068abf480,sai-ke,14,10,2026-08-11
VED-1193,1e401c64-aea5-9092-c7c7-11e1e0c79b36,sai-ke,8,10,2026-08-11
VED-1193,b39999e9-ac87-cd22-4751-5e4d2d25ae47,sai-ke,3,10,2026-08-11
VED-1193,0f9aa6b8-15cc-0d9b-56c3-61f5f86544f9,sai-ke,22,10,2026-08-11
PRI-1194,bfb69fe8-1548-6f0b-3f13-f26c740f0c1f,sai-ke,120,10,2026-08-11
PRI-1194,8efa6771-e1d6-8ea8-08d8-13c5a1acffce,sai-ke,22,10,2026-08-11
PRI-1194,4e87eafa-e937-ff84-ae92-fc9068abf480,sai-ke,14,10,2026-08-11
PRI-1194,1e401c64-aea5-9092-c7c7-11e1e0c79b36,sai-ke,14,10,2026-08-11
PRI-1194,b39999e9-ac87-cd22-4751-5e4d2d25ae47,sai-ke,180,10,2026-08-11
PRI-1194,0f9aa6b8-15cc-0d9b-56c3-61f5f86544f9,sai-ke,48,10,2026-08-11
KAN-1195,bfb69fe8-1548-6f0b-3f13-f26c740f0c1f,sai-ke,14,10,2026-08-11
KAN-1195,8efa6771-e1d6-8ea8-08d8-13c5a1acffce,sai-ke,8,10,2026-08-11
KAN-1195,4e87eafa-e937-ff84-ae92-fc9068abf480,sai-ke,8,10,2026-08-11
KAN-1195,1e401c64-aea5-9092-c7c7-11e1e0c79b36,sai-ke,120,10,2026-08-11
KAN-1195,b39999e9-ac87-cd22-4751-5e4d2d25ae47,sai-ke,14,10,2026-08-11
KAN-1195,0f9aa6b8-15cc-0d9b-56c3-61f5f86544f9,sai-ke,120,10,2026-08-11
VED-1196,bfb69fe8-1548-6f0b-3f13-f26c740f0c1f,sai-ke,3,10,2026-08-11
VED-1196,8efa6771-e1d6-8ea8-08d8-13c5a1acffce,sai-ke,14,10,2026-08-11
VED-1196,4e87eafa-e937-ff84-ae92-fc9068abf480,sai-ke,48,10,2026-08-11
VED-1196,1e401c64-aea5-9092-c7c7-11e1e0c79b36,sai-ke,8,10,2026-08-11
VED-1196,b39999e9-ac87-cd22-4751-5e4d2d25ae47,sai-ke,3,10,2026-08-11
VED-1196,0f9aa6b8-15cc-0d9b-56c3-61f5f86544f9,sai-ke,8,10,2026-08-11
FEL-1197,bfb69fe8-1548-6f0b-3f13-f26c740f0c1f,sai-ke,8,10,2026-08-11
FEL-1197,8efa6771-e1d6-8ea8-08d8-13c5a1acffce,sai-ke,3,10,2026-08-11
FEL-1197,4e87eafa-e937-ff84-ae92-fc9068abf480,sai-ke,70,10,2026-08-11
FEL-1197,1e401c64-aea5-9092-c7c7-11e1e0c79b36,sai-ke,180,10,2026-08-11
FEL-1197,b39999e9-ac87-cd22-4751-5e4d2d25ae47,sai-ke,14,10,2026-08-11
FEL-1197,0f9aa6b8-15cc-0d9b-56c3-61f5f86544f9,sai-ke,70,10,2026-08-11
FEL-1198,bfb69fe8-1548-6f0b-3f13-f26c740f0c1f,sai-ke,48,10,2026-08-11
FEL-1198,8efa6771-e1d6-8ea8-08d8-13c5a1acffce,sai-ke,180,10,2026-08-11
FEL-1198,4e87eafa-e937-ff84-ae92-fc9068abf480,sai-ke,3,10,2026-08-11
FEL-1198,1e401c64-aea5-9092-c7c7-11e1e0c79b36,sai-ke,48,10,2026-08-11
FEL-1198,b39999e9-ac87-cd22-4751-5e4d2d25ae47,sai-ke,14,10,2026-08-11
FEL-1198,0f9aa6b8-15cc-0d9b-56c3-61f5f86544f9,sai-ke,8,10,2026-08-11
CRA-1199,bfb69fe8-1548-6f0b-3f13-f26c740f0c1f,sai-ke,31,10,2026-08-11
CRA-1199,8efa6771-e1d6-8ea8-08d8-13c5a1acffce,sai-ke,0,10,2026-08-11
CRA-1199,4e87eafa-e937-ff84-ae92-fc9068abf480,sai-ke,70,10,2026-08-11
CRA-1199,1e401c64-aea5-9092-c7c7-11e1e0c79b36,sai-ke,8,10,2026-08-11
CRA-1199,b39999e9-ac87-cd22-4751-5e4d2d25ae47,sai-ke,0,10,2026-08-11
CRA-1199,0f9aa6b8-15cc-0d9b-56c3-61f5f86544f9,sai-ke,0,10,2026-08-11
VED-1200,bfb69fe8-1548-6f0b-3f13-f26c740f0c1f,sai-ke,48,10,2026-08-11
VED-1200,8efa6771-e1d6-8ea8-08d8-13c5a1acffce,sai-ke,120,10,2026-08-11
VED-1200,4e87eafa-e937-ff84-ae92-fc9068abf480,sai-ke,22,10,2026-08-11
VED-1200,1e401c64-aea5-9092-c7c7-11e1e0c79b36,sai-ke,48,10,2026-08-11
VED-1200,b39999e9-ac87-cd22-4751-5e4d2d25ae47,sai-ke,8,10,2026-08-11
VED-1200,0f9aa6b8-15cc-0d9b-56c3-61f5f86544f9,sai-ke,31,10,2026-08-11
PRI-1201,bfb69fe8-1548-6f0b-3f13-f26c740f0c1f,sai-ke,120,10,2026-08-11
PRI-1201,8efa6771-e1d6-8ea8-08d8-13c5a1acffce,sai-ke,22,10,2026-08-11
PRI-1201,4e87eafa-e937-ff84-ae92-fc9068abf480,sai-ke,8,10,2026-08-11
PRI-1201,1e401c64-aea5-9092-c7c7-11e1e0c79b36,sai-ke,70,10,2026-08-11
PRI-1201,b39999e9-ac87-cd22-4751-5e4d2d25ae47,sai-ke,31,10,2026-08-11
PRI-1201,0f9aa6b8-15cc-0d9b-56c3-61f5f86544f9,sai-ke,120,10,2026-08-11
PRI-1202,bfb69fe8-1548-6f0b-3f13-f26c740f0c1f,sai-ke,48,10,2026-08-11
PRI-1202,8efa6771-e1d6-8ea8-08d8-13c5a1acffce,sai-ke,14,10,2026-08-11
PRI-1202,4e87eafa-e937-ff84-ae92-fc9068abf480,sai-ke,22,10,2026-08-11
PRI-1202,1e401c64-aea5-9092-c7c7-11e1e0c79b36,sai-ke,48,10,2026-08-11
PRI-1202,b39999e9-ac87-cd22-4751-5e4d2d25ae47,sai-ke,180,10,2026-08-11
PRI-1202,0f9aa6b8-15cc-0d9b-56c3-61f5f86544f9,sai-ke,180,10,2026-08-11
VED-1203,bfb69fe8-1548-6f0b-3f13-f26c740f0c1f,sai-ke,120,10,2026-08-11
VED-1203,8efa6771-e1d6-8ea8-08d8-13c5a1acffce,sai-ke,31,10,2026-08-11
VED-1203,4e87eafa-e937-ff84-ae92-fc9068abf480,sai-ke,120,10,2026-08-11
VED-1203,1e401c64-aea5-9092-c7c7-11e1e0c79b36,sai-ke,31,10,2026-08-11
VED-1203,b39999e9-ac87-cd22-4751-5e4d2d25ae47,sai-ke,14,10,2026-08-11
VED-1203,0f9aa6b8-15cc-0d9b-56c3-61f5f86544f9,sai-ke,48,10,2026-08-11
SKO-1204,bfb69fe8-1548-6f0b-3f13-f26c740f0c1f,sai-ke,0,10,2026-08-11
SKO-1204,8efa6771-e1d6-8ea8-08d8-13c5a1acffce,sai-ke,48,10,2026-08-11
SKO-1204,4e87eafa-e937-ff84-ae92-fc9068abf480,sai-ke,180,10,2026-08-11
SKO-1204,1e401c64-aea5-9092-c7c7-11e1e0c79b36,sai-ke,31,10,2026-08-11
SKO-1204,b39999e9-ac87-cd22-4751-5e4d2d25ae47,sai-ke,180,10,2026-08-11
SKO-1204,0f9aa6b8-15cc-0d9b-56c3-61f5f86544f9,sai-ke,8,10,2026-08-11
ORT-1205,bfb69fe8-1548-6f0b-3f13-f26c740f0c1f,sai-ke,31,10,2026-08-11
ORT-1205,8efa6771-e1d6-8ea8-08d8-13c5a1acffce,sai-ke,0,10,2026-08-11
ORT-1205,4e87eafa-e937-ff84-ae92-fc9068abf480,sai-ke,48,10,2026-08-11
ORT-1205,1e401c64-aea5-9092-c7c7-11e1e0c79b36,sai-ke,0,10,2026-08-11
ORT-1205,b39999e9-ac87-cd22-4751-5e4d2d25ae47,sai-ke,3,10,2026-08-11
ORT-1205,0f9aa6b8-15cc-0d9b-56c3-61f5f86544f9,sai-ke,48,10,2026-08-11
REX-1206,bfb69fe8-1548-6f0b-3f13-f26c740f0c1f,sai-ke,31,10,2026-08-11
REX-1206,8efa6771-e1d6-8ea8-08d8-13c5a1acffce,sai-ke,180,10,2026-08-11
REX-1206,4e87eafa-e937-ff84-ae92-fc9068abf480,sai-ke,3,10,2026-08-11
REX-1206,1e401c64-aea5-9092-c7c7-11e1e0c79b36,sai-ke,120,10,2026-08-11
REX-1206,b39999e9-ac87-cd22-4751-5e4d2d25ae47,sai-ke,70,10,2026-08-11
REX-1206,0f9aa6b8-15cc-0d9b-56c3-61f5f86544f9,sai-ke,31,10,2026-08-11
KAN-1207,bfb69fe8-1548-6f0b-3f13-f26c740f0c1f,sai-ke,31,10,2026-08-11
KAN-1207,8efa6771-e1d6-8ea8-08d8-13c5a1acffce,sai-ke,8,10,2026-08-11
KAN-1207,4e87eafa-e937-ff84-ae92-fc9068abf480,sai-ke,3,10,2026-08-11
KAN-1207,1e401c64-aea5-9092-c7c7-11e1e0c79b36,sai-ke,22,10,2026-08-11
KAN-1207,b39999e9-ac87-cd22-4751-5e4d2d25ae47,sai-ke,120,10,2026-08-11
KAN-1207,0f9aa6b8-15cc-0d9b-56c3-61f5f86544f9,sai-ke,120,10,2026-08-11
OFF-1208,bfb69fe8-1548-6f0b-3f13-f26c740f0c1f,sai-ke,8,10,2026-08-11
OFF-1208,8efa6771-e1d6-8ea8-08d8-13c5a1acffce,sai-ke,180,10,2026-08-11
OFF-1208,4e87eafa-e937-ff84-ae92-fc9068abf480,sai-ke,22,10,2026-08-11
OFF-1208,1e401c64-aea5-9092-c7c7-11e1e0c79b36,sai-ke,180,10,2026-08-11
OFF-1208,b39999e9-ac87-cd22-4751-5e4d2d25ae47,sai-ke,8,10,2026-08-11
OFF-1208,0f9aa6b8-15cc-0d9b-56c3-61f5f86544f9,sai-ke,70,10,2026-08-11
VED-1209,bfb69fe8-1548-6f0b-3f13-f26c740f0c1f,sai-ke,120,10,2026-08-11
VED-1209,8efa6771-e1d6-8ea8-08d8-13c5a1acffce,sai-ke,14,10,2026-08-11
VED-1209,4e87eafa-e937-ff84-ae92-fc9068abf480,sai-ke,14,10,2026-08-11
VED-1209,1e401c64-aea5-9092-c7c7-11e1e0c79b36,sai-ke,48,10,2026-08-11
VED-1209,b39999e9-ac87-cd22-4751-5e4d2d25ae47,sai-ke,48,10,2026-08-11
VED-1209,0f9aa6b8-15cc-0d9b-56c3-61f5f86544f9,sai-ke,8,10,2026-08-11
ORT-1210,bfb69fe8-1548-6f0b-3f13-f26c740f0c1f,sai-ke,0,10,2026-08-11
ORT-1210,8efa6771-e1d6-8ea8-08d8-13c5a1acffce,sai-ke,22,10,2026-08-11
ORT-1210,4e87eafa-e937-ff84-ae92-fc9068abf480,sai-ke,3,10,2026-08-11
ORT-1210,1e401c64-aea5-9092-c7c7-11e1e0c79b36,sai-ke,31,10,2026-08-11
ORT-1210,b39999e9-ac87-cd22-4751-5e4d2d25ae47,sai-ke,14,10,2026-08-11
ORT-1210,0f9aa6b8-15cc-0d9b-56c3-61f5f86544f9,sai-ke,70,10,2026-08-11
VED-1211,bfb69fe8-1548-6f0b-3f13-f26c740f0c1f,sai-ke,3,10,2026-08-11
VED-1211,8efa6771-e1d6-8ea8-08d8-13c5a1acffce,sai-ke,180,10,2026-08-11
VED-1211,4e87eafa-e937-ff84-ae92-fc9068abf480,sai-ke,180,10,2026-08-11
VED-1211,1e401c64-aea5-9092-c7c7-11e1e0c79b36,sai-ke,0,10,2026-08-11
VED-1211,b39999e9-ac87-cd22-4751-5e4d2d25ae47,sai-ke,180,10,2026-08-11
VED-1211,0f9aa6b8-15cc-0d9b-56c3-61f5f86544f9,sai-ke,22,10,2026-08-11
VED-1212,bfb69fe8-1548-6f0b-3f13-f26c740f0c1f,sai-ke,22,10,2026-08-11
VED-1212,8efa6771-e1d6-8ea8-08d8-13c5a1acffce,sai-ke,22,10,2026-08-11
VED-1212,4e87eafa-e937-ff84-ae92-fc9068abf480,sai-ke,3,10,2026-08-11
VED-1212,1e401c64-aea5-9092-c7c7-11e1e0c79b36,sai-ke,0,10,2026-08-11
VED-1212,b39999e9-ac87-cd22-4751-5e4d2d25ae47,sai-ke,180,10,2026-08-11
VED-1212,0f9aa6b8-15cc-0d9b-56c3-61f5f86544f9,sai-ke,22,10,2026-08-11
PRI-1213,bfb69fe8-1548-6f0b-3f13-f26c740f0c1f,sai-ke,22,10,2026-08-11
PRI-1213,8efa6771-e1d6-8ea8-08d8-13c5a1acffce,sai-ke,14,10,2026-08-11
PRI-1213,4e87eafa-e937-ff84-ae92-fc9068abf480,sai-ke,120,10,2026-08-11
PRI-1213,1e401c64-aea5-9092-c7c7-11e1e0c79b36,sai-ke,3,10,2026-08-11
PRI-1213,b39999e9-ac87-cd22-4751-5e4d2d25ae47,sai-ke,0,10,2026-08-11
PRI-1213,0f9aa6b8-15cc-0d9b-56c3-61f5f86544f9,sai-ke,3,10,2026-08-11
VED-1214,bfb69fe8-1548-6f0b-3f13-f26c740f0c1f,sai-ke,22,10,2026-08-11
VED-1214,8efa6771-e1d6-8ea8-08d8-13c5a1acffce,sai-ke,14,10,2026-08-11
VED-1214,4e87eafa-e937-ff84-ae92-fc9068abf480,sai-ke,22,10,2026-08-11
VED-1214,1e401c64-aea5-9092-c7c7-11e1e0c79b36,sai-ke,14,10,2026-08-11
VED-1214,b39999e9-ac87-cd22-4751-5e4d2d25ae47,sai-ke,31,10,2026-08-11
VED-1214,0f9aa6b8-15cc-0d9b-56c3-61f5f86544f9,sai-ke,8,10,2026-08-11
FEL-1215,bfb69fe8-1548-6f0b-3f13-f26c740f0c1f,sai-ke,8,10,2026-08-11
FEL-1215,8efa6771-e1d6-8ea8-08d8-13c5a1acffce,sai-ke,31,10,2026-08-11
FEL-1215,4e87eafa-e937-ff84-ae92-fc9068abf480,sai-ke,22,10,2026-08-11
FEL-1215,1e401c64-aea5-9092-c7c7-11e1e0c79b36,sai-ke,180,10,2026-08-11
FEL-1215,b39999e9-ac87-cd22-4751-5e4d2d25ae47,sai-ke,31,10,2026-08-11
FEL-1215,0f9aa6b8-15cc-0d9b-56c3-61f5f86544f9,sai-ke,70,10,2026-08-11
CRA-1216,bfb69fe8-1548-6f0b-3f13-f26c740f0c1f,sai-ke,48,10,2026-08-11
CRA-1216,8efa6771-e1d6-8ea8-08d8-13c5a1acffce,sai-ke,180,10,2026-08-11
CRA-1216,4e87eafa-e937-ff84-ae92-fc9068abf480,sai-ke,22,10,2026-08-11
CRA-1216,1e401c64-aea5-9092-c7c7-11e1e0c79b36,sai-ke,0,10,2026-08-11
CRA-1216,b39999e9-ac87-cd22-4751-5e4d2d25ae47,sai-ke,70,10,2026-08-11
CRA-1216,0f9aa6b8-15cc-0d9b-56c3-61f5f86544f9,sai-ke,22,10,2026-08-11
HEL-1217,bfb69fe8-1548-6f0b-3f13-f26c740f0c1f,sai-ke,120,10,2026-08-11
HEL-1217,8efa6771-e1d6-8ea8-08d8-13c5a1acffce,sai-ke,0,10,2026-08-11
HEL-1217,4e87eafa-e937-ff84-ae92-fc9068abf480,sai-ke,48,10,2026-08-11
HEL-1217,1e401c64-aea5-9092-c7c7-11e1e0c79b36,sai-ke,22,10,2026-08-11
HEL-1217,b39999e9-ac87-cd22-4751-5e4d2d25ae47,sai-ke,22,10,2026-08-11
HEL-1217,0f9aa6b8-15cc-0d9b-56c3-61f5f86544f9,sai-ke,0,10,2026-08-11
KAN-1218,bfb69fe8-1548-6f0b-3f13-f26c740f0c1f,sai-ke,180,10,2026-08-11
KAN-1218,8efa6771-e1d6-8ea8-08d8-13c5a1acffce,sai-ke,0,10,2026-08-11
KAN-1218,4e87eafa-e937-ff84-ae92-fc9068abf480,sai-ke,120,10,2026-08-11
KAN-1218,1e401c64-aea5-9092-c7c7-11e1e0c79b36,sai-ke,48,10,2026-08-11
KAN-1218,b39999e9-ac87-cd22-4751-5e4d2d25ae47,sai-ke,48,10,2026-08-11
KAN-1218,0f9aa6b8-15cc-0d9b-56c3-61f5f86544f9,sai-ke,180,10,2026-08-11
REX-1219,bfb69fe8-1548-6f0b-3f13-f26c740f0c1f,sai-ke,0,10,2026-08-11
REX-1219,8efa6771-e1d6-8ea8-08d8-13c5a1acffce,sai-ke,3,10,2026-08-11
REX-1219,4e87eafa-e937-ff84-ae92-fc9068abf480,sai-ke,70,10,2026-08-11
REX-1219,1e401c64-aea5-9092-c7c7-11e1e0c79b36,sai-ke,48,10,2026-08-11
REX-1219,b39999e9-ac87-cd22-4751-5e4d2d25ae47,sai-ke,120,10,2026-08-11
REX-1219,0f9aa6b8-15cc-0d9b-56c3-61f5f86544f9,sai-ke,0,10,2026-08-11
OFF-1220,bfb69fe8-1548-6f0b-3f13-f26c740f0c1f,sai-ke,180,10,2026-08-11
OFF-1220,8efa6771-e1d6-8ea8-08d8-13c5a1acffce,sai-ke,3,10,2026-08-11
OFF-1220,4e87eafa-e937-ff84-ae92-fc9068abf480,sai-ke,48,10,2026-08-11
OFF-1220,1e401c64-aea5-9092-c7c7-11e1e0c79b36,sai-ke,120,10,2026-08-11
OFF-1220,b39999e9-ac87-cd22-4751-5e4d2d25ae47,sai-ke,180,10,2026-08-11
OFF-1220,0f9aa6b8-15cc-0d9b-56c3-61f5f86544f9,sai-ke,22,10,2026-08-11
UHU-1221,bfb69fe8-1548-6f0b-3f13-f26c740f0c1f,sai-ke,22,10,2026-08-11
UHU-1221,8efa6771-e1d6-8ea8-08d8-13c5a1acffce,sai-ke,70,10,2026-08-11
UHU-1221,4e87eafa-e937-ff84-ae92-fc9068abf480,sai-ke,48,10,2026-08-11
UHU-1221,1e401c64-aea5-9092-c7c7-11e1e0c79b36,sai-ke,120,10,2026-08-11
UHU-1221,b39999e9-ac87-cd22-4751-5e4d2d25ae47,sai-ke,70,10,2026-08-11
UHU-1221,0f9aa6b8-15cc-0d9b-56c3-61f5f86544f9,sai-ke,70,10,2026-08-11
HEL-1222,bfb69fe8-1548-6f0b-3f13-f26c740f0c1f,sai-ke,70,10,2026-08-11
HEL-1222,8efa6771-e1d6-8ea8-08d8-13c5a1acffce,sai-ke,31,10,2026-08-11
HEL-1222,4e87eafa-e937-ff84-ae92-fc9068abf480,sai-ke,70,10,2026-08-11
HEL-1222,1e401c64-aea5-9092-c7c7-11e1e0c79b36,sai-ke,48,10,2026-08-11
HEL-1222,b39999e9-ac87-cd22-4751-5e4d2d25ae47,sai-ke,120,10,2026-08-11
HEL-1222,0f9aa6b8-15cc-0d9b-56c3-61f5f86544f9,sai-ke,8,10,2026-08-11
FEL-1223,bfb69fe8-1548-6f0b-3f13-f26c740f0c1f,sai-ke,14,10,2026-08-11
FEL-1223,8efa6771-e1d6-8ea8-08d8-13c5a1acffce,sai-ke,70,10,2026-08-11
FEL-1223,4e87eafa-e937-ff84-ae92-fc9068abf480,sai-ke,8,10,2026-08-11
FEL-1223,1e401c64-aea5-9092-c7c7-11e1e0c79b36,sai-ke,31,10,2026-08-11
FEL-1223,b39999e9-ac87-cd22-4751-5e4d2d25ae47,sai-ke,180,10,2026-08-11
FEL-1223,0f9aa6b8-15cc-0d9b-56c3-61f5f86544f9,sai-ke,22,10,2026-08-11
SKO-1224,bfb69fe8-1548-6f0b-3f13-f26c740f0c1f,sai-ke,180,10,2026-08-11
SKO-1224,8efa6771-e1d6-8ea8-08d8-13c5a1acffce,sai-ke,14,10,2026-08-11
SKO-1224,4e87eafa-e937-ff84-ae92-fc9068abf480,sai-ke,14,10,2026-08-11
SKO-1224,1e401c64-aea5-9092-c7c7-11e1e0c79b36,sai-ke,120,10,2026-08-11
SKO-1224,b39999e9-ac87-cd22-4751-5e4d2d25ae47,sai-ke,48,10,2026-08-11
SKO-1224,0f9aa6b8-15cc-0d9b-56c3-61f5f86544f9,sai-ke,22,10,2026-08-11
FEL-1225,bfb69fe8-1548-6f0b-3f13-f26c740f0c1f,sai-ke,0,10,2026-08-11
FEL-1225,8efa6771-e1d6-8ea8-08d8-13c5a1acffce,sai-ke,48,10,2026-08-11
FEL-1225,4e87eafa-e937-ff84-ae92-fc9068abf480,sai-ke,70,10,2026-08-11
FEL-1225,1e401c64-aea5-9092-c7c7-11e1e0c79b36,sai-ke,3,10,2026-08-11
FEL-1225,b39999e9-ac87-cd22-4751-5e4d2d25ae47,sai-ke,14,10,2026-08-11
FEL-1225,0f9aa6b8-15cc-0d9b-56c3-61f5f86544f9,sai-ke,14,10,2026-08-11
PRI-1226,bfb69fe8-1548-6f0b-3f13-f26c740f0c1f,sai-ke,8,10,2026-08-11
PRI-1226,8efa6771-e1d6-8ea8-08d8-13c5a1acffce,sai-ke,70,10,2026-08-11
PRI-1226,4e87eafa-e937-ff84-ae92-fc9068abf480,sai-ke,22,10,2026-08-11
PRI-1226,1e401c64-aea5-9092-c7c7-11e1e0c79b36,sai-ke,31,10,2026-08-11
PRI-1226,b39999e9-ac87-cd22-4751-5e4d2d25ae47,sai-ke,8,10,2026-08-11
PRI-1226,0f9aa6b8-15cc-0d9b-56c3-61f5f86544f9,sai-ke,0,10,2026-08-11
SKO-1227,bfb69fe8-1548-6f0b-3f13-f26c740f0c1f,sai-ke,22,10,2026-08-11
SKO-1227,8efa6771-e1d6-8ea8-08d8-13c5a1acffce,sai-ke,14,10,2026-08-11
SKO-1227,4e87eafa-e937-ff84-ae92-fc9068abf480,sai-ke,70,10,2026-08-11
SKO-1227,1e401c64-aea5-9092-c7c7-11e1e0c79b36,sai-ke,14,10,2026-08-11
SKO-1227,b39999e9-ac87-cd22-4751-5e4d2d25ae47,sai-ke,120,10,2026-08-11
SKO-1227,0f9aa6b8-15cc-0d9b-56c3-61f5f86544f9,sai-ke,3,10,2026-08-11
SKO-1228,bfb69fe8-1548-6f0b-3f13-f26c740f0c1f,sai-ke,22,10,2026-08-11
SKO-1228,8efa6771-e1d6-8ea8-08d8-13c5a1acffce,sai-ke,120,10,2026-08-11
SKO-1228,4e87eafa-e937-ff84-ae92-fc9068abf480,sai-ke,31,10,2026-08-11
SKO-1228,1e401c64-aea5-9092-c7c7-11e1e0c79b36,sai-ke,70,10,2026-08-11
SKO-1228,b39999e9-ac87-cd22-4751-5e4d2d25ae47,sai-ke,8,10,2026-08-11
SKO-1228,0f9aa6b8-15cc-0d9b-56c3-61f5f86544f9,sai-ke,0,10,2026-08-11
MAP-1229,bfb69fe8-1548-6f0b-3f13-f26c740f0c1f,sai-ke,3,10,2026-08-11
MAP-1229,8efa6771-e1d6-8ea8-08d8-13c5a1acffce,sai-ke,0,10,2026-08-11
MAP-1229,4e87eafa-e937-ff84-ae92-fc9068abf480,sai-ke,48,10,2026-08-11
MAP-1229,1e401c64-aea5-9092-c7c7-11e1e0c79b36,sai-ke,3,10,2026-08-11
MAP-1229,b39999e9-ac87-cd22-4751-5e4d2d25ae47,sai-ke,120,10,2026-08-11
MAP-1229,0f9aa6b8-15cc-0d9b-56c3-61f5f86544f9,sai-ke,8,10,2026-08-11
OFF-1230,bfb69fe8-1548-6f0b-3f13-f26c740f0c1f,sai-ke,3,10,2026-08-11
OFF-1230,8efa6771-e1d6-8ea8-08d8-13c5a1acffce,sai-ke,0,10,2026-08-11
OFF-1230,4e87eafa-e937-ff84-ae92-fc9068abf480,sai-ke,120,10,2026-08-11
OFF-1230,1e401c64-aea5-9092-c7c7-11e1e0c79b36,sai-ke,70,10,2026-08-11
OFF-1230,b39999e9-ac87-cd22-4751-5e4d2d25ae47,sai-ke,14,10,2026-08-11
OFF-1230,0f9aa6b8-15cc-0d9b-56c3-61f5f86544f9,sai-ke,31,10,2026-08-11
OFF-1231,bfb69fe8-1548-6f0b-3f13-f26c740f0c1f,sai-ke,180,10,2026-08-11
OFF-1231,8efa6771-e1d6-8ea8-08d8-13c5a1acffce,sai-ke,180,10,2026-08-11
OFF-1231,4e87eafa-e937-ff84-ae92-fc9068abf480,sai-ke,48,10,2026-08-11
OFF-1231,1e401c64-aea5-9092-c7c7-11e1e0c79b36,sai-ke,22,10,2026-08-11
OFF-1231,b39999e9-ac87-cd22-4751-5e4d2d25ae47,sai-ke,0,10,2026-08-11
OFF-1231,0f9aa6b8-15cc-0d9b-56c3-61f5f86544f9,sai-ke,31,10,2026-08-11
OFF-1232,bfb69fe8-1548-6f0b-3f13-f26c740f0c1f,sai-ke,120,10,2026-08-11
OFF-1232,8efa6771-e1d6-8ea8-08d8-13c5a1acffce,sai-ke,120,10,2026-08-11
OFF-1232,4e87eafa-e937-ff84-ae92-fc9068abf480,sai-ke,48,10,2026-08-11
OFF-1232,1e401c64-aea5-9092-c7c7-11e1e0c79b36,sai-ke,180,10,2026-08-11
OFF-1232,b39999e9-ac87-cd22-4751-5e4d2d25ae47,sai-ke,0,10,2026-08-11
OFF-1232,0f9aa6b8-15cc-0d9b-56c3-61f5f86544f9,sai-ke,70,10,2026-08-11
OFF-1233,bfb69fe8-1548-6f0b-3f13-f26c740f0c1f,sai-ke,14,10,2026-08-11
OFF-1233,8efa6771-e1d6-8ea8-08d8-13c5a1acffce,sai-ke,180,10,2026-08-11
OFF-1233,4e87eafa-e937-ff84-ae92-fc9068abf480,sai-ke,180,10,2026-08-11
OFF-1233,1e401c64-aea5-9092-c7c7-11e1e0c79b36,sai-ke,22,10,2026-08-11
OFF-1233,b39999e9-ac87-cd22-4751-5e4d2d25ae47,sai-ke,8,10,2026-08-11
OFF-1233,0f9aa6b8-15cc-0d9b-56c3-61f5f86544f9,sai-ke,14,10,2026-08-11
OFF-1234,bfb69fe8-1548-6f0b-3f13-f26c740f0c1f,sai-ke,70,10,2026-08-11
OFF-1234,8efa6771-e1d6-8ea8-08d8-13c5a1acffce,sai-ke,14,10,2026-08-11
OFF-1234,4e87eafa-e937-ff84-ae92-fc9068abf480,sai-ke,8,10,2026-08-11
OFF-1234,1e401c64-aea5-9092-c7c7-11e1e0c79b36,sai-ke,48,10,2026-08-11
OFF-1234,b39999e9-ac87-cd22-4751-5e4d2d25ae47,sai-ke,22,10,2026-08-11
OFF-1234,0f9aa6b8-15cc-0d9b-56c3-61f5f86544f9,sai-ke,22,10,2026-08-11
OFF-1235,bfb69fe8-1548-6f0b-3f13-f26c740f0c1f,sai-ke,8,10,2026-08-11
OFF-1235,8efa6771-e1d6-8ea8-08d8-13c5a1acffce,sai-ke,0,10,2026-08-11
OFF-1235,4e87eafa-e937-ff84-ae92-fc9068abf480,sai-ke,120,10,2026-08-11
OFF-1235,1e401c64-aea5-9092-c7c7-11e1e0c79b36,sai-ke,180,10,2026-08-11
OFF-1235,b39999e9-ac87-cd22-4751-5e4d2d25ae47,sai-ke,8,10,2026-08-11
OFF-1235,0f9aa6b8-15cc-0d9b-56c3-61f5f86544f9,sai-ke,22,10,2026-08-11
OFF-1236,bfb69fe8-1548-6f0b-3f13-f26c740f0c1f,sai-ke,70,10,2026-08-11
OFF-1236,8efa6771-e1d6-8ea8-08d8-13c5a1acffce,sai-ke,0,10,2026-08-11
OFF-1236,4e87eafa-e937-ff84-ae92-fc9068abf480,sai-ke,120,10,2026-08-11
OFF-1236,1e401c64-aea5-9092-c7c7-11e1e0c79b36,sai-ke,3,10,2026-08-11
OFF-1236,b39999e9-ac87-cd22-4751-5e4d2d25ae47,sai-ke,31,10,2026-08-11
OFF-1236,0f9aa6b8-15cc-0d9b-56c3-61f5f86544f9,sai-ke,14,10,2026-08-11
OFF-1237,bfb69fe8-1548-6f0b-3f13-f26c740f0c1f,sai-ke,14,10,2026-08-11
OFF-1237,8efa6771-e1d6-8ea8-08d8-13c5a1acffce,sai-ke,180,10,2026-08-11
OFF-1237,4e87eafa-e937-ff84-ae92-fc9068abf480,sai-ke,14,10,2026-08-11
OFF-1237,1e401c64-aea5-9092-c7c7-11e1e0c79b36,sai-ke,3,10,2026-08-11
OFF-1237,b39999e9-ac87-cd22-4751-5e4d2d25ae47,sai-ke,0,10,2026-08-11
OFF-1237,0f9aa6b8-15cc-0d9b-56c3-61f5f86544f9,sai-ke,14,10,2026-08-11
OFF-1238,bfb69fe8-1548-6f0b-3f13-f26c740f0c1f,sai-ke,120,10,2026-08-11
OFF-1238,8efa6771-e1d6-8ea8-08d8-13c5a1acffce,sai-ke,3,10,2026-08-11
OFF-1238,4e87eafa-e937-ff84-ae92-fc9068abf480,sai-ke,120,10,2026-08-11
OFF-1238,1e401c64-aea5-9092-c7c7-11e1e0c79b36,sai-ke,14,10,2026-08-11
OFF-1238,b39999e9-ac87-cd22-4751-5e4d2d25ae47,sai-ke,48,10,2026-08-11
OFF-1238,0f9aa6b8-15cc-0d9b-56c3-61f5f86544f9,sai-ke,120,10,2026-08-11
OFF-1239,bfb69fe8-1548-6f0b-3f13-f26c740f0c1f,sai-ke,14,10,2026-08-11
OFF-1239,8efa6771-e1d6-8ea8-08d8-13c5a1acffce,sai-ke,8,10,2026-08-11
OFF-1239,4e87eafa-e937-ff84-ae92-fc9068abf480,sai-ke,48,10,2026-08-11
OFF-1239,1e401c64-aea5-9092-c7c7-11e1e0c79b36,sai-ke,14,10,2026-08-11
OFF-1239,b39999e9-ac87-cd22-4751-5e4d2d25ae47,sai-ke,14,10,2026-08-11
OFF-1239,0f9aa6b8-15cc-0d9b-56c3-61f5f86544f9,sai-ke,3,10,2026-08-11
OFF-1240,bfb69fe8-1548-6f0b-3f13-f26c740f0c1f,sai-ke,31,10,2026-08-11
OFF-1240,8efa6771-e1d6-8ea8-08d8-13c5a1acffce,sai-ke,48,10,2026-08-11
OFF-1240,4e87eafa-e937-ff84-ae92-fc9068abf480,sai-ke,31,10,2026-08-11
OFF-1240,1e401c64-aea5-9092-c7c7-11e1e0c79b36,sai-ke,0,10,2026-08-11
OFF-1240,b39999e9-ac87-cd22-4751-5e4d2d25ae47,sai-ke,180,10,2026-08-11
OFF-1240,0f9aa6b8-15cc-0d9b-56c3-61f5f86544f9,sai-ke,70,10,2026-08-11
OFF-1241,bfb69fe8-1548-6f0b-3f13-f26c740f0c1f,sai-ke,14,10,2026-08-11
OFF-1241,8efa6771-e1d6-8ea8-08d8-13c5a1acffce,sai-ke,0,10,2026-08-11
OFF-1241,4e87eafa-e937-ff84-ae92-fc9068abf480,sai-ke,14,10,2026-08-11
OFF-1241,1e401c64-aea5-9092-c7c7-11e1e0c79b36,sai-ke,48,10,2026-08-11
OFF-1241,b39999e9-ac87-cd22-4751-5e4d2d25ae47,sai-ke,8,10,2026-08-11
OFF-1241,0f9aa6b8-15cc-0d9b-56c3-61f5f86544f9,sai-ke,0,10,2026-08-11
OFF-1242,bfb69fe8-1548-6f0b-3f13-f26c740f0c1f,sai-ke,48,10,2026-08-11
OFF-1242,8efa6771-e1d6-8ea8-08d8-13c5a1acffce,sai-ke,3,10,2026-08-11
OFF-1242,4e87eafa-e937-ff84-ae92-fc9068abf480,sai-ke,0,10,2026-08-11
OFF-1242,1e401c64-aea5-9092-c7c7-11e1e0c79b36,sai-ke,70,10,2026-08-11
OFF-1242,b39999e9-ac87-cd22-4751-5e4d2d25ae47,sai-ke,180,10,2026-08-11
OFF-1242,0f9aa6b8-15cc-0d9b-56c3-61f5f86544f9,sai-ke,180,10,2026-08-11
OFF-1243,bfb69fe8-1548-6f0b-3f13-f26c740f0c1f,sai-ke,70,10,2026-08-11
OFF-1243,8efa6771-e1d6-8ea8-08d8-13c5a1acffce,sai-ke,31,10,2026-08-11
OFF-1243,4e87eafa-e937-ff84-ae92-fc9068abf480,sai-ke,0,10,2026-08-11
OFF-1243,1e401c64-aea5-9092-c7c7-11e1e0c79b36,sai-ke,3,10,2026-08-11
OFF-1243,b39999e9-ac87-cd22-4751-5e4d2d25ae47,sai-ke,48,10,2026-08-11
OFF-1243,0f9aa6b8-15cc-0d9b-56c3-61f5f86544f9,sai-ke,22,10,2026-08-11
OFF-1244,bfb69fe8-1548-6f0b-3f13-f26c740f0c1f,sai-ke,70,10,2026-08-11
OFF-1244,8efa6771-e1d6-8ea8-08d8-13c5a1acffce,sai-ke,48,10,2026-08-11
OFF-1244,4e87eafa-e937-ff84-ae92-fc9068abf480,sai-ke,31,10,2026-08-11
OFF-1244,1e401c64-aea5-9092-c7c7-11e1e0c79b36,sai-ke,180,10,2026-08-11
OFF-1244,b39999e9-ac87-cd22-4751-5e4d2d25ae47,sai-ke,120,10,2026-08-11
OFF-1244,0f9aa6b8-15cc-0d9b-56c3-61f5f86544f9,sai-ke,120,10,2026-08-11
OFF-1245,bfb69fe8-1548-6f0b-3f13-f26c740f0c1f,sai-ke,22,10,2026-08-11
OFF-1245,8efa6771-e1d6-8ea8-08d8-13c5a1acffce,sai-ke,70,10,2026-08-11
OFF-1245,4e87eafa-e937-ff84-ae92-fc9068abf480,sai-ke,3,10,2026-08-11
OFF-1245,1e401c64-aea5-9092-c7c7-11e1e0c79b36,sai-ke,3,10,2026-08-11
OFF-1245,b39999e9-ac87-cd22-4751-5e4d2d25ae47,sai-ke,22,10,2026-08-11
OFF-1245,0f9aa6b8-15cc-0d9b-56c3-61f5f86544f9,sai-ke,70,10,2026-08-11
OFF-1246,bfb69fe8-1548-6f0b-3f13-f26c740f0c1f,sai-ke,180,10,2026-08-11
OFF-1246,8efa6771-e1d6-8ea8-08d8-13c5a1acffce,sai-ke,8,10,2026-08-11
OFF-1246,4e87eafa-e937-ff84-ae92-fc9068abf480,sai-ke,48,10,2026-08-11
OFF-1246,1e401c64-aea5-9092-c7c7-11e1e0c79b36,sai-ke,8,10,2026-08-11
OFF-1246,b39999e9-ac87-cd22-4751-5e4d2d25ae47,sai-ke,22,10,2026-08-11
OFF-1246,0f9aa6b8-15cc-0d9b-56c3-61f5f86544f9,sai-ke,22,10,2026-08-11
OFF-1247,bfb69fe8-1548-6f0b-3f13-f26c740f0c1f,sai-ke,0,10,2026-08-11
OFF-1247,8efa6771-e1d6-8ea8-08d8-13c5a1acffce,sai-ke,22,10,2026-08-11
OFF-1247,4e87eafa-e937-ff84-ae92-fc9068abf480,sai-ke,180,10,2026-08-11
OFF-1247,1e401c64-aea5-9092-c7c7-11e1e0c79b36,sai-ke,180,10,2026-08-11
OFF-1247,b39999e9-ac87-cd22-4751-5e4d2d25ae47,sai-ke,31,10,2026-08-11
OFF-1247,0f9aa6b8-15cc-0d9b-56c3-61f5f86544f9,sai-ke,0,10,2026-08-11
OFF-1248,bfb69fe8-1548-6f0b-3f13-f26c740f0c1f,sai-ke,3,10,2026-08-11
OFF-1248,8efa6771-e1d6-8ea8-08d8-13c5a1acffce,sai-ke,120,10,2026-08-11
OFF-1248,4e87eafa-e937-ff84-ae92-fc9068abf480,sai-ke,0,10,2026-08-11
OFF-1248,1e401c64-aea5-9092-c7c7-11e1e0c79b36,sai-ke,48,10,2026-08-11
OFF-1248,b39999e9-ac87-cd22-4751-5e4d2d25ae47,sai-ke,48,10,2026-08-11
OFF-1248,0f9aa6b8-15cc-0d9b-56c3-61f5f86544f9,sai-ke,31,10,2026-08-11
OFF-1249,bfb69fe8-1548-6f0b-3f13-f26c740f0c1f,sai-ke,0,10,2026-08-11
OFF-1249,8efa6771-e1d6-8ea8-08d8-13c5a1acffce,sai-ke,120,10,2026-08-11
OFF-1249,4e87eafa-e937-ff84-ae92-fc9068abf480,sai-ke,48,10,2026-08-11
OFF-1249,1e401c64-aea5-9092-c7c7-11e1e0c79b36,sai-ke,180,10,2026-08-11
OFF-1249,b39999e9-ac87-cd22-4751-5e4d2d25ae47,sai-ke,14,10,2026-08-11
OFF-1249,0f9aa6b8-15cc-0d9b-56c3-61f5f86544f9,sai-ke,22,10,2026-08-11
OFF-1250,bfb69fe8-1548-6f0b-3f13-f26c740f0c1f,sai-ke,8,10,2026-08-11
OFF-1250,8efa6771-e1d6-8ea8-08d8-13c5a1acffce,sai-ke,22,10,2026-08-11
OFF-1250,4e87eafa-e937-ff84-ae92-fc9068abf480,sai-ke,0,10,2026-08-11
OFF-1250,1e401c64-aea5-9092-c7c7-11e1e0c79b36,sai-ke,3,10,2026-08-11
OFF-1250,b39999e9-ac87-cd22-4751-5e4d2d25ae47,sai-ke,3,10,2026-08-11
OFF-1250,0f9aa6b8-15cc-0d9b-56c3-61f5f86544f9,sai-ke,14,10,2026-08-11
OFF-1251,bfb69fe8-1548-6f0b-3f13-f26c740f0c1f,sai-ke,22,10,2026-08-11
OFF-1251,8efa6771-e1d6-8ea8-08d8-13c5a1acffce,sai-ke,3,10,2026-08-11
OFF-1251,4e87eafa-e937-ff84-ae92-fc9068abf480,sai-ke,48,10,2026-08-11
OFF-1251,1e401c64-aea5-9092-c7c7-11e1e0c79b36,sai-ke,180,10,2026-08-11
OFF-1251,b39999e9-ac87-cd22-4751-5e4d2d25ae47,sai-ke,48,10,2026-08-11
OFF-1251,0f9aa6b8-15cc-0d9b-56c3-61f5f86544f9,sai-ke,120,10,2026-08-11
OFF-1252,bfb69fe8-1548-6f0b-3f13-f26c740f0c1f,sai-ke,0,10,2026-08-11
OFF-1252,8efa6771-e1d6-8ea8-08d8-13c5a1acffce,sai-ke,0,10,2026-08-11
OFF-1252,4e87eafa-e937-ff84-ae92-fc9068abf480,sai-ke,180,10,2026-08-11
OFF-1252,1e401c64-aea5-9092-c7c7-11e1e0c79b36,sai-ke,48,10,2026-08-11
OFF-1252,b39999e9-ac87-cd22-4751-5e4d2d25ae47,sai-ke,120,10,2026-08-11
OFF-1252,0f9aa6b8-15cc-0d9b-56c3-61f5f86544f9,sai-ke,8,10,2026-08-11
OFF-1253,bfb69fe8-1548-6f0b-3f13-f26c740f0c1f,sai-ke,14,10,2026-08-11
OFF-1253,8efa6771-e1d6-8ea8-08d8-13c5a1acffce,sai-ke,22,10,2026-08-11
OFF-1253,4e87eafa-e937-ff84-ae92-fc9068abf480,sai-ke,8,10,2026-08-11
OFF-1253,1e401c64-aea5-9092-c7c7-11e1e0c79b36,sai-ke,48,10,2026-08-11
OFF-1253,b39999e9-ac87-cd22-4751-5e4d2d25ae47,sai-ke,14,10,2026-08-11
OFF-1253,0f9aa6b8-15cc-0d9b-56c3-61f5f86544f9,sai-ke,48,10,2026-08-11
OFF-1254,bfb69fe8-1548-6f0b-3f13-f26c740f0c1f,sai-ke,31,10,2026-08-11
OFF-1254,8efa6771-e1d6-8ea8-08d8-13c5a1acffce,sai-ke,3,10,2026-08-11
OFF-1254,4e87eafa-e937-ff84-ae92-fc9068abf480,sai-ke,48,10,2026-08-11
OFF-1254,1e401c64-aea5-9092-c7c7-11e1e0c79b36,sai-ke,70,10,2026-08-11
OFF-1254,b39999e9-ac87-cd22-4751-5e4d2d25ae47,sai-ke,120,10,2026-08-11
OFF-1254,0f9aa6b8-15cc-0d9b-56c3-61f5f86544f9,sai-ke,22,10,2026-08-11
OFF-1255,bfb69fe8-1548-6f0b-3f13-f26c740f0c1f,sai-ke,120,10,2026-08-11
OFF-1255,8efa6771-e1d6-8ea8-08d8-13c5a1acffce,sai-ke,48,10,2026-08-11
OFF-1255,4e87eafa-e937-ff84-ae92-fc9068abf480,sai-ke,70,10,2026-08-11
OFF-1255,1e401c64-aea5-9092-c7c7-11e1e0c79b36,sai-ke,31,10,2026-08-11
OFF-1255,b39999e9-ac87-cd22-4751-5e4d2d25ae47,sai-ke,14,10,2026-08-11
OFF-1255,0f9aa6b8-15cc-0d9b-56c3-61f5f86544f9,sai-ke,0,10,2026-08-11
OFF-1256,bfb69fe8-1548-6f0b-3f13-f26c740f0c1f,sai-ke,31,10,2026-08-11
OFF-1256,8efa6771-e1d6-8ea8-08d8-13c5a1acffce,sai-ke,0,10,2026-08-11
OFF-1256,4e87eafa-e937-ff84-ae92-fc9068abf480,sai-ke,3,10,2026-08-11
OFF-1256,1e401c64-aea5-9092-c7c7-11e1e0c79b36,sai-ke,180,10,2026-08-11
OFF-1256,b39999e9-ac87-cd22-4751-5e4d2d25ae47,sai-ke,31,10,2026-08-11
OFF-1256,0f9aa6b8-15cc-0d9b-56c3-61f5f86544f9,sai-ke,14,10,2026-08-11
OFF-1257,bfb69fe8-1548-6f0b-3f13-f26c740f0c1f,sai-ke,22,10,2026-08-11
OFF-1257,8efa6771-e1d6-8ea8-08d8-13c5a1acffce,sai-ke,22,10,2026-08-11
OFF-1257,4e87eafa-e937-ff84-ae92-fc9068abf480,sai-ke,22,10,2026-08-11
OFF-1257,1e401c64-aea5-9092-c7c7-11e1e0c79b36,sai-ke,70,10,2026-08-11
OFF-1257,b39999e9-ac87-cd22-4751-5e4d2d25ae47,sai-ke,0,10,2026-08-11
OFF-1257,0f9aa6b8-15cc-0d9b-56c3-61f5f86544f9,sai-ke,3,10,2026-08-11
OFF-1258,bfb69fe8-1548-6f0b-3f13-f26c740f0c1f,sai-ke,180,10,2026-08-11
OFF-1258,8efa6771-e1d6-8ea8-08d8-13c5a1acffce,sai-ke,14,10,2026-08-11
OFF-1258,4e87eafa-e937-ff84-ae92-fc9068abf480,sai-ke,180,10,2026-08-11
OFF-1258,1e401c64-aea5-9092-c7c7-11e1e0c79b36,sai-ke,3,10,2026-08-11
OFF-1258,b39999e9-ac87-cd22-4751-5e4d2d25ae47,sai-ke,22,10,2026-08-11
OFF-1258,0f9aa6b8-15cc-0d9b-56c3-61f5f86544f9,sai-ke,14,10,2026-08-11
OFF-1259,bfb69fe8-1548-6f0b-3f13-f26c740f0c1f,sai-ke,180,10,2026-08-11
OFF-1259,8efa6771-e1d6-8ea8-08d8-13c5a1acffce,sai-ke,31,10,2026-08-11
OFF-1259,4e87eafa-e937-ff84-ae92-fc9068abf480,sai-ke,14,10,2026-08-11
OFF-1259,1e401c64-aea5-9092-c7c7-11e1e0c79b36,sai-ke,180,10,2026-08-11
OFF-1259,b39999e9-ac87-cd22-4751-5e4d2d25ae47,sai-ke,22,10,2026-08-11
OFF-1259,0f9aa6b8-15cc-0d9b-56c3-61f5f86544f9,sai-ke,70,10,2026-08-11
OFF-1260,bfb69fe8-1548-6f0b-3f13-f26c740f0c1f,sai-ke,3,10,2026-08-11
OFF-1260,8efa6771-e1d6-8ea8-08d8-13c5a1acffce,sai-ke,3,10,2026-08-11
OFF-1260,4e87eafa-e937-ff84-ae92-fc9068abf480,sai-ke,3,10,2026-08-11
OFF-1260,1e401c64-aea5-9092-c7c7-11e1e0c79b36,sai-ke,0,10,2026-08-11
OFF-1260,b39999e9-ac87-cd22-4751-5e4d2d25ae47,sai-ke,48,10,2026-08-11
OFF-1260,0f9aa6b8-15cc-0d9b-56c3-61f5f86544f9,sai-ke,48,10,2026-08-11
OFF-1261,bfb69fe8-1548-6f0b-3f13-f26c740f0c1f,sai-ke,3,10,2026-08-11
OFF-1261,8efa6771-e1d6-8ea8-08d8-13c5a1acffce,sai-ke,8,10,2026-08-11
OFF-1261,4e87eafa-e937-ff84-ae92-fc9068abf480,sai-ke,48,10,2026-08-11
OFF-1261,1e401c64-aea5-9092-c7c7-11e1e0c79b36,sai-ke,3,10,2026-08-11
OFF-1261,b39999e9-ac87-cd22-4751-5e4d2d25ae47,sai-ke,120,10,2026-08-11
OFF-1261,0f9aa6b8-15cc-0d9b-56c3-61f5f86544f9,sai-ke,0,10,2026-08-11
OFF-1262,bfb69fe8-1548-6f0b-3f13-f26c740f0c1f,sai-ke,22,10,2026-08-11
OFF-1262,8efa6771-e1d6-8ea8-08d8-13c5a1acffce,sai-ke,22,10,2026-08-11
OFF-1262,4e87eafa-e937-ff84-ae92-fc9068abf480,sai-ke,0,10,2026-08-11
OFF-1262,1e401c64-aea5-9092-c7c7-11e1e0c79b36,sai-ke,120,10,2026-08-11
OFF-1262,b39999e9-ac87-cd22-4751-5e4d2d25ae47,sai-ke,31,10,2026-08-11
OFF-1262,0f9aa6b8-15cc-0d9b-56c3-61f5f86544f9,sai-ke,3,10,2026-08-11
OFF-1263,bfb69fe8-1548-6f0b-3f13-f26c740f0c1f,sai-ke,0,10,2026-08-11
OFF-1263,8efa6771-e1d6-8ea8-08d8-13c5a1acffce,sai-ke,0,10,2026-08-11
OFF-1263,4e87eafa-e937-ff84-ae92-fc9068abf480,sai-ke,48,10,2026-08-11
OFF-1263,1e401c64-aea5-9092-c7c7-11e1e0c79b36,sai-ke,3,10,2026-08-11
OFF-1263,b39999e9-ac87-cd22-4751-5e4d2d25ae47,sai-ke,0,10,2026-08-11
OFF-1263,0f9aa6b8-15cc-0d9b-56c3-61f5f86544f9,sai-ke,180,10,2026-08-11
OFF-1264,bfb69fe8-1548-6f0b-3f13-f26c740f0c1f,sai-ke,0,10,2026-08-11
OFF-1264,8efa6771-e1d6-8ea8-08d8-13c5a1acffce,sai-ke,22,10,2026-08-11
OFF-1264,4e87eafa-e937-ff84-ae92-fc9068abf480,sai-ke,180,10,2026-08-11
OFF-1264,1e401c64-aea5-9092-c7c7-11e1e0c79b36,sai-ke,14,10,2026-08-11
OFF-1264,b39999e9-ac87-cd22-4751-5e4d2d25ae47,sai-ke,31,10,2026-08-11
OFF-1264,0f9aa6b8-15cc-0d9b-56c3-61f5f86544f9,sai-ke,48,10,2026-08-11
OFF-1265,bfb69fe8-1548-6f0b-3f13-f26c740f0c1f,sai-ke,22,10,2026-08-11
OFF-1265,8efa6771-e1d6-8ea8-08d8-13c5a1acffce,sai-ke,180,10,2026-08-11
OFF-1265,4e87eafa-e937-ff84-ae92-fc9068abf480,sai-ke,48,10,2026-08-11
OFF-1265,1e401c64-aea5-9092-c7c7-11e1e0c79b36,sai-ke,0,10,2026-08-11
OFF-1265,b39999e9-ac87-cd22-4751-5e4d2d25ae47,sai-ke,8,10,2026-08-11
OFF-1265,0f9aa6b8-15cc-0d9b-56c3-61f5f86544f9,sai-ke,3,10,2026-08-11
OFF-1266,bfb69fe8-1548-6f0b-3f13-f26c740f0c1f,sai-ke,120,10,2026-08-11
OFF-1266,8efa6771-e1d6-8ea8-08d8-13c5a1acffce,sai-ke,70,10,2026-08-11
OFF-1266,4e87eafa-e937-ff84-ae92-fc9068abf480,sai-ke,0,10,2026-08-11
OFF-1266,1e401c64-aea5-9092-c7c7-11e1e0c79b36,sai-ke,8,10,2026-08-11
OFF-1266,b39999e9-ac87-cd22-4751-5e4d2d25ae47,sai-ke,180,10,2026-08-11
OFF-1266,0f9aa6b8-15cc-0d9b-56c3-61f5f86544f9,sai-ke,14,10,2026-08-11
OFF-1267,bfb69fe8-1548-6f0b-3f13-f26c740f0c1f,sai-ke,120,10,2026-08-11
OFF-1267,8efa6771-e1d6-8ea8-08d8-13c5a1acffce,sai-ke,48,10,2026-08-11
OFF-1267,4e87eafa-e937-ff84-ae92-fc9068abf480,sai-ke,3,10,2026-08-11
OFF-1267,1e401c64-aea5-9092-c7c7-11e1e0c79b36,sai-ke,180,10,2026-08-11
OFF-1267,b39999e9-ac87-cd22-4751-5e4d2d25ae47,sai-ke,8,10,2026-08-11
OFF-1267,0f9aa6b8-15cc-0d9b-56c3-61f5f86544f9,sai-ke,120,10,2026-08-11
SCH-1268,bfb69fe8-1548-6f0b-3f13-f26c740f0c1f,sai-ke,22,10,2026-08-11
SCH-1268,8efa6771-e1d6-8ea8-08d8-13c5a1acffce,sai-ke,180,10,2026-08-11
SCH-1268,4e87eafa-e937-ff84-ae92-fc9068abf480,sai-ke,14,10,2026-08-11
SCH-1268,1e401c64-aea5-9092-c7c7-11e1e0c79b36,sai-ke,120,10,2026-08-11
SCH-1268,b39999e9-ac87-cd22-4751-5e4d2d25ae47,sai-ke,31,10,2026-08-11
SCH-1268,0f9aa6b8-15cc-0d9b-56c3-61f5f86544f9,sai-ke,14,10,2026-08-11
BLU-1269,bfb69fe8-1548-6f0b-3f13-f26c740f0c1f,sai-ke,0,10,2026-08-11
BLU-1269,8efa6771-e1d6-8ea8-08d8-13c5a1acffce,sai-ke,70,10,2026-08-11
BLU-1269,4e87eafa-e937-ff84-ae92-fc9068abf480,sai-ke,180,10,2026-08-11
BLU-1269,1e401c64-aea5-9092-c7c7-11e1e0c79b36,sai-ke,180,10,2026-08-11
BLU-1269,b39999e9-ac87-cd22-4751-5e4d2d25ae47,sai-ke,31,10,2026-08-11
BLU-1269,0f9aa6b8-15cc-0d9b-56c3-61f5f86544f9,sai-ke,22,10,2026-08-11
EAT-1270,bfb69fe8-1548-6f0b-3f13-f26c740f0c1f,sai-ke,31,10,2026-08-11
EAT-1270,8efa6771-e1d6-8ea8-08d8-13c5a1acffce,sai-ke,70,10,2026-08-11
EAT-1270,4e87eafa-e937-ff84-ae92-fc9068abf480,sai-ke,120,10,2026-08-11
EAT-1270,1e401c64-aea5-9092-c7c7-11e1e0c79b36,sai-ke,48,10,2026-08-11
EAT-1270,b39999e9-ac87-cd22-4751-5e4d2d25ae47,sai-ke,0,10,2026-08-11
EAT-1270,0f9aa6b8-15cc-0d9b-56c3-61f5f86544f9,sai-ke,70,10,2026-08-11
TRI-1271,bfb69fe8-1548-6f0b-3f13-f26c740f0c1f,sai-ke,70,10,2026-08-11
TRI-1271,8efa6771-e1d6-8ea8-08d8-13c5a1acffce,sai-ke,22,10,2026-08-11
TRI-1271,4e87eafa-e937-ff84-ae92-fc9068abf480,sai-ke,31,10,2026-08-11
TRI-1271,1e401c64-aea5-9092-c7c7-11e1e0c79b36,sai-ke,8,10,2026-08-11
TRI-1271,b39999e9-ac87-cd22-4751-5e4d2d25ae47,sai-ke,120,10,2026-08-11
TRI-1271,0f9aa6b8-15cc-0d9b-56c3-61f5f86544f9,sai-ke,31,10,2026-08-11
TRI-1272,bfb69fe8-1548-6f0b-3f13-f26c740f0c1f,sai-ke,3,10,2026-08-11
TRI-1272,8efa6771-e1d6-8ea8-08d8-13c5a1acffce,sai-ke,22,10,2026-08-11
TRI-1272,4e87eafa-e937-ff84-ae92-fc9068abf480,sai-ke,31,10,2026-08-11
TRI-1272,1e401c64-aea5-9092-c7c7-11e1e0c79b36,sai-ke,8,10,2026-08-11
TRI-1272,b39999e9-ac87-cd22-4751-5e4d2d25ae47,sai-ke,120,10,2026-08-11
TRI-1272,0f9aa6b8-15cc-0d9b-56c3-61f5f86544f9,sai-ke,22,10,2026-08-11
BLU-1273,bfb69fe8-1548-6f0b-3f13-f26c740f0c1f,sai-ke,8,10,2026-08-11
BLU-1273,8efa6771-e1d6-8ea8-08d8-13c5a1acffce,sai-ke,14,10,2026-08-11
BLU-1273,4e87eafa-e937-ff84-ae92-fc9068abf480,sai-ke,120,10,2026-08-11
BLU-1273,1e401c64-aea5-9092-c7c7-11e1e0c79b36,sai-ke,180,10,2026-08-11
BLU-1273,b39999e9-ac87-cd22-4751-5e4d2d25ae47,sai-ke,31,10,2026-08-11
BLU-1273,0f9aa6b8-15cc-0d9b-56c3-61f5f86544f9,sai-ke,22,10,2026-08-11
EAT-1274,bfb69fe8-1548-6f0b-3f13-f26c740f0c1f,sai-ke,0,10,2026-08-11
EAT-1274,8efa6771-e1d6-8ea8-08d8-13c5a1acffce,sai-ke,31,10,2026-08-11
EAT-1274,4e87eafa-e937-ff84-ae92-fc9068abf480,sai-ke,70,10,2026-08-11
EAT-1274,1e401c64-aea5-9092-c7c7-11e1e0c79b36,sai-ke,70,10,2026-08-11
EAT-1274,b39999e9-ac87-cd22-4751-5e4d2d25ae47,sai-ke,0,10,2026-08-11
EAT-1274,0f9aa6b8-15cc-0d9b-56c3-61f5f86544f9,sai-ke,48,10,2026-08-11
TRI-1275,bfb69fe8-1548-6f0b-3f13-f26c740f0c1f,sai-ke,70,10,2026-08-11
TRI-1275,8efa6771-e1d6-8ea8-08d8-13c5a1acffce,sai-ke,31,10,2026-08-11
TRI-1275,4e87eafa-e937-ff84-ae92-fc9068abf480,sai-ke,0,10,2026-08-11
TRI-1275,1e401c64-aea5-9092-c7c7-11e1e0c79b36,sai-ke,120,10,2026-08-11
TRI-1275,b39999e9-ac87-cd22-4751-5e4d2d25ae47,sai-ke,180,10,2026-08-11
TRI-1275,0f9aa6b8-15cc-0d9b-56c3-61f5f86544f9,sai-ke,22,10,2026-08-11
EAT-1276,bfb69fe8-1548-6f0b-3f13-f26c740f0c1f,sai-ke,180,10,2026-08-11
EAT-1276,8efa6771-e1d6-8ea8-08d8-13c5a1acffce,sai-ke,31,10,2026-08-11
EAT-1276,4e87eafa-e937-ff84-ae92-fc9068abf480,sai-ke,31,10,2026-08-11
EAT-1276,1e401c64-aea5-9092-c7c7-11e1e0c79b36,sai-ke,8,10,2026-08-11
EAT-1276,b39999e9-ac87-cd22-4751-5e4d2d25ae47,sai-ke,120,10,2026-08-11
EAT-1276,0f9aa6b8-15cc-0d9b-56c3-61f5f86544f9,sai-ke,120,10,2026-08-11
EAT-1277,bfb69fe8-1548-6f0b-3f13-f26c740f0c1f,sai-ke,14,10,2026-08-11
EAT-1277,8efa6771-e1d6-8ea8-08d8-13c5a1acffce,sai-ke,14,10,2026-08-11
EAT-1277,4e87eafa-e937-ff84-ae92-fc9068abf480,sai-ke,48,10,2026-08-11
EAT-1277,1e401c64-aea5-9092-c7c7-11e1e0c79b36,sai-ke,31,10,2026-08-11
EAT-1277,b39999e9-ac87-cd22-4751-5e4d2d25ae47,sai-ke,3,10,2026-08-11
EAT-1277,0f9aa6b8-15cc-0d9b-56c3-61f5f86544f9,sai-ke,8,10,2026-08-11
SCH-1278,bfb69fe8-1548-6f0b-3f13-f26c740f0c1f,sai-ke,0,10,2026-08-11
SCH-1278,8efa6771-e1d6-8ea8-08d8-13c5a1acffce,sai-ke,8,10,2026-08-11
SCH-1278,4e87eafa-e937-ff84-ae92-fc9068abf480,sai-ke,14,10,2026-08-11
SCH-1278,1e401c64-aea5-9092-c7c7-11e1e0c79b36,sai-ke,48,10,2026-08-11
SCH-1278,b39999e9-ac87-cd22-4751-5e4d2d25ae47,sai-ke,8,10,2026-08-11
SCH-1278,0f9aa6b8-15cc-0d9b-56c3-61f5f86544f9,sai-ke,8,10,2026-08-11
SCH-1279,bfb69fe8-1548-6f0b-3f13-f26c740f0c1f,sai-ke,180,10,2026-08-11
SCH-1279,8efa6771-e1d6-8ea8-08d8-13c5a1acffce,sai-ke,31,10,2026-08-11
SCH-1279,4e87eafa-e937-ff84-ae92-fc9068abf480,sai-ke,14,10,2026-08-11
SCH-1279,1e401c64-aea5-9092-c7c7-11e1e0c79b36,sai-ke,180,10,2026-08-11
SCH-1279,b39999e9-ac87-cd22-4751-5e4d2d25ae47,sai-ke,3,10,2026-08-11
SCH-1279,0f9aa6b8-15cc-0d9b-56c3-61f5f86544f9,sai-ke,14,10,2026-08-11
TRI-1280,bfb69fe8-1548-6f0b-3f13-f26c740f0c1f,sai-ke,120,10,2026-08-11
TRI-1280,8efa6771-e1d6-8ea8-08d8-13c5a1acffce,sai-ke,22,10,2026-08-11
TRI-1280,4e87eafa-e937-ff84-ae92-fc9068abf480,sai-ke,70,10,2026-08-11
TRI-1280,1e401c64-aea5-9092-c7c7-11e1e0c79b36,sai-ke,70,10,2026-08-11
TRI-1280,b39999e9-ac87-cd22-4751-5e4d2d25ae47,sai-ke,0,10,2026-08-11
TRI-1280,0f9aa6b8-15cc-0d9b-56c3-61f5f86544f9,sai-ke,0,10,2026-08-11
APC-1281,bfb69fe8-1548-6f0b-3f13-f26c740f0c1f,sai-ke,48,10,2026-08-11
APC-1281,8efa6771-e1d6-8ea8-08d8-13c5a1acffce,sai-ke,70,10,2026-08-11
APC-1281,4e87eafa-e937-ff84-ae92-fc9068abf480,sai-ke,0,10,2026-08-11
APC-1281,1e401c64-aea5-9092-c7c7-11e1e0c79b36,sai-ke,70,10,2026-08-11
APC-1281,b39999e9-ac87-cd22-4751-5e4d2d25ae47,sai-ke,8,10,2026-08-11
APC-1281,0f9aa6b8-15cc-0d9b-56c3-61f5f86544f9,sai-ke,120,10,2026-08-11
TRI-1282,bfb69fe8-1548-6f0b-3f13-f26c740f0c1f,sai-ke,70,10,2026-08-11
TRI-1282,8efa6771-e1d6-8ea8-08d8-13c5a1acffce,sai-ke,48,10,2026-08-11
TRI-1282,4e87eafa-e937-ff84-ae92-fc9068abf480,sai-ke,180,10,2026-08-11
TRI-1282,1e401c64-aea5-9092-c7c7-11e1e0c79b36,sai-ke,14,10,2026-08-11
TRI-1282,b39999e9-ac87-cd22-4751-5e4d2d25ae47,sai-ke,22,10,2026-08-11
TRI-1282,0f9aa6b8-15cc-0d9b-56c3-61f5f86544f9,sai-ke,0,10,2026-08-11
EAT-1283,bfb69fe8-1548-6f0b-3f13-f26c740f0c1f,sai-ke,70,10,2026-08-11
EAT-1283,8efa6771-e1d6-8ea8-08d8-13c5a1acffce,sai-ke,3,10,2026-08-11
EAT-1283,4e87eafa-e937-ff84-ae92-fc9068abf480,sai-ke,3,10,2026-08-11
EAT-1283,1e401c64-aea5-9092-c7c7-11e1e0c79b36,sai-ke,180,10,2026-08-11
EAT-1283,b39999e9-ac87-cd22-4751-5e4d2d25ae47,sai-ke,3,10,2026-08-11
EAT-1283,0f9aa6b8-15cc-0d9b-56c3-61f5f86544f9,sai-ke,0,10,2026-08-11
APC-1284,bfb69fe8-1548-6f0b-3f13-f26c740f0c1f,sai-ke,180,10,2026-08-11
APC-1284,8efa6771-e1d6-8ea8-08d8-13c5a1acffce,sai-ke,22,10,2026-08-11
APC-1284,4e87eafa-e937-ff84-ae92-fc9068abf480,sai-ke,180,10,2026-08-11
APC-1284,1e401c64-aea5-9092-c7c7-11e1e0c79b36,sai-ke,180,10,2026-08-11
APC-1284,b39999e9-ac87-cd22-4751-5e4d2d25ae47,sai-ke,3,10,2026-08-11
APC-1284,0f9aa6b8-15cc-0d9b-56c3-61f5f86544f9,sai-ke,8,10,2026-08-11
EAT-1285,bfb69fe8-1548-6f0b-3f13-f26c740f0c1f,sai-ke,180,10,2026-08-11
EAT-1285,8efa6771-e1d6-8ea8-08d8-13c5a1acffce,sai-ke,31,10,2026-08-11
EAT-1285,4e87eafa-e937-ff84-ae92-fc9068abf480,sai-ke,48,10,2026-08-11
EAT-1285,1e401c64-aea5-9092-c7c7-11e1e0c79b36,sai-ke,48,10,2026-08-11
EAT-1285,b39999e9-ac87-cd22-4751-5e4d2d25ae47,sai-ke,120,10,2026-08-11
EAT-1285,0f9aa6b8-15cc-0d9b-56c3-61f5f86544f9,sai-ke,3,10,2026-08-11
EAT-1286,bfb69fe8-1548-6f0b-3f13-f26c740f0c1f,sai-ke,22,10,2026-08-11
EAT-1286,8efa6771-e1d6-8ea8-08d8-13c5a1acffce,sai-ke,180,10,2026-08-11
EAT-1286,4e87eafa-e937-ff84-ae92-fc9068abf480,sai-ke,14,10,2026-08-11
EAT-1286,1e401c64-aea5-9092-c7c7-11e1e0c79b36,sai-ke,31,10,2026-08-11
EAT-1286,b39999e9-ac87-cd22-4751-5e4d2d25ae47,sai-ke,8,10,2026-08-11
EAT-1286,0f9aa6b8-15cc-0d9b-56c3-61f5f86544f9,sai-ke,14,10,2026-08-11
TRI-1287,bfb69fe8-1548-6f0b-3f13-f26c740f0c1f,sai-ke,14,10,2026-08-11
TRI-1287,8efa6771-e1d6-8ea8-08d8-13c5a1acffce,sai-ke,8,10,2026-08-11
TRI-1287,4e87eafa-e937-ff84-ae92-fc9068abf480,sai-ke,180,10,2026-08-11
TRI-1287,1e401c64-aea5-9092-c7c7-11e1e0c79b36,sai-ke,48,10,2026-08-11
TRI-1287,b39999e9-ac87-cd22-4751-5e4d2d25ae47,sai-ke,0,10,2026-08-11
TRI-1287,0f9aa6b8-15cc-0d9b-56c3-61f5f86544f9,sai-ke,8,10,2026-08-11
SCH-1288,bfb69fe8-1548-6f0b-3f13-f26c740f0c1f,sai-ke,120,10,2026-08-11
SCH-1288,8efa6771-e1d6-8ea8-08d8-13c5a1acffce,sai-ke,70,10,2026-08-11
SCH-1288,4e87eafa-e937-ff84-ae92-fc9068abf480,sai-ke,8,10,2026-08-11
SCH-1288,1e401c64-aea5-9092-c7c7-11e1e0c79b36,sai-ke,120,10,2026-08-11
SCH-1288,b39999e9-ac87-cd22-4751-5e4d2d25ae47,sai-ke,120,10,2026-08-11
SCH-1288,0f9aa6b8-15cc-0d9b-56c3-61f5f86544f9,sai-ke,70,10,2026-08-11
BLU-1289,bfb69fe8-1548-6f0b-3f13-f26c740f0c1f,sai-ke,0,10,2026-08-11
BLU-1289,8efa6771-e1d6-8ea8-08d8-13c5a1acffce,sai-ke,48,10,2026-08-11
BLU-1289,4e87eafa-e937-ff84-ae92-fc9068abf480,sai-ke,0,10,2026-08-11
BLU-1289,1e401c64-aea5-9092-c7c7-11e1e0c79b36,sai-ke,8,10,2026-08-11
BLU-1289,b39999e9-ac87-cd22-4751-5e4d2d25ae47,sai-ke,8,10,2026-08-11
BLU-1289,0f9aa6b8-15cc-0d9b-56c3-61f5f86544f9,sai-ke,48,10,2026-08-11
TRI-1290,bfb69fe8-1548-6f0b-3f13-f26c740f0c1f,sai-ke,8,10,2026-08-11
TRI-1290,8efa6771-e1d6-8ea8-08d8-13c5a1acffce,sai-ke,8,10,2026-08-11
TRI-1290,4e87eafa-e937-ff84-ae92-fc9068abf480,sai-ke,120,10,2026-08-11
TRI-1290,1e401c64-aea5-9092-c7c7-11e1e0c79b36,sai-ke,14,10,2026-08-11
TRI-1290,b39999e9-ac87-cd22-4751-5e4d2d25ae47,sai-ke,14,10,2026-08-11
TRI-1290,0f9aa6b8-15cc-0d9b-56c3-61f5f86544f9,sai-ke,0,10,2026-08-11
EAT-1291,bfb69fe8-1548-6f0b-3f13-f26c740f0c1f,sai-ke,70,10,2026-08-11
EAT-1291,8efa6771-e1d6-8ea8-08d8-13c5a1acffce,sai-ke,22,10,2026-08-11
EAT-1291,4e87eafa-e937-ff84-ae92-fc9068abf480,sai-ke,180,10,2026-08-11
EAT-1291,1e401c64-aea5-9092-c7c7-11e1e0c79b36,sai-ke,14,10,2026-08-11
EAT-1291,b39999e9-ac87-cd22-4751-5e4d2d25ae47,sai-ke,70,10,2026-08-11
EAT-1291,0f9aa6b8-15cc-0d9b-56c3-61f5f86544f9,sai-ke,22,10,2026-08-11
SCH-1292,bfb69fe8-1548-6f0b-3f13-f26c740f0c1f,sai-ke,0,10,2026-08-11
SCH-1292,8efa6771-e1d6-8ea8-08d8-13c5a1acffce,sai-ke,31,10,2026-08-11
SCH-1292,4e87eafa-e937-ff84-ae92-fc9068abf480,sai-ke,0,10,2026-08-11
SCH-1292,1e401c64-aea5-9092-c7c7-11e1e0c79b36,sai-ke,48,10,2026-08-11
SCH-1292,b39999e9-ac87-cd22-4751-5e4d2d25ae47,sai-ke,0,10,2026-08-11
SCH-1292,0f9aa6b8-15cc-0d9b-56c3-61f5f86544f9,sai-ke,70,10,2026-08-11
BLU-1293,bfb69fe8-1548-6f0b-3f13-f26c740f0c1f,sai-ke,31,10,2026-08-11
BLU-1293,8efa6771-e1d6-8ea8-08d8-13c5a1acffce,sai-ke,120,10,2026-08-11
BLU-1293,4e87eafa-e937-ff84-ae92-fc9068abf480,sai-ke,31,10,2026-08-11
BLU-1293,1e401c64-aea5-9092-c7c7-11e1e0c79b36,sai-ke,120,10,2026-08-11
BLU-1293,b39999e9-ac87-cd22-4751-5e4d2d25ae47,sai-ke,48,10,2026-08-11
BLU-1293,0f9aa6b8-15cc-0d9b-56c3-61f5f86544f9,sai-ke,48,10,2026-08-11
ORT-1294,bfb69fe8-1548-6f0b-3f13-f26c740f0c1f,sai-ke,70,10,2026-08-11
ORT-1294,8efa6771-e1d6-8ea8-08d8-13c5a1acffce,sai-ke,31,10,2026-08-11
ORT-1294,4e87eafa-e937-ff84-ae92-fc9068abf480,sai-ke,8,10,2026-08-11
ORT-1294,1e401c64-aea5-9092-c7c7-11e1e0c79b36,sai-ke,70,10,2026-08-11
ORT-1294,b39999e9-ac87-cd22-4751-5e4d2d25ae47,sai-ke,3,10,2026-08-11
ORT-1294,0f9aa6b8-15cc-0d9b-56c3-61f5f86544f9,sai-ke,22,10,2026-08-11
BLU-1295,bfb69fe8-1548-6f0b-3f13-f26c740f0c1f,sai-ke,14,10,2026-08-11
BLU-1295,8efa6771-e1d6-8ea8-08d8-13c5a1acffce,sai-ke,8,10,2026-08-11
BLU-1295,4e87eafa-e937-ff84-ae92-fc9068abf480,sai-ke,70,10,2026-08-11
BLU-1295,1e401c64-aea5-9092-c7c7-11e1e0c79b36,sai-ke,31,10,2026-08-11
BLU-1295,b39999e9-ac87-cd22-4751-5e4d2d25ae47,sai-ke,180,10,2026-08-11
BLU-1295,0f9aa6b8-15cc-0d9b-56c3-61f5f86544f9,sai-ke,31,10,2026-08-11
APC-1296,bfb69fe8-1548-6f0b-3f13-f26c740f0c1f,sai-ke,8,10,2026-08-11
APC-1296,8efa6771-e1d6-8ea8-08d8-13c5a1acffce,sai-ke,14,10,2026-08-11
APC-1296,4e87eafa-e937-ff84-ae92-fc9068abf480,sai-ke,8,10,2026-08-11
APC-1296,1e401c64-aea5-9092-c7c7-11e1e0c79b36,sai-ke,0,10,2026-08-11
APC-1296,b39999e9-ac87-cd22-4751-5e4d2d25ae47,sai-ke,8,10,2026-08-11
APC-1296,0f9aa6b8-15cc-0d9b-56c3-61f5f86544f9,sai-ke,14,10,2026-08-11
TRI-1297,bfb69fe8-1548-6f0b-3f13-f26c740f0c1f,sai-ke,48,10,2026-08-11
TRI-1297,8efa6771-e1d6-8ea8-08d8-13c5a1acffce,sai-ke,0,10,2026-08-11
TRI-1297,4e87eafa-e937-ff84-ae92-fc9068abf480,sai-ke,8,10,2026-08-11
TRI-1297,1e401c64-aea5-9092-c7c7-11e1e0c79b36,sai-ke,48,10,2026-08-11
TRI-1297,b39999e9-ac87-cd22-4751-5e4d2d25ae47,sai-ke,8,10,2026-08-11
TRI-1297,0f9aa6b8-15cc-0d9b-56c3-61f5f86544f9,sai-ke,14,10,2026-08-11
TRI-1298,bfb69fe8-1548-6f0b-3f13-f26c740f0c1f,sai-ke,48,10,2026-08-11
TRI-1298,8efa6771-e1d6-8ea8-08d8-13c5a1acffce,sai-ke,8,10,2026-08-11
TRI-1298,4e87eafa-e937-ff84-ae92-fc9068abf480,sai-ke,48,10,2026-08-11
TRI-1298,1e401c64-aea5-9092-c7c7-11e1e0c79b36,sai-ke,48,10,2026-08-11
TRI-1298,b39999e9-ac87-cd22-4751-5e4d2d25ae47,sai-ke,31,10,2026-08-11
TRI-1298,0f9aa6b8-15cc-0d9b-56c3-61f5f86544f9,sai-ke,0,10,2026-08-11
TRI-1299,bfb69fe8-1548-6f0b-3f13-f26c740f0c1f,sai-ke,8,10,2026-08-11
TRI-1299,8efa6771-e1d6-8ea8-08d8-13c5a1acffce,sai-ke,180,10,2026-08-11
TRI-1299,4e87eafa-e937-ff84-ae92-fc9068abf480,sai-ke,48,10,2026-08-11
TRI-1299,1e401c64-aea5-9092-c7c7-11e1e0c79b36,sai-ke,8,10,2026-08-11
TRI-1299,b39999e9-ac87-cd22-4751-5e4d2d25ae47,sai-ke,70,10,2026-08-11
TRI-1299,0f9aa6b8-15cc-0d9b-56c3-61f5f86544f9,sai-ke,31,10,2026-08-11
APC-1300,bfb69fe8-1548-6f0b-3f13-f26c740f0c1f,sai-ke,31,10,2026-08-11
APC-1300,8efa6771-e1d6-8ea8-08d8-13c5a1acffce,sai-ke,8,10,2026-08-11
APC-1300,4e87eafa-e937-ff84-ae92-fc9068abf480,sai-ke,31,10,2026-08-11
APC-1300,1e401c64-aea5-9092-c7c7-11e1e0c79b36,sai-ke,70,10,2026-08-11
APC-1300,b39999e9-ac87-cd22-4751-5e4d2d25ae47,sai-ke,8,10,2026-08-11
APC-1300,0f9aa6b8-15cc-0d9b-56c3-61f5f86544f9,sai-ke,31,10,2026-08-11
BLU-1301,bfb69fe8-1548-6f0b-3f13-f26c740f0c1f,sai-ke,22,10,2026-08-11
BLU-1301,8efa6771-e1d6-8ea8-08d8-13c5a1acffce,sai-ke,120,10,2026-08-11
BLU-1301,4e87eafa-e937-ff84-ae92-fc9068abf480,sai-ke,48,10,2026-08-11
BLU-1301,1e401c64-aea5-9092-c7c7-11e1e0c79b36,sai-ke,22,10,2026-08-11
BLU-1301,b39999e9-ac87-cd22-4751-5e4d2d25ae47,sai-ke,31,10,2026-08-11
BLU-1301,0f9aa6b8-15cc-0d9b-56c3-61f5f86544f9,sai-ke,70,10,2026-08-11
BLU-1302,bfb69fe8-1548-6f0b-3f13-f26c740f0c1f,sai-ke,31,10,2026-08-11
BLU-1302,8efa6771-e1d6-8ea8-08d8-13c5a1acffce,sai-ke,48,10,2026-08-11
BLU-1302,4e87eafa-e937-ff84-ae92-fc9068abf480,sai-ke,48,10,2026-08-11
BLU-1302,1e401c64-aea5-9092-c7c7-11e1e0c79b36,sai-ke,31,10,2026-08-11
BLU-1302,b39999e9-ac87-cd22-4751-5e4d2d25ae47,sai-ke,22,10,2026-08-11
BLU-1302,0f9aa6b8-15cc-0d9b-56c3-61f5f86544f9,sai-ke,70,10,2026-08-11
APC-1303,bfb69fe8-1548-6f0b-3f13-f26c740f0c1f,sai-ke,22,10,2026-08-11
APC-1303,8efa6771-e1d6-8ea8-08d8-13c5a1acffce,sai-ke,0,10,2026-08-11
APC-1303,4e87eafa-e937-ff84-ae92-fc9068abf480,sai-ke,22,10,2026-08-11
APC-1303,1e401c64-aea5-9092-c7c7-11e1e0c79b36,sai-ke,180,10,2026-08-11
APC-1303,b39999e9-ac87-cd22-4751-5e4d2d25ae47,sai-ke,22,10,2026-08-11
APC-1303,0f9aa6b8-15cc-0d9b-56c3-61f5f86544f9,sai-ke,31,10,2026-08-11
BLU-1304,bfb69fe8-1548-6f0b-3f13-f26c740f0c1f,sai-ke,120,10,2026-08-11
BLU-1304,8efa6771-e1d6-8ea8-08d8-13c5a1acffce,sai-ke,8,10,2026-08-11
BLU-1304,4e87eafa-e937-ff84-ae92-fc9068abf480,sai-ke,14,10,2026-08-11
BLU-1304,1e401c64-aea5-9092-c7c7-11e1e0c79b36,sai-ke,70,10,2026-08-11
BLU-1304,b39999e9-ac87-cd22-4751-5e4d2d25ae47,sai-ke,8,10,2026-08-11
BLU-1304,0f9aa6b8-15cc-0d9b-56c3-61f5f86544f9,sai-ke,0,10,2026-08-11
BLU-1305,bfb69fe8-1548-6f0b-3f13-f26c740f0c1f,sai-ke,22,10,2026-08-11
BLU-1305,8efa6771-e1d6-8ea8-08d8-13c5a1acffce,sai-ke,3,10,2026-08-11
BLU-1305,4e87eafa-e937-ff84-ae92-fc9068abf480,sai-ke,22,10,2026-08-11
BLU-1305,1e401c64-aea5-9092-c7c7-11e1e0c79b36,sai-ke,70,10,2026-08-11
BLU-1305,b39999e9-ac87-cd22-4751-5e4d2d25ae47,sai-ke,14,10,2026-08-11
BLU-1305,0f9aa6b8-15cc-0d9b-56c3-61f5f86544f9,sai-ke,31,10,2026-08-11
SCH-1306,bfb69fe8-1548-6f0b-3f13-f26c740f0c1f,sai-ke,14,10,2026-08-11
SCH-1306,8efa6771-e1d6-8ea8-08d8-13c5a1acffce,sai-ke,0,10,2026-08-11
SCH-1306,4e87eafa-e937-ff84-ae92-fc9068abf480,sai-ke,70,10,2026-08-11
SCH-1306,1e401c64-aea5-9092-c7c7-11e1e0c79b36,sai-ke,70,10,2026-08-11
SCH-1306,b39999e9-ac87-cd22-4751-5e4d2d25ae47,sai-ke,8,10,2026-08-11
SCH-1306,0f9aa6b8-15cc-0d9b-56c3-61f5f86544f9,sai-ke,0,10,2026-08-11
APC-1307,bfb69fe8-1548-6f0b-3f13-f26c740f0c1f,sai-ke,22,10,2026-08-11
APC-1307,8efa6771-e1d6-8ea8-08d8-13c5a1acffce,sai-ke,8,10,2026-08-11
APC-1307,4e87eafa-e937-ff84-ae92-fc9068abf480,sai-ke,180,10,2026-08-11
APC-1307,1e401c64-aea5-9092-c7c7-11e1e0c79b36,sai-ke,8,10,2026-08-11
APC-1307,b39999e9-ac87-cd22-4751-5e4d2d25ae47,sai-ke,3,10,2026-08-11
APC-1307,0f9aa6b8-15cc-0d9b-56c3-61f5f86544f9,sai-ke,48,10,2026-08-11
BLU-1308,bfb69fe8-1548-6f0b-3f13-f26c740f0c1f,sai-ke,3,10,2026-08-11
BLU-1308,8efa6771-e1d6-8ea8-08d8-13c5a1acffce,sai-ke,70,10,2026-08-11
BLU-1308,4e87eafa-e937-ff84-ae92-fc9068abf480,sai-ke,3,10,2026-08-11
BLU-1308,1e401c64-aea5-9092-c7c7-11e1e0c79b36,sai-ke,48,10,2026-08-11
BLU-1308,b39999e9-ac87-cd22-4751-5e4d2d25ae47,sai-ke,3,10,2026-08-11
BLU-1308,0f9aa6b8-15cc-0d9b-56c3-61f5f86544f9,sai-ke,48,10,2026-08-11
TRI-1309,bfb69fe8-1548-6f0b-3f13-f26c740f0c1f,sai-ke,180,10,2026-08-11
TRI-1309,8efa6771-e1d6-8ea8-08d8-13c5a1acffce,sai-ke,48,10,2026-08-11
TRI-1309,4e87eafa-e937-ff84-ae92-fc9068abf480,sai-ke,14,10,2026-08-11
TRI-1309,1e401c64-aea5-9092-c7c7-11e1e0c79b36,sai-ke,70,10,2026-08-11
TRI-1309,b39999e9-ac87-cd22-4751-5e4d2d25ae47,sai-ke,31,10,2026-08-11
TRI-1309,0f9aa6b8-15cc-0d9b-56c3-61f5f86544f9,sai-ke,8,10,2026-08-11
TRI-1310,bfb69fe8-1548-6f0b-3f13-f26c740f0c1f,sai-ke,8,10,2026-08-11
TRI-1310,8efa6771-e1d6-8ea8-08d8-13c5a1acffce,sai-ke,22,10,2026-08-11
TRI-1310,4e87eafa-e937-ff84-ae92-fc9068abf480,sai-ke,31,10,2026-08-11
TRI-1310,1e401c64-aea5-9092-c7c7-11e1e0c79b36,sai-ke,3,10,2026-08-11
TRI-1310,b39999e9-ac87-cd22-4751-5e4d2d25ae47,sai-ke,14,10,2026-08-11
TRI-1310,0f9aa6b8-15cc-0d9b-56c3-61f5f86544f9,sai-ke,8,10,2026-08-11
APC-1311,bfb69fe8-1548-6f0b-3f13-f26c740f0c1f,sai-ke,3,10,2026-08-11
APC-1311,8efa6771-e1d6-8ea8-08d8-13c5a1acffce,sai-ke,31,10,2026-08-11
APC-1311,4e87eafa-e937-ff84-ae92-fc9068abf480,sai-ke,8,10,2026-08-11
APC-1311,1e401c64-aea5-9092-c7c7-11e1e0c79b36,sai-ke,0,10,2026-08-11
APC-1311,b39999e9-ac87-cd22-4751-5e4d2d25ae47,sai-ke,120,10,2026-08-11
APC-1311,0f9aa6b8-15cc-0d9b-56c3-61f5f86544f9,sai-ke,120,10,2026-08-11
SCH-1312,bfb69fe8-1548-6f0b-3f13-f26c740f0c1f,sai-ke,48,10,2026-08-11
SCH-1312,8efa6771-e1d6-8ea8-08d8-13c5a1acffce,sai-ke,31,10,2026-08-11
SCH-1312,4e87eafa-e937-ff84-ae92-fc9068abf480,sai-ke,31,10,2026-08-11
SCH-1312,1e401c64-aea5-9092-c7c7-11e1e0c79b36,sai-ke,31,10,2026-08-11
SCH-1312,b39999e9-ac87-cd22-4751-5e4d2d25ae47,sai-ke,14,10,2026-08-11
SCH-1312,0f9aa6b8-15cc-0d9b-56c3-61f5f86544f9,sai-ke,3,10,2026-08-11
ORT-1313,bfb69fe8-1548-6f0b-3f13-f26c740f0c1f,sai-ke,31,10,2026-08-11
ORT-1313,8efa6771-e1d6-8ea8-08d8-13c5a1acffce,sai-ke,70,10,2026-08-11
ORT-1313,4e87eafa-e937-ff84-ae92-fc9068abf480,sai-ke,70,10,2026-08-11
ORT-1313,1e401c64-aea5-9092-c7c7-11e1e0c79b36,sai-ke,48,10,2026-08-11
ORT-1313,b39999e9-ac87-cd22-4751-5e4d2d25ae47,sai-ke,120,10,2026-08-11
ORT-1313,0f9aa6b8-15cc-0d9b-56c3-61f5f86544f9,sai-ke,0,10,2026-08-11
TRI-1314,bfb69fe8-1548-6f0b-3f13-f26c740f0c1f,sai-ke,8,10,2026-08-11
TRI-1314,8efa6771-e1d6-8ea8-08d8-13c5a1acffce,sai-ke,70,10,2026-08-11
TRI-1314,4e87eafa-e937-ff84-ae92-fc9068abf480,sai-ke,14,10,2026-08-11
TRI-1314,1e401c64-aea5-9092-c7c7-11e1e0c79b36,sai-ke,22,10,2026-08-11
TRI-1314,b39999e9-ac87-cd22-4751-5e4d2d25ae47,sai-ke,14,10,2026-08-11
TRI-1314,0f9aa6b8-15cc-0d9b-56c3-61f5f86544f9,sai-ke,48,10,2026-08-11
ORT-1315,bfb69fe8-1548-6f0b-3f13-f26c740f0c1f,sai-ke,3,10,2026-08-11
ORT-1315,8efa6771-e1d6-8ea8-08d8-13c5a1acffce,sai-ke,31,10,2026-08-11
ORT-1315,4e87eafa-e937-ff84-ae92-fc9068abf480,sai-ke,22,10,2026-08-11
ORT-1315,1e401c64-aea5-9092-c7c7-11e1e0c79b36,sai-ke,31,10,2026-08-11
ORT-1315,b39999e9-ac87-cd22-4751-5e4d2d25ae47,sai-ke,8,10,2026-08-11
ORT-1315,0f9aa6b8-15cc-0d9b-56c3-61f5f86544f9,sai-ke,120,10,2026-08-11
SCH-1316,bfb69fe8-1548-6f0b-3f13-f26c740f0c1f,sai-ke,180,10,2026-08-11
SCH-1316,8efa6771-e1d6-8ea8-08d8-13c5a1acffce,sai-ke,180,10,2026-08-11
SCH-1316,4e87eafa-e937-ff84-ae92-fc9068abf480,sai-ke,8,10,2026-08-11
SCH-1316,1e401c64-aea5-9092-c7c7-11e1e0c79b36,sai-ke,0,10,2026-08-11
SCH-1316,b39999e9-ac87-cd22-4751-5e4d2d25ae47,sai-ke,22,10,2026-08-11
SCH-1316,0f9aa6b8-15cc-0d9b-56c3-61f5f86544f9,sai-ke,31,10,2026-08-11
SCH-1317,bfb69fe8-1548-6f0b-3f13-f26c740f0c1f,sai-ke,14,10,2026-08-11
SCH-1317,8efa6771-e1d6-8ea8-08d8-13c5a1acffce,sai-ke,180,10,2026-08-11
SCH-1317,4e87eafa-e937-ff84-ae92-fc9068abf480,sai-ke,22,10,2026-08-11
SCH-1317,1e401c64-aea5-9092-c7c7-11e1e0c79b36,sai-ke,48,10,2026-08-11
SCH-1317,b39999e9-ac87-cd22-4751-5e4d2d25ae47,sai-ke,0,10,2026-08-11
SCH-1317,0f9aa6b8-15cc-0d9b-56c3-61f5f86544f9,sai-ke,14,10,2026-08-11
HP-CF226A,bfb69fe8-1548-6f0b-3f13-f26c740f0c1f,sai-ke,27,10,2026-08-11
HP-CF226A,8efa6771-e1d6-8ea8-08d8-13c5a1acffce,sai-ke,4,10,2026-08-11
HP-CF226A,4e87eafa-e937-ff84-ae92-fc9068abf480,sai-ke,22,10,2026-08-11
HP-CF226A,1e401c64-aea5-9092-c7c7-11e1e0c79b36,sai-ke,3,10,2026-08-11
HP-CF226A,b39999e9-ac87-cd22-4751-5e4d2d25ae47,sai-ke,180,10,2026-08-11
HP-CF226A,0f9aa6b8-15cc-0d9b-56c3-61f5f86544f9,sai-ke,22,10,2026-08-11
BRO-TN2421,bfb69fe8-1548-6f0b-3f13-f26c740f0c1f,sai-ke,3,10,2026-08-11
BRO-TN2421,8efa6771-e1d6-8ea8-08d8-13c5a1acffce,sai-ke,31,10,2026-08-11
BRO-TN2421,4e87eafa-e937-ff84-ae92-fc9068abf480,sai-ke,31,10,2026-08-11
BRO-TN2421,1e401c64-aea5-9092-c7c7-11e1e0c79b36,sai-ke,180,10,2026-08-11
BRO-TN2421,b39999e9-ac87-cd22-4751-5e4d2d25ae47,sai-ke,48,10,2026-08-11
BRO-TN2421,0f9aa6b8-15cc-0d9b-56c3-61f5f86544f9,sai-ke,180,10,2026-08-11
OFP-A4-80,bfb69fe8-1548-6f0b-3f13-f26c740f0c1f,sai-ke,180,10,2026-08-11
OFP-A4-80,8efa6771-e1d6-8ea8-08d8-13c5a1acffce,sai-ke,180,10,2026-08-11
OFP-A4-80,4e87eafa-e937-ff84-ae92-fc9068abf480,sai-ke,8,10,2026-08-11
OFP-A4-80,1e401c64-aea5-9092-c7c7-11e1e0c79b36,sai-ke,22,10,2026-08-11
OFP-A4-80,b39999e9-ac87-cd22-4751-5e4d2d25ae47,sai-ke,22,10,2026-08-11
OFP-A4-80,0f9aa6b8-15cc-0d9b-56c3-61f5f86544f9,sai-ke,31,10,2026-08-11
TZ-2000,ff88541a-8c54-5afd-bec8-f2112874cd5d,sai-tz,56,10,2026-08-11
TZ-2000,b16b1b8d-a80e-28c7-6981-24e0c0c890ea,sai-tz,9,10,2026-08-11
TZ-2000,c4ce17fe-ee69-e939-ed3c-f7adf6ef4b89,sai-tz,25,10,2026-08-11
TZ-2001,ff88541a-8c54-5afd-bec8-f2112874cd5d,sai-tz,89,10,2026-08-11
TZ-2001,b16b1b8d-a80e-28c7-6981-24e0c0c890ea,sai-tz,7,10,2026-08-11
TZ-2001,c4ce17fe-ee69-e939-ed3c-f7adf6ef4b89,sai-tz,18,10,2026-08-11
TZ-2002,ff88541a-8c54-5afd-bec8-f2112874cd5d,sai-tz,51,10,2026-08-11
TZ-2002,b16b1b8d-a80e-28c7-6981-24e0c0c890ea,sai-tz,75,10,2026-08-11
TZ-2002,c4ce17fe-ee69-e939-ed3c-f7adf6ef4b89,sai-tz,34,10,2026-08-11
TZ-2003,ff88541a-8c54-5afd-bec8-f2112874cd5d,sai-tz,53,10,2026-08-11
TZ-2003,b16b1b8d-a80e-28c7-6981-24e0c0c890ea,sai-tz,36,10,2026-08-11
TZ-2003,c4ce17fe-ee69-e939-ed3c-f7adf6ef4b89,sai-tz,50,10,2026-08-11
TZ-2004,ff88541a-8c54-5afd-bec8-f2112874cd5d,sai-tz,70,10,2026-08-11
TZ-2004,b16b1b8d-a80e-28c7-6981-24e0c0c890ea,sai-tz,71,10,2026-08-11
TZ-2004,c4ce17fe-ee69-e939-ed3c-f7adf6ef4b89,sai-tz,29,10,2026-08-11
TZ-2005,ff88541a-8c54-5afd-bec8-f2112874cd5d,sai-tz,82,10,2026-08-11
TZ-2005,b16b1b8d-a80e-28c7-6981-24e0c0c890ea,sai-tz,83,10,2026-08-11
TZ-2005,c4ce17fe-ee69-e939-ed3c-f7adf6ef4b89,sai-tz,38,10,2026-08-11
TZ-2006,ff88541a-8c54-5afd-bec8-f2112874cd5d,sai-tz,25,10,2026-08-11
TZ-2006,b16b1b8d-a80e-28c7-6981-24e0c0c890ea,sai-tz,8,10,2026-08-11
TZ-2006,c4ce17fe-ee69-e939-ed3c-f7adf6ef4b89,sai-tz,33,10,2026-08-11
TZ-2007,ff88541a-8c54-5afd-bec8-f2112874cd5d,sai-tz,78,10,2026-08-11
TZ-2007,b16b1b8d-a80e-28c7-6981-24e0c0c890ea,sai-tz,84,10,2026-08-11
TZ-2007,c4ce17fe-ee69-e939-ed3c-f7adf6ef4b89,sai-tz,70,10,2026-08-11
TZ-2008,ff88541a-8c54-5afd-bec8-f2112874cd5d,sai-tz,8,10,2026-08-11
TZ-2008,b16b1b8d-a80e-28c7-6981-24e0c0c890ea,sai-tz,63,10,2026-08-11
TZ-2008,c4ce17fe-ee69-e939-ed3c-f7adf6ef4b89,sai-tz,46,10,2026-08-11
TZ-2009,ff88541a-8c54-5afd-bec8-f2112874cd5d,sai-tz,43,10,2026-08-11
TZ-2009,b16b1b8d-a80e-28c7-6981-24e0c0c890ea,sai-tz,66,10,2026-08-11
TZ-2009,c4ce17fe-ee69-e939-ed3c-f7adf6ef4b89,sai-tz,16,10,2026-08-11
TZ-2010,ff88541a-8c54-5afd-bec8-f2112874cd5d,sai-tz,86,10,2026-08-11
TZ-2010,b16b1b8d-a80e-28c7-6981-24e0c0c890ea,sai-tz,26,10,2026-08-11
TZ-2010,c4ce17fe-ee69-e939-ed3c-f7adf6ef4b89,sai-tz,83,10,2026-08-11
TZ-2011,ff88541a-8c54-5afd-bec8-f2112874cd5d,sai-tz,20,10,2026-08-11
TZ-2011,b16b1b8d-a80e-28c7-6981-24e0c0c890ea,sai-tz,52,10,2026-08-11
TZ-2011,c4ce17fe-ee69-e939-ed3c-f7adf6ef4b89,sai-tz,13,10,2026-08-11
