history_id,job_no,stage,entered_at,exited_at,duration_hours,note
d1e418b8-7d32-747e-4b24-cee8356fdf8f,4471,received,2026-08-06 00:00:00,2026-08-06 03:00:00,3.0,
b4adf013-928b-307b-0128-708f6eea5516,4471,prepress,2026-08-06 03:00:00,2026-08-06 15:00:00,12.0,
e5e7392c-39be-4d55-036f-f6a68d564d6e,4471,proofing,2026-08-06 15:00:00,2026-08-06 21:00:00,6.0,
16ce2b5a-8630-0b3a-1775-88c1b0b9a3fd,4471,awaiting_approval,2026-08-06 21:00:00,,,waiting on customer
cbacfc9e-8180-13d6-100a-abd07806908c,4301,received,2026-05-05 00:00:00,2026-05-05 01:15:32.011467,1.26,
605d37af-0066-91b8-dbc2-f1ec0d43b644,4301,prepress,2026-05-05 01:15:32.011467,2026-05-05 17:25:46.327029,16.17,
b5c6f21c-997a-966e-5bb8-7ce9de940df8,4301,proofing,2026-05-05 17:25:46.327029,2026-05-06 09:36:00.642591,16.17,
8ca3a0b1-c5c4-85b1-7e1d-ae53aafd9bad,4301,awaiting_approval,2026-05-06 09:36:00.642591,2026-05-07 11:30:32.069675,25.91,waiting on customer
5bc317a7-b66a-2ebd-b79d-f833c918b025,4301,plating,2026-05-07 11:30:32.069675,2026-05-08 03:40:46.385237,16.17,
cb20f564-014e-8d83-7f11-798bf194c9b1,4301,on_press,2026-05-08 03:40:46.385237,2026-05-08 19:51:00.700799,16.17,
a441f708-ae81-73a8-3327-cdf651257a0d,4301,finishing,2026-05-08 19:51:00.700799,2026-05-09 12:01:15.016361,16.17,
20f6fe74-9321-2eed-263f-1364cdab4f03,4301,dispatched,2026-05-09 12:01:15.016361,2026-05-10 04:11:29.331923,16.17,
c710a326-6882-91a6-2abc-6b3e846ea698,4301,delivered,2026-05-10 04:11:29.331923,,,
ea6cc3f1-30d3-e0c2-afd9-99f4f8a9ed9e,4302,received,2026-06-06 00:00:00,2026-06-06 01:41:47.254465,1.7,
4e72caee-9199-65ff-9bf5-8bc678d371e4,4302,prepress,2026-06-06 01:41:47.254465,2026-06-06 17:30:07.129620,15.81,
3b27f5fd-41a1-9f1a-505d-3d51ec9ed975,4302,proofing,2026-06-06 17:30:07.129620,2026-06-07 09:18:27.004775,15.81,
7736e405-2981-3596-e3f3-ef93571613e4,4302,awaiting_approval,2026-06-07 09:18:27.004775,2026-06-08 22:51:23.049992,37.55,waiting on customer
7a295a31-6537-b176-ae70-c968699c19c3,4302,plating,2026-06-08 22:51:23.049992,2026-06-09 14:39:42.925147,15.81,
87c4bc1a-ae8b-626b-5143-e285071484b0,4302,on_press,2026-06-09 14:39:42.925147,2026-06-10 06:28:02.800302,15.81,
126a6982-39d6-25dc-1587-8edc2692e0d1,4302,finishing,2026-06-10 06:28:02.800302,2026-06-10 22:16:22.675457,15.81,
8ddf2786-f051-9792-0085-cf00b207f735,4302,dispatched,2026-06-10 22:16:22.675457,2026-06-11 14:04:42.550612,15.81,
71b3fb2f-9dd7-2c98-cd83-4725bb278d34,4302,delivered,2026-06-11 14:04:42.550612,,,
f2f86e2d-577f-d883-732a-9c38a64d4117,4303,received,2026-03-01 00:00:00,2026-03-01 02:19:50.808496,2.33,
ed78e639-4d83-2eb7-6ab0-c7bb006f201f,4303,prepress,2026-03-01 02:19:50.808496,2026-03-01 15:25:02.281867,13.09,
880388d3-4450-f1a4-3293-8f436e1c0edd,4303,proofing,2026-03-01 15:25:02.281867,2026-03-02 04:30:13.755238,13.09,
31ea5d8d-8e6a-ba3d-d910-46e93d2e80dd,4303,awaiting_approval,2026-03-02 04:30:13.755238,2026-03-04 16:10:05.390573,59.66,waiting on customer
cec070c7-81f0-1ba7-beca-3d0c83cb61d6,4303,plating,2026-03-04 16:10:05.390573,2026-03-05 05:15:16.863944,13.09,
96deed40-f530-b9a0-75f1-004a30306028,4303,on_press,2026-03-05 05:15:16.863944,2026-03-05 18:20:28.337315,13.09,
47ff6da7-7637-6abf-16fa-6f8075aff881,4303,finishing,2026-03-05 18:20:28.337315,2026-03-06 07:25:39.810686,13.09,
cb6c2666-fcdf-b901-6ca2-1f848120280e,4303,dispatched,2026-03-06 07:25:39.810686,2026-03-06 20:30:51.284057,13.09,
627bce6c-baf5-0c81-9263-dd9f44026639,4303,delivered,2026-03-06 20:30:51.284057,,,
3af04c70-92f4-a3d1-3f3c-49269c6451ca,4304,received,2026-06-08 00:00:00,2026-06-08 04:20:11.309779,4.34,
281fe107-4ba7-740c-a8fe-0e1b8ae5edab,4304,prepress,2026-06-08 04:20:11.309779,2026-06-08 16:58:41.461701,12.64,
7c9cabb8-21fc-7e84-8481-c5203cc3e824,4304,proofing,2026-06-08 16:58:41.461701,2026-06-09 05:37:11.613623,12.64,
2f39b813-516a-31c1-381a-9845adc57df9,4304,awaiting_approval,2026-06-09 05:37:11.613623,2026-06-10 09:06:16.978513,27.48,waiting on customer
2fc9ea9a-a7ea-afd7-c98b-2519f1bb34ce,4304,plating,2026-06-10 09:06:16.978513,2026-06-10 21:44:47.130435,12.64,
f8f3f121-ec5e-9ccc-5f0e-3310ae45778a,4304,on_press,2026-06-10 21:44:47.130435,2026-06-11 10:23:17.282357,12.64,
3101a66b-1d9b-f909-831f-2135a443d7c2,4304,finishing,2026-06-11 10:23:17.282357,2026-06-11 23:01:47.434279,12.64,
ab50b5b0-22ae-64b2-c2ed-0f8c068b035a,4304,dispatched,2026-06-11 23:01:47.434279,2026-06-12 11:40:17.586201,12.64,
3e1aecb2-9642-b403-59d6-85d143e544ce,4304,delivered,2026-06-12 11:40:17.586201,,,
b3f92514-cc41-7c59-23f2-c26f22681236,4305,received,2026-01-26 00:00:00,2026-01-26 04:49:01.662397,4.82,
2a91da6b-8292-46e9-4699-593934dd4d01,4305,prepress,2026-01-26 04:49:01.662397,2026-01-26 19:08:24.528538,14.32,
f49e5ddb-57b9-8da1-2f77-bc50564a546f,4305,proofing,2026-01-26 19:08:24.528538,2026-01-27 09:27:47.394679,14.32,
b6977b92-4574-c50c-fd8c-bfac917f36cc,4305,awaiting_approval,2026-01-27 09:27:47.394679,2026-01-29 00:58:20.187324,39.51,waiting on customer
192809f6-8f6f-ade9-7c1d-bddc18d35075,4305,plating,2026-01-29 00:58:20.187324,2026-01-29 15:17:43.053465,14.32,
b7f32c68-97a3-5f14-84a7-299c2761d9af,4305,on_press,2026-01-29 15:17:43.053465,2026-01-30 05:37:05.919606,14.32,
3dbf631f-f2ab-3cc4-845a-c51680c15653,4305,finishing,2026-01-30 05:37:05.919606,2026-01-30 19:56:28.785747,14.32,
539b73dc-648a-93fe-c5bd-cd1ec03dad87,4305,dispatched,2026-01-30 19:56:28.785747,2026-01-31 10:15:51.651888,14.32,
ebe68ea4-9c0f-106f-cffc-ee9c5cfb677a,4305,delivered,2026-01-31 10:15:51.651888,,,
abe5aa8d-de7c-4828-095f-f7205e6bd3b7,4306,received,2026-07-01 00:00:00,2026-07-01 02:30:22.067464,2.51,
9b4db70f-7455-3a1c-5685-c0b60c1e2495,4306,prepress,2026-07-01 02:30:22.067464,2026-07-02 18:18:03.068062,39.79,
42a9b90c-d43a-7616-093b-5890ff8b703b,4306,proofing,2026-07-02 18:18:03.068062,2026-07-04 10:05:44.068660,39.79,
feb674e5-6a0d-1680-e354-74f0ad51c6d9,4306,awaiting_approval,2026-07-04 10:05:44.068660,2026-07-04 14:10:51.885762,4.09,waiting on customer
f2daa850-af3e-b53f-74c3-4468aaf76239,4306,plating,2026-07-04 14:10:51.885762,2026-07-06 05:58:32.886360,39.79,
8801c2eb-835e-321f-4741-4a7d270ab1ab,4306,on_press,2026-07-06 05:58:32.886360,2026-07-07 21:46:13.886958,39.79,
7e97a60f-16a0-72c1-b9bd-36cb8ba86f07,4306,finishing,2026-07-07 21:46:13.886958,2026-07-09 13:33:54.887556,39.79,
67d25f1c-9935-e1f5-115f-e0ddc1054a4a,4306,dispatched,2026-07-09 13:33:54.887556,2026-07-11 05:21:35.888154,39.79,
de8da007-ea2e-bc99-4477-e3297ededf5e,4306,delivered,2026-07-11 05:21:35.888154,,,
958a32bb-b776-5d60-fe22-5121fc7d81a2,4307,received,2025-12-10 00:00:00,2025-12-10 04:39:24.666115,4.66,
5b88ce0a-fb99-c682-e5c8-5ef467c28bf8,4307,prepress,2025-12-10 04:39:24.666115,2025-12-10 20:41:28.728620,16.03,
a5cdc7df-b630-75e1-6932-eca96354bf77,4307,proofing,2025-12-10 20:41:28.728620,2025-12-11 12:43:32.791125,16.03,
f6677e5d-e286-2f2c-6534-9d7356671d77,4307,awaiting_approval,2025-12-11 12:43:32.791125,2025-12-13 18:31:19.835859,53.8,waiting on customer
be89dee6-523a-5c0c-9839-9c6bd69d5acc,4307,plating,2025-12-13 18:31:19.835859,2025-12-14 10:33:23.898364,16.03,
57ca7586-e0e2-98ff-f8c6-5bb513652409,4307,on_press,2025-12-14 10:33:23.898364,2025-12-15 02:35:27.960869,16.03,
0b0ca348-23cf-45dd-ff11-fe3435a193c3,4307,finishing,2025-12-15 02:35:27.960869,2025-12-15 18:37:32.023374,16.03,
6f84b3bb-f9af-f0df-0107-508a97763a1a,4307,dispatched,2025-12-15 18:37:32.023374,2025-12-16 10:39:36.085879,16.03,
9988fee9-c8a3-7b56-824f-21f5620c3681,4307,delivered,2025-12-16 10:39:36.085879,,,
64f87d1f-d7a9-15c0-8be9-bc968c654aea,4308,received,2026-05-18 00:00:00,2026-05-18 01:17:46.149336,1.3,
9f9cc21f-2c02-ad59-205f-a41204bfd3d5,4308,prepress,2026-05-18 01:17:46.149336,2026-05-18 20:07:38.165810,18.83,
8277a9ec-4f69-1985-f0da-bf1d239eae2d,4308,proofing,2026-05-18 20:07:38.165810,2026-05-19 14:57:30.182284,18.83,
e4221cd8-c91c-0233-a575-7baac28652f7,4308,awaiting_approval,2026-05-19 14:57:30.182284,2026-05-20 18:00:00.584963,27.04,waiting on customer
d2aaab2e-f94a-1b2e-458c-f7a0e0826b39,4308,plating,2026-05-20 18:00:00.584963,2026-05-21 12:49:52.601437,18.83,
d520669e-9546-a2ee-6892-6a4931496ee0,4308,on_press,2026-05-21 12:49:52.601437,2026-05-22 07:39:44.617911,18.83,
2b08ba64-3053-a68c-d23e-b2c75c1446de,4308,finishing,2026-05-22 07:39:44.617911,2026-05-23 02:29:36.634385,18.83,
7bd2765b-0e86-1351-0115-1672ca01543c,4308,dispatched,2026-05-23 02:29:36.634385,,,
f2f68100-ed50-f75e-0371-a7f00d0fa8c6,4309,received,2026-02-26 00:00:00,2026-02-26 04:06:59.813370,4.12,
9d6fb753-a8e3-0f15-1ebc-c66c1d883c85,4309,prepress,2026-02-26 04:06:59.813370,2026-02-26 23:14:39.147337,19.13,
eee3c136-963d-1ff5-f4f0-10f08981a2a3,4309,proofing,2026-02-26 23:14:39.147337,2026-02-27 18:22:18.481304,19.13,
b80be6fc-06cd-7971-d622-07788646a8ba,4309,awaiting_approval,2026-02-27 18:22:18.481304,2026-02-28 21:26:39.493711,27.07,waiting on customer
3337e17c-8d38-d02e-51b3-5b2512d5c0f1,4309,plating,2026-02-28 21:26:39.493711,2026-03-01 16:34:18.827678,19.13,
c8109ccf-d307-55b1-69ea-58ffafb1cdfa,4309,on_press,2026-03-01 16:34:18.827678,2026-03-02 11:41:58.161645,19.13,
df76fefd-9545-bd78-8f5d-de9413f5749a,4309,finishing,2026-03-02 11:41:58.161645,2026-03-03 06:49:37.495612,19.13,
10dbc8c8-af34-c5d1-1676-56771ee82416,4309,dispatched,2026-03-03 06:49:37.495612,2026-03-04 01:57:16.829579,19.13,
542d0d04-ea03-9f98-1143-9b3867b3aef6,4309,delivered,2026-03-04 01:57:16.829579,,,
0157ce36-7ff0-54e3-b8eb-63a38aa57ce3,4310,received,2026-01-07 00:00:00,2026-01-07 04:57:12.174782,4.95,
63390593-0d0f-5fe9-7549-d6bf49c4bb6c,4310,prepress,2026-01-07 04:57:12.174782,2026-01-07 18:35:14.755651,13.63,
927d577e-3ee5-dd91-7013-347ffda082e6,4310,proofing,2026-01-07 18:35:14.755651,2026-01-08 08:13:17.336520,13.63,
ba1439d2-e005-c02b-ca5d-c4e637420917,4310,awaiting_approval,2026-01-08 08:13:17.336520,2026-01-13 12:01:27.705467,123.8,waiting on customer
ea42eee9-c622-b4ae-f036-2f40c855a607,4310,plating,2026-01-13 12:01:27.705467,2026-01-14 01:39:30.286336,13.63,
dd9c0703-f4e1-d739-2542-c42ee347efd4,4310,on_press,2026-01-14 01:39:30.286336,2026-01-14 15:17:32.867205,13.63,
544de148-8b4c-5c8e-1c28-3764ceb09449,4310,finishing,2026-01-14 15:17:32.867205,2026-01-15 04:55:35.448074,13.63,
48a369ad-a1b6-cf43-67c3-ee2b920a3546,4310,dispatched,2026-01-15 04:55:35.448074,2026-01-15 18:33:38.028943,13.63,
3e35a897-1742-56b2-21dd-7ceec1d85026,4310,delivered,2026-01-15 18:33:38.028943,,,
d20eaf1b-bcb1-760d-87ed-acdff80532b2,4311,received,2026-04-19 00:00:00,2026-04-19 03:27:06.892733,3.45,
53538f40-1db2-df86-1992-41c3a7f7ff31,4311,prepress,2026-04-19 03:27:06.892733,2026-04-19 19:46:48.431896,16.33,
a0c829e7-8515-67a8-447a-a28152066232,4311,proofing,2026-04-19 19:46:48.431896,2026-04-20 12:06:29.971059,16.33,
38eb96cd-0bda-30c1-353a-d926ec3b0100,4311,awaiting_approval,2026-04-20 12:06:29.971059,2026-04-23 14:23:03.215587,74.28,waiting on customer
d7297a2f-7790-59ec-bd2b-18e36e8394be,4311,plating,2026-04-23 14:23:03.215587,2026-04-24 06:42:44.754750,16.33,
69593948-30cb-75f7-3681-6ae266537271,4311,on_press,2026-04-24 06:42:44.754750,2026-04-24 23:02:26.293913,16.33,
5920a7a1-7475-2505-1dea-5cf56c5d4610,4311,finishing,2026-04-24 23:02:26.293913,2026-04-25 15:22:07.833076,16.33,
8b639b82-76a0-1517-8b66-6bba547ed0d6,4311,dispatched,2026-04-25 15:22:07.833076,2026-04-26 07:41:49.372239,16.33,
e2738d9c-5ec5-0895-9231-634ded8028d3,4311,delivered,2026-04-26 07:41:49.372239,,,
731b8467-117d-75cc-5812-9b7ac339d633,4312,received,2025-12-01 00:00:00,2025-12-01 03:02:34.251360,3.04,
a1891f9f-58ef-d9ad-584c-690a44492d0f,4312,prepress,2025-12-01 03:02:34.251360,2025-12-01 16:38:29.138724,13.6,
72b5e4dc-d191-6bb5-86ec-55f88fccb0c2,4312,proofing,2025-12-01 16:38:29.138724,2025-12-02 06:14:24.026088,13.6,
416a84bb-ff5a-3270-23fa-81db2b060b88,4312,awaiting_approval,2025-12-02 06:14:24.026088,2025-12-03 11:25:10.408178,29.18,waiting on customer
e517f17d-c279-a466-3293-3adbdd8980e4,4312,plating,2025-12-03 11:25:10.408178,2025-12-04 01:01:05.295542,13.6,
62aaece6-d211-c04f-3984-40de6de8d431,4312,on_press,2025-12-04 01:01:05.295542,2025-12-04 14:37:00.182906,13.6,
857aca8e-3634-4e13-00b2-d518169719b1,4312,finishing,2025-12-04 14:37:00.182906,2025-12-05 04:12:55.070270,13.6,
ee928115-6fa2-2599-01f6-a84d1d45e138,4312,dispatched,2025-12-05 04:12:55.070270,,,
2293cc3c-3cbd-396e-31f4-6a83a97ce432,4313,received,2026-05-02 00:00:00,2026-05-02 04:32:20.087279,4.54,
cd557db8-8e2b-fa5d-7b82-f0206015b540,4313,prepress,2026-05-02 04:32:20.087279,2026-05-02 15:39:11.041454,11.11,
7bc75379-dad7-1e52-7e57-92fec0da50df,4313,proofing,2026-05-02 15:39:11.041454,2026-05-03 02:46:01.995629,11.11,
2f67c8e9-803b-0f27-4999-80b54c743f3b,4313,awaiting_approval,2026-05-03 02:46:01.995629,2026-05-06 08:01:27.590650,77.26,waiting on customer
813d3db7-589f-91a6-fa6d-04dfc35b812e,4313,plating,2026-05-06 08:01:27.590650,2026-05-06 19:08:18.544825,11.11,
87a82351-54e8-4b7a-7b83-095cc7bc0269,4313,on_press,2026-05-06 19:08:18.544825,2026-05-07 06:15:09.499000,11.11,
1ce61ca9-8f2b-2c7b-8e82-c2a9d65bfdb7,4313,finishing,2026-05-07 06:15:09.499000,2026-05-07 17:22:00.453175,11.11,
f3276bf0-b5a6-fb90-ba0c-41d1b2da6f92,4313,dispatched,2026-05-07 17:22:00.453175,2026-05-08 04:28:51.407350,11.11,
0f9cb077-ce4c-4ea4-3247-b4a1a077cc67,4313,delivered,2026-05-08 04:28:51.407350,,,
632c22cb-e840-e744-5c79-3716837448c7,4314,received,2026-03-13 00:00:00,2026-03-13 04:16:06.828397,4.27,
92dbad33-eff5-bf10-37e1-9aeab06097ee,4314,prepress,2026-03-13 04:16:06.828397,2026-03-13 16:59:36.781621,12.72,
d45f3ca5-9788-fdc4-01d6-2b63bbcdbc57,4314,proofing,2026-03-13 16:59:36.781621,2026-03-14 05:43:06.734845,12.72,
a2a78fd0-b982-b52d-6c4b-ce234da3f096,4314,awaiting_approval,2026-03-14 05:43:06.734845,2026-03-17 10:11:23.307947,76.47,waiting on customer
e1ff42a6-8c48-7670-71cd-90c6b9b109b8,4314,plating,2026-03-17 10:11:23.307947,2026-03-17 22:54:53.261171,12.72,
b4c0c7c7-9620-6c99-93e8-4b74d164ef70,4314,on_press,2026-03-17 22:54:53.261171,2026-03-18 11:38:23.214395,12.72,
e60e4996-6768-f51d-745b-0f1ca86c8907,4314,finishing,2026-03-18 11:38:23.214395,2026-03-19 00:21:53.167619,12.72,
cb340a3b-1682-bfda-867e-5c5d494b9751,4314,dispatched,2026-03-19 00:21:53.167619,2026-03-19 13:05:23.120843,12.72,
04701c5b-451f-bd2d-05d9-693fbb0569b3,4314,delivered,2026-03-19 13:05:23.120843,,,
438bdd45-e64a-6d5f-8b69-114d0e98a5b9,4315,received,2026-06-05 00:00:00,2026-06-05 01:49:27.787392,1.82,
9bf2c3e2-891a-8a62-2f08-a9b84e599b36,4315,prepress,2026-06-05 01:49:27.787392,2026-06-05 16:36:20.422078,14.78,
385569c3-1605-a77a-f9df-6e9ca84d0c46,4315,proofing,2026-06-05 16:36:20.422078,2026-06-06 07:23:13.056764,14.78,
b2932920-183d-99b8-11e5-6f2ab4a22669,4315,awaiting_approval,2026-06-06 07:23:13.056764,2026-06-08 23:59:22.331513,64.6,waiting on customer
2021fbaf-dee5-86c4-f016-4b7bd67aaed2,4315,plating,2026-06-08 23:59:22.331513,2026-06-09 14:46:14.966199,14.78,
703a39cb-75cd-e41e-10a7-d859272e09c7,4315,on_press,2026-06-09 14:46:14.966199,2026-06-10 05:33:07.600885,14.78,
8a501cbf-a5fa-3eb8-703b-02f3b49462ed,4315,finishing,2026-06-10 05:33:07.600885,2026-06-10 20:20:00.235571,14.78,
8ce98c5f-0652-28fa-ffd5-a118004fb389,4315,dispatched,2026-06-10 20:20:00.235571,,,
891b7aff-7743-5157-de19-32f485c98650,4316,received,2026-06-25 00:00:00,2026-06-25 01:27:03.056539,1.45,
9c06493b-4c1f-bdd1-279b-e67fefae8fdd,4316,prepress,2026-06-25 01:27:03.056539,2026-06-25 12:51:06.404563,11.4,
ee594a21-fb85-218f-31c3-4622e85c2013,4316,proofing,2026-06-25 12:51:06.404563,2026-06-26 00:15:09.752587,11.4,
90729e22-bb91-9da8-5787-f4bd4250858b,4316,awaiting_approval,2026-06-26 00:15:09.752587,2026-06-27 05:43:57.995509,29.48,waiting on customer
d5947a2e-e47b-77fb-1fe6-3aea7a53d846,4316,plating,2026-06-27 05:43:57.995509,2026-06-27 17:08:01.343533,11.4,
a1062fa5-9384-405e-1152-54003585ceb4,4316,on_press,2026-06-27 17:08:01.343533,2026-06-28 04:32:04.691557,11.4,
b281520b-70b9-8cea-1543-7d6ee10ca9f1,4316,finishing,2026-06-28 04:32:04.691557,2026-06-28 15:56:08.039581,11.4,
ec35a4a8-0d81-999f-9937-d50a0646aa4b,4316,dispatched,2026-06-28 15:56:08.039581,2026-06-29 03:20:11.387605,11.4,
530b128d-eb9b-891c-9345-72737d0f0e4d,4316,delivered,2026-06-29 03:20:11.387605,,,
aed99b7b-2314-9610-cd75-32811901976f,4317,received,2026-03-17 00:00:00,2026-03-17 04:40:31.844381,4.68,
3892604d-8f53-9945-3a64-f08330240ec8,4317,prepress,2026-03-17 04:40:31.844381,2026-03-17 14:52:40.466366,10.2,
f1d5a115-7973-4c31-974e-13b7403f0639,4317,proofing,2026-03-17 14:52:40.466366,2026-03-18 01:04:49.088351,10.2,
75296f0f-ceac-8a43-1313-ec093efde383,4317,awaiting_approval,2026-03-18 01:04:49.088351,2026-03-22 10:23:08.518972,105.31,waiting on customer
1033446f-0700-c2be-39ae-bc8980566d9d,4317,plating,2026-03-22 10:23:08.518972,2026-03-22 20:35:17.140957,10.2,
f2a0e542-0e71-2557-ae30-b03e349b15f8,4317,on_press,2026-03-22 20:35:17.140957,2026-03-23 06:47:25.762942,10.2,
3c8c0534-c9c7-97b5-10f1-b2fa7ea63807,4317,finishing,2026-03-23 06:47:25.762942,2026-03-23 16:59:34.384927,10.2,
2dec221b-d0c1-7537-d306-ff828575afae,4317,dispatched,2026-03-23 16:59:34.384927,2026-03-24 03:11:43.006912,10.2,
eec740b8-126d-e5f9-d81a-4d89d11977bc,4317,delivered,2026-03-24 03:11:43.006912,,,
f2b66dd6-6219-18b6-c648-184f6e54f10f,4318,received,2026-03-01 00:00:00,2026-03-01 02:41:19.114067,2.69,
b2e2a38c-6c10-4ee8-938c-5a0227e62e0a,4318,prepress,2026-03-01 02:41:19.114067,2026-03-01 16:20:55.505399,13.66,
fe0c3894-e383-0c1f-da06-88fec9499d19,4318,proofing,2026-03-01 16:20:55.505399,2026-03-02 06:00:31.896731,13.66,
27733144-8e08-7d6d-50cf-ada45ca95f4c,4318,awaiting_approval,2026-03-02 06:00:31.896731,2026-03-04 18:55:29.797245,60.92,waiting on customer
183e1835-eddd-0f9c-a6c3-fc6d305659a2,4318,plating,2026-03-04 18:55:29.797245,2026-03-05 08:35:06.188577,13.66,
2071f46f-18d7-175e-ff04-316350c27138,4318,on_press,2026-03-05 08:35:06.188577,2026-03-05 22:14:42.579909,13.66,
bd40d149-f7f4-f256-e952-c4a7d8e6c78b,4318,finishing,2026-03-05 22:14:42.579909,2026-03-06 11:54:18.971241,13.66,
fdfafa55-7618-467c-b145-dca482a48fbd,4318,dispatched,2026-03-06 11:54:18.971241,2026-03-07 01:33:55.362573,13.66,
0ffedbf9-f244-baba-7369-2ebfc5efa97d,4318,delivered,2026-03-07 01:33:55.362573,,,
f69d77fc-9eae-f9d7-d10a-28230955fa3e,4319,received,2026-07-02 00:00:00,2026-07-02 03:06:46.737641,3.11,
c027f38f-d9dd-1670-e2ea-5c5a60a0e5e1,4319,prepress,2026-07-02 03:06:46.737641,2026-07-02 18:58:31.355462,15.86,
d0e6a353-2d45-229d-3027-cd34ccc6c8eb,4319,proofing,2026-07-02 18:58:31.355462,2026-07-03 10:50:15.973283,15.86,
4d62dd42-2bb4-e437-2316-1fb6805b3b2a,4319,awaiting_approval,2026-07-03 10:50:15.973283,2026-07-05 06:46:49.415263,43.94,waiting on customer
dcb24fad-389e-0122-e91f-7d556dd4f147,4319,plating,2026-07-05 06:46:49.415263,2026-07-05 22:38:34.033084,15.86,
ecbc4810-8af1-1742-ec81-4ec7dc35f86a,4319,on_press,2026-07-05 22:38:34.033084,2026-07-06 14:30:18.650905,15.86,
879a68af-e492-2bd4-913f-685126a211a7,4319,finishing,2026-07-06 14:30:18.650905,2026-07-07 06:22:03.268726,15.86,
25042977-dd6c-352b-2038-b1baea23a0f6,4319,dispatched,2026-07-07 06:22:03.268726,2026-07-07 22:13:47.886547,15.86,
f3474dbb-c79e-c132-c19d-35fd6064751f,4319,delivered,2026-07-07 22:13:47.886547,,,
3a8df2a9-d6e9-d7d0-d7e5-d91b54cf3261,4320,received,2026-06-29 00:00:00,2026-06-29 02:06:52.160804,2.11,
b61867d4-556c-b1c2-ad9c-fba4a5878794,4320,prepress,2026-06-29 02:06:52.160804,2026-06-29 14:56:29.527460,12.83,
a2f51c3a-da66-8dba-b935-1a72ab9147d4,4320,proofing,2026-06-29 14:56:29.527460,2026-06-30 03:46:06.894116,12.83,
ad867b52-ea63-8271-7f58-e4db32de0679,4320,awaiting_approval,2026-06-30 03:46:06.894116,2026-07-01 16:09:56.555972,36.4,waiting on customer
f17f61d7-3f50-f313-5e95-8dbf3f51a49b,4320,plating,2026-07-01 16:09:56.555972,2026-07-02 04:59:33.922628,12.83,
862b40f6-0b21-a3f8-98ff-4b12c7c8889a,4320,on_press,2026-07-02 04:59:33.922628,2026-07-02 17:49:11.289284,12.83,
c057e0ee-eeb8-20a0-fd37-d139d42f6820,4320,finishing,2026-07-02 17:49:11.289284,2026-07-03 06:38:48.655940,12.83,
073afd9c-35dc-b5d7-1b3b-98f89accd7c3,4320,dispatched,2026-07-03 06:38:48.655940,2026-07-03 19:28:26.022596,12.83,
3609c9f0-3ec8-428b-96d4-af4e7b42a2b2,4320,delivered,2026-07-03 19:28:26.022596,,,
bac9f267-73d4-e13d-ec39-cb28652bfb51,4321,received,2026-04-18 00:00:00,2026-04-18 02:35:58.674898,2.6,
20690a1f-6782-a08a-0e2d-741f4bdce3c6,4321,prepress,2026-04-18 02:35:58.674898,2026-04-18 19:51:20.303814,17.26,
993f2ff4-5550-1f60-2f32-a24fdc7acc2f,4321,proofing,2026-04-18 19:51:20.303814,2026-04-19 13:06:41.932730,17.26,
c50e9697-53b8-179f-bb7d-846d8b5df76e,4321,awaiting_approval,2026-04-19 13:06:41.932730,2026-04-23 12:43:30.268309,95.61,waiting on customer
6db7529e-009b-7220-1758-f496d9246df3,4321,plating,2026-04-23 12:43:30.268309,2026-04-24 05:58:51.897225,17.26,
af50bf37-39d7-97b3-392f-fe2f77d6dc25,4321,on_press,2026-04-24 05:58:51.897225,2026-04-24 23:14:13.526141,17.26,
193bf17b-73be-4256-c0d6-6178c4b98bad,4321,finishing,2026-04-24 23:14:13.526141,2026-04-25 16:29:35.155057,17.26,
c6f3467e-f51c-cbb3-5343-f766dd185e07,4321,dispatched,2026-04-25 16:29:35.155057,,,
bd0353b7-1d02-f1ae-6c81-abf1c1f58ae9,4322,received,2026-06-16 00:00:00,2026-06-16 02:31:09.854729,2.52,
36ed3fb1-6589-89dd-2f79-51323253c810,4322,prepress,2026-06-16 02:31:09.854729,2026-06-16 08:31:09.854729,6.0,
a387f7b2-624f-ee01-ea05-0e329ee5efa5,4322,proofing,2026-06-16 08:31:09.854729,2026-06-16 14:31:09.854729,6.0,
22651d97-e391-3e66-7078-7618022e3e00,4322,awaiting_approval,2026-06-16 14:31:09.854729,2026-06-21 06:51:59.878083,112.35,waiting on customer
a9c7440b-19f1-b0e1-da1a-027661e76ff5,4322,plating,2026-06-21 06:51:59.878083,2026-06-21 12:51:59.878083,6.0,
a1882ed8-ecd4-1ce5-9045-60166ac31580,4322,on_press,2026-06-21 12:51:59.878083,2026-06-21 18:51:59.878083,6.0,
995499c1-8c13-f00e-bb0a-6ca4856791ec,4322,finishing,2026-06-21 18:51:59.878083,2026-06-22 00:51:59.878083,6.0,
3244247c-ecd5-e788-5740-27816a6634d3,4322,dispatched,2026-06-22 00:51:59.878083,,,
c4911afa-4ea7-98b1-31ae-ebc606305a3a,4323,received,2026-06-16 00:00:00,2026-06-16 03:50:03.521735,3.83,
f4d18972-8123-0780-bb43-6b501dd5a288,4323,prepress,2026-06-16 03:50:03.521735,2026-06-16 22:14:43.370617,18.41,
ef28701d-e41e-421f-7f37-5b956ae6bd75,4323,proofing,2026-06-16 22:14:43.370617,2026-06-17 16:39:23.219499,18.41,
b2cf5221-297c-0121-7693-a249c0e65003,4323,awaiting_approval,2026-06-17 16:39:23.219499,2026-06-20 01:56:38.045196,57.29,waiting on customer
36ec8278-1e76-d515-e569-5e59fa0bc9fd,4323,plating,2026-06-20 01:56:38.045196,2026-06-20 20:21:17.894078,18.41,
ef1134c5-ff15-e7f6-1815-749013da374d,4323,on_press,2026-06-20 20:21:17.894078,2026-06-21 14:45:57.742960,18.41,
91fd6f97-fcfd-af31-d8c1-1b6f7fd7164e,4323,finishing,2026-06-21 14:45:57.742960,2026-06-22 09:10:37.591842,18.41,
e6f38cd1-55f4-d3ba-e813-d9f67076576b,4323,dispatched,2026-06-22 09:10:37.591842,2026-06-23 03:35:17.440724,18.41,
3be7127a-d5b5-71f2-ff1d-0a184fb2e9c4,4323,delivered,2026-06-23 03:35:17.440724,,,
ac0c0200-9bc2-f6df-cf1d-9fda3b1b3ca3,4324,received,2026-06-10 00:00:00,2026-06-10 03:44:16.474345,3.74,
916e0fb8-686c-b834-0625-ba2d961fef20,4324,prepress,2026-06-10 03:44:16.474345,2026-06-10 12:51:43.524038,9.12,
077fd8b6-4fe0-ff0f-0c21-c81676adce5c,4324,proofing,2026-06-10 12:51:43.524038,2026-06-10 21:59:10.573731,9.12,
c120997d-523e-8e15-1754-2db509248bac,4324,awaiting_approval,2026-06-10 21:59:10.573731,2026-06-12 09:21:09.953516,35.37,waiting on customer
2ab95fd7-addc-3e06-2834-be3991df8c6e,4324,plating,2026-06-12 09:21:09.953516,2026-06-12 18:28:37.003209,9.12,
7574dc1f-d3f4-3c87-6517-d778c433202e,4324,on_press,2026-06-12 18:28:37.003209,2026-06-13 03:36:04.052902,9.12,
7979a099-0cb2-72f3-805d-2c3486c9c4e6,4324,finishing,2026-06-13 03:36:04.052902,2026-06-13 12:43:31.102595,9.12,
431ed04f-9438-3f59-cf97-41741e5ebd08,4324,dispatched,2026-06-13 12:43:31.102595,2026-06-13 21:50:58.152288,9.12,
f12bde43-3d79-035d-cee6-0e32ed492ee4,4324,delivered,2026-06-13 21:50:58.152288,,,
af5c3bca-04ab-f1f2-d42a-c81b85d71d18,4325,received,2026-02-13 00:00:00,2026-02-13 01:19:34.397240,1.33,
6bdaee2b-a7f1-5e21-1542-ac440d18201a,4325,prepress,2026-02-13 01:19:34.397240,2026-02-13 08:33:30.799823,7.23,
cd7401bb-9367-da05-6bee-4705d7677b5b,4325,proofing,2026-02-13 08:33:30.799823,2026-02-13 15:47:27.202406,7.23,
109bbce9-f0a5-0a80-a7af-f3758673e5b1,4325,awaiting_approval,2026-02-13 15:47:27.202406,2026-02-15 09:49:31.032064,42.03,waiting on customer
37f53cbf-b6ed-8cc6-90b7-cea418e8fc1a,4325,plating,2026-02-15 09:49:31.032064,2026-02-15 17:03:27.434647,7.23,
e27a0924-d33c-81fe-bf04-92bf79c96ca8,4325,on_press,2026-02-15 17:03:27.434647,2026-02-16 00:17:23.837230,7.23,
f82adb3a-5ac8-f9f7-e4de-9fed1d13e37c,4325,finishing,2026-02-16 00:17:23.837230,2026-02-16 07:31:20.239813,7.23,
3fa0b09a-0cf1-3be4-6752-667015ee209e,4325,dispatched,2026-02-16 07:31:20.239813,2026-02-16 14:45:16.642396,7.23,
bbc89c33-b231-7073-05cc-fce2db9f0e1e,4325,delivered,2026-02-16 14:45:16.642396,,,
6a6c06dc-6b0f-b271-305a-33b7a0f5c829,4326,received,2026-05-12 00:00:00,2026-05-12 04:10:24.079675,4.17,
531c7fcd-7164-2ddb-46eb-87e219d9bdae,4326,prepress,2026-05-12 04:10:24.079675,2026-05-12 12:24:47.965964,8.24,
322e0746-16d2-1aab-d984-e9bcb0c3788f,4326,proofing,2026-05-12 12:24:47.965964,2026-05-12 20:39:11.852253,8.24,
cd35f352-fdbc-f068-88fa-6ffda7718b2e,4326,awaiting_approval,2026-05-12 20:39:11.852253,2026-05-14 05:50:37.899870,33.19,waiting on customer
87d27259-3d2b-bcf3-34fb-0b158a67ed60,4326,plating,2026-05-14 05:50:37.899870,2026-05-14 14:05:01.786159,8.24,
2c0cb858-b7f3-b0ae-667e-f3f6c9540824,4326,on_press,2026-05-14 14:05:01.786159,2026-05-14 22:19:25.672448,8.24,
c9111e1b-5e13-9357-6a0e-4023013ddcb1,4326,finishing,2026-05-14 22:19:25.672448,2026-05-15 06:33:49.558737,8.24,
a4c0f7af-b728-ec33-de5e-e746175c76b0,4326,dispatched,2026-05-15 06:33:49.558737,2026-05-15 14:48:13.445026,8.24,
e102d184-2f74-c05b-424e-faba21740cfa,4326,delivered,2026-05-15 14:48:13.445026,,,
ce5100d2-d315-3429-a6a7-e255779addd7,4327,received,2026-07-20 00:00:00,2026-07-20 04:34:05.785736,4.57,
131373a9-8275-4df9-d770-b49a07df6b18,4327,prepress,2026-07-20 04:34:05.785736,2026-07-20 21:58:01.342723,17.4,
cbec413b-878a-a7ba-8111-a295c0f62154,4327,proofing,2026-07-20 21:58:01.342723,2026-07-21 15:21:56.899710,17.4,
d54c98c2-e6e7-735b-02cf-8111dda51bbb,4327,awaiting_approval,2026-07-21 15:21:56.899710,2026-07-24 05:29:02.487387,62.12,waiting on customer
f3b3cc19-281b-06de-3779-efd87ab00e33,4327,plating,2026-07-24 05:29:02.487387,2026-07-24 22:52:58.044374,17.4,
e99743d7-b86c-1dfb-d961-38b51a9c6d63,4327,on_press,2026-07-24 22:52:58.044374,2026-07-25 16:16:53.601361,17.4,
b36b0f90-7520-feb8-7df7-210716a2b1a7,4327,finishing,2026-07-25 16:16:53.601361,2026-07-26 09:40:49.158348,17.4,
517b3569-f93e-a2d0-0334-6d932a7a2d9a,4327,dispatched,2026-07-26 09:40:49.158348,2026-07-27 03:04:44.715335,17.4,
23f4718c-8e1a-8924-10f4-c2e16c7e78f6,4327,delivered,2026-07-27 03:04:44.715335,,,
66000c3a-d863-0ad1-0237-97167f36e692,4328,received,2025-12-09 00:00:00,2025-12-09 04:24:58.422511,4.42,
2b2e2949-5bab-4a23-740c-d1f4dcd96155,4328,prepress,2025-12-09 04:24:58.422511,2025-12-09 20:22:29.446384,15.96,
f10d2061-7173-4b65-7896-5ca47c5aae2d,4328,proofing,2025-12-09 20:22:29.446384,2025-12-10 12:20:00.470257,15.96,
cc4ec600-ef86-56e0-5b7c-483fa116afc3,4328,awaiting_approval,2025-12-10 12:20:00.470257,2025-12-11 21:16:01.156559,32.93,waiting on customer
8c2b50ae-d31c-d046-f9e3-d4d93164c041,4328,plating,2025-12-11 21:16:01.156559,2025-12-12 13:13:32.180432,15.96,
1efac310-b21b-9c98-3d5b-284705b80d27,4328,on_press,2025-12-12 13:13:32.180432,2025-12-13 05:11:03.204305,15.96,
e6d1ab20-a173-1b03-30f3-5b9744050efe,4328,finishing,2025-12-13 05:11:03.204305,2025-12-13 21:08:34.228178,15.96,
5f1fd348-c3b5-80c2-24ab-be37a92185b0,4328,dispatched,2025-12-13 21:08:34.228178,2025-12-14 13:06:05.252051,15.96,
70ce48c4-85c5-b3c5-7640-295170489429,4328,delivered,2025-12-14 13:06:05.252051,,,
c5573260-f5e6-6912-acdb-f0cbdecbcab8,4329,received,2026-07-17 00:00:00,2026-07-17 03:25:04.748617,3.42,
df6f5e69-b9b2-716f-78a1-b86991d3c79d,4329,prepress,2026-07-17 03:25:04.748617,2026-07-17 14:44:34.652637,11.32,
4f16f6bd-c618-ed58-1bf5-e69e8aace7a5,4329,proofing,2026-07-17 14:44:34.652637,2026-07-18 02:04:04.556657,11.32,
1075d82f-ff78-a1c4-1629-d4eeff76d468,4329,awaiting_approval,2026-07-18 02:04:04.556657,2026-07-19 12:15:55.727406,34.2,waiting on customer
a3e58498-0fab-d310-672d-8836f7196e54,4329,plating,2026-07-19 12:15:55.727406,2026-07-19 23:35:25.631426,11.32,
6cb92399-8dc7-cf74-8909-13b72f4215a3,4329,on_press,2026-07-19 23:35:25.631426,2026-07-20 10:54:55.535446,11.32,
43d02804-336a-2c7e-1fc6-f2bae83f3bc0,4329,finishing,2026-07-20 10:54:55.535446,2026-07-20 22:14:25.439466,11.32,
bd16a1d8-373a-fe92-7408-4092ba9deb43,4329,dispatched,2026-07-20 22:14:25.439466,,,
ccbac305-d9c7-3b55-7751-55175dd085fc,4330,received,2026-01-21 00:00:00,2026-01-21 02:28:31.205403,2.48,
869cbd48-5929-2c93-7605-bdef7468875b,4330,prepress,2026-01-21 02:28:31.205403,2026-01-21 16:53:29.590605,14.42,
dffb09c8-074d-ccf5-f402-cd589f34ca5f,4330,proofing,2026-01-21 16:53:29.590605,2026-01-22 07:18:27.975807,14.42,
21860a63-52c4-069f-066d-1e329e81e28c,4330,awaiting_approval,2026-01-22 07:18:27.975807,2026-01-23 20:02:34.516005,36.74,waiting on customer
15288155-f2cc-900d-4b99-73b6c757def8,4330,plating,2026-01-23 20:02:34.516005,2026-01-24 10:27:32.901207,14.42,
e58ab693-a0cd-3425-c2d7-7aeb8487e3e1,4330,on_press,2026-01-24 10:27:32.901207,2026-01-25 00:52:31.286409,14.42,
b8d73ef3-10fb-bef6-5e0d-a1a93b6916ca,4330,finishing,2026-01-25 00:52:31.286409,2026-01-25 15:17:29.671611,14.42,
7ef46354-f09c-c077-ee7e-c3c3d1f02a4d,4330,dispatched,2026-01-25 15:17:29.671611,,,
ec57bc53-1edf-f581-278c-e190b53507ef,4331,received,2026-02-21 00:00:00,2026-02-21 02:28:00.624486,2.47,
2d9875db-eadc-139a-6df2-46ab3e30a643,4331,prepress,2026-02-21 02:28:00.624486,2026-02-21 23:51:16.050371,21.39,
1fad8d9f-5aab-c76a-e765-bfeb9bd193fd,4331,proofing,2026-02-21 23:51:16.050371,2026-02-22 21:14:31.476256,21.39,
7e175af9-4cf4-908d-bd09-5fc1ddd33921,4331,awaiting_approval,2026-02-22 21:14:31.476256,2026-03-01 20:33:56.678884,167.32,waiting on customer
d21f8b5d-059f-a5d7-28df-14c7e1e2db00,4331,plating,2026-03-01 20:33:56.678884,2026-03-02 17:57:12.104769,21.39,
3b661767-9cb4-58e2-e9b2-d70ee41e157c,4331,on_press,2026-03-02 17:57:12.104769,2026-03-03 15:20:27.530654,21.39,
46c2307d-39b1-5cab-2673-39f924809cf6,4331,finishing,2026-03-03 15:20:27.530654,2026-03-04 12:43:42.956539,21.39,
b22aecfd-3379-f2ae-e51c-ea75dfa9fc00,4331,dispatched,2026-03-04 12:43:42.956539,,,
7a396166-1700-30a8-1f02-5d418403351d,4332,received,2026-03-29 00:00:00,2026-03-29 03:53:23.988639,3.89,
afff85af-a274-7904-b6df-157dae4992fa,4332,prepress,2026-03-29 03:53:23.988639,2026-03-29 16:06:13.481661,12.21,
f446a5f3-8b91-7e08-472b-fd04d0a82a42,4332,proofing,2026-03-29 16:06:13.481661,2026-03-30 04:19:02.974683,12.21,
be9a651d-f5f5-ed88-a042-042b66364081,4332,awaiting_approval,2026-03-30 04:19:02.974683,2026-04-02 16:38:41.150116,84.33,waiting on customer
5fe76ace-c7b1-ac28-b11c-9ccfacb6eff1,4332,plating,2026-04-02 16:38:41.150116,2026-04-03 04:51:30.643138,12.21,
c3049d05-d03c-217d-d8a0-a901d437665f,4332,on_press,2026-04-03 04:51:30.643138,2026-04-03 17:04:20.136160,12.21,
81172a49-f81a-32dd-779a-f00cf76e7a09,4332,finishing,2026-04-03 17:04:20.136160,2026-04-04 05:17:09.629182,12.21,
80f63840-b622-8f73-2373-71ae26bfd1e5,4332,dispatched,2026-04-04 05:17:09.629182,2026-04-04 17:29:59.122204,12.21,
e397d2b3-6b86-411e-9ce0-aaaef0d40786,4332,delivered,2026-04-04 17:29:59.122204,,,
e869ff6d-1cbd-ee00-2d4b-8ff54745ecd2,4333,received,2026-07-01 00:00:00,2026-07-01 02:27:07.625832,2.45,
e0e7857e-774d-92f2-49cd-1bc42ed06bd8,4333,prepress,2026-07-01 02:27:07.625832,2026-07-01 17:13:03.102856,14.77,
0dce9605-638c-55b8-a45e-ab45866084ad,4333,proofing,2026-07-01 17:13:03.102856,2026-07-02 07:58:58.579880,14.77,
0a096e3a-8a9c-4e57-fdbb-2ec7c225743a,4333,awaiting_approval,2026-07-02 07:58:58.579880,2026-07-05 04:25:08.177628,68.44,waiting on customer
3c312b75-6d6f-c178-d70c-cc2b3dd0f6c7,4333,plating,2026-07-05 04:25:08.177628,2026-07-05 19:11:03.654652,14.77,
8ae4bda3-5930-6ed8-0f22-8eb8277c00ad,4333,on_press,2026-07-05 19:11:03.654652,2026-07-06 09:56:59.131676,14.77,
d5b91c7c-bed1-13c7-b5f4-d0b0b8554807,4333,finishing,2026-07-06 09:56:59.131676,2026-07-07 00:42:54.608700,14.77,
c82269b2-240a-21dd-7189-49afb735fcb3,4333,dispatched,2026-07-07 00:42:54.608700,2026-07-07 15:28:50.085724,14.77,
a105c266-26e7-73f3-41dc-dc62a39dc437,4333,delivered,2026-07-07 15:28:50.085724,,,
9c45f55f-6353-5734-320a-13212d2537ef,4334,received,2026-01-03 00:00:00,2026-01-03 02:58:58.200789,2.98,
bf134a6d-e519-5b63-f9ae-61cbaeb98539,4334,prepress,2026-01-03 02:58:58.200789,2026-01-03 16:12:29.004451,13.23,
a1da074d-fe1c-1be1-8d6b-11a9c9daa705,4334,proofing,2026-01-03 16:12:29.004451,2026-01-04 05:25:59.808113,13.23,
2bb039ad-0e0b-ee60-8d24-752373d88632,4334,awaiting_approval,2026-01-04 05:25:59.808113,2026-01-09 00:36:03.818402,115.17,waiting on customer
1f9abaa4-a46a-755d-4186-fcf329efa5b9,4334,plating,2026-01-09 00:36:03.818402,2026-01-09 13:49:34.622064,13.23,
7de3692c-1990-615c-7c71-590c37e232c9,4334,on_press,2026-01-09 13:49:34.622064,2026-01-10 03:03:05.425726,13.23,
ab7d4698-27b1-859b-45ca-89a4c6bbbf4f,4334,finishing,2026-01-10 03:03:05.425726,2026-01-10 16:16:36.229388,13.23,
ca97fd53-6f0b-472e-e9ed-85e8e66d8cb3,4334,dispatched,2026-01-10 16:16:36.229388,,,
11ffdbae-2570-2fc6-984e-f5e722fa4b1e,4335,received,2026-02-02 00:00:00,2026-02-02 04:13:41.187721,4.23,
e7eb6776-31d0-cc9c-d1cc-34eaad1a8741,4335,prepress,2026-02-02 04:13:41.187721,2026-02-02 18:33:51.282785,14.34,
b3898bbf-ccb1-9166-f0c2-e6a6b1fc4a1f,4335,proofing,2026-02-02 18:33:51.282785,2026-02-03 08:54:01.377849,14.34,
1c5d09f6-dd76-6607-fd60-8ae8fa03efb6,4335,awaiting_approval,2026-02-03 08:54:01.377849,2026-02-07 00:34:27.417033,87.67,waiting on customer
b23ee4e0-d12d-72eb-da2a-9b1063e64f55,4335,plating,2026-02-07 00:34:27.417033,2026-02-07 14:54:37.512097,14.34,
d3c516e7-5903-a608-22fa-bf2d2790cf51,4335,on_press,2026-02-07 14:54:37.512097,2026-02-08 05:14:47.607161,14.34,
5f0224f1-7d46-92a5-9881-8c8aac7e91da,4335,finishing,2026-02-08 05:14:47.607161,2026-02-08 19:34:57.702225,14.34,
79bf4264-df03-27b3-44fb-3c1d11e5d72d,4335,dispatched,2026-02-08 19:34:57.702225,2026-02-09 09:55:07.797289,14.34,
cc106dd7-a421-0d47-ece5-68f13e4d1640,4335,delivered,2026-02-09 09:55:07.797289,,,
fc6902ea-bf79-4182-25ce-46713f50f749,4336,received,2026-01-14 00:00:00,2026-01-14 02:54:41.392612,2.91,
1e708f01-a832-6b8f-9323-c48b9688b8b2,4336,prepress,2026-01-14 02:54:41.392612,2026-01-14 10:23:30.668411,7.48,
4994e2ce-64c3-3f5d-5642-3de9d9afed03,4336,proofing,2026-01-14 10:23:30.668411,2026-01-14 17:52:19.944210,7.48,
ad170d1e-1fde-f792-b496-8ff6cf1ed8e7,4336,awaiting_approval,2026-01-14 17:52:19.944210,2026-01-16 07:58:32.778563,38.1,waiting on customer
fabe1e24-7ea2-1ad9-2717-92ce42b8a49f,4336,plating,2026-01-16 07:58:32.778563,2026-01-16 15:27:22.054362,7.48,
f3e8b6f2-ba54-d3dc-e5a4-8a2c72a8d8c1,4336,on_press,2026-01-16 15:27:22.054362,2026-01-16 22:56:11.330161,7.48,
e40cc75a-097b-3fb6-61d4-43244c8edbb4,4336,finishing,2026-01-16 22:56:11.330161,2026-01-17 06:25:00.605960,7.48,
3d606541-02d3-6614-a48c-1ac031e47261,4336,dispatched,2026-01-17 06:25:00.605960,2026-01-17 13:53:49.881759,7.48,
6adaad12-245a-1455-2282-5e094ee7a05c,4336,delivered,2026-01-17 13:53:49.881759,,,
2b3ae9d8-97b1-e054-ae3c-c5c266ce6fe6,4337,received,2026-01-01 00:00:00,2026-01-01 04:58:08.424609,4.97,
36e64ec9-cc7b-176a-28b8-6e828e3e6a47,4337,prepress,2026-01-01 04:58:08.424609,2026-01-01 17:48:29.894852,12.84,
d9bb6f71-36d7-085e-b7de-7aa6f972902b,4337,proofing,2026-01-01 17:48:29.894852,2026-01-02 06:38:51.365095,12.84,
fbb58514-2572-2a70-5205-a694d934297b,4337,awaiting_approval,2026-01-02 06:38:51.365095,2026-01-03 19:01:41.988602,36.38,waiting on customer
d68beacb-381a-0cdd-4baf-3e538935ea2b,4337,plating,2026-01-03 19:01:41.988602,2026-01-04 07:52:03.458845,12.84,
b24223be-8bc7-3b39-371d-be04afca548d,4337,on_press,2026-01-04 07:52:03.458845,2026-01-04 20:42:24.929088,12.84,
946fa7bc-2b0c-3cac-a273-3d3a069af4f8,4337,finishing,2026-01-04 20:42:24.929088,2026-01-05 09:32:46.399331,12.84,
5ba6bf75-ed5e-91e1-2bb3-fd6f36bab2c0,4337,dispatched,2026-01-05 09:32:46.399331,2026-01-05 22:23:07.869574,12.84,
b49f2664-fc14-8a8e-bbbd-f9468d7571e8,4337,delivered,2026-01-05 22:23:07.869574,,,
4cc794bf-cd99-b351-ec0e-c4c417f0c08d,4338,received,2026-06-01 00:00:00,2026-06-01 04:08:05.978495,4.13,
0249264b-1596-da36-092a-0019f4152ade,4338,prepress,2026-06-01 04:08:05.978495,2026-06-01 16:34:40.721753,12.44,
374c3d31-5a6f-7d65-34fb-3abf632b09ab,4338,proofing,2026-06-01 16:34:40.721753,2026-06-02 05:01:15.465011,12.44,
c66f7d09-402a-1ea6-b05a-f685874c7878,4338,awaiting_approval,2026-06-02 05:01:15.465011,2026-06-04 08:03:13.827855,51.03,waiting on customer
5e3480f8-cd01-82de-8421-1e94f513498c,4338,plating,2026-06-04 08:03:13.827855,2026-06-04 20:29:48.571113,12.44,
02d70cc2-794c-1fab-3422-3bfac8e87c2d,4338,on_press,2026-06-04 20:29:48.571113,2026-06-05 08:56:23.314371,12.44,
fd91e0ee-d8f0-164c-69d7-7a2fc8e66172,4338,finishing,2026-06-05 08:56:23.314371,2026-06-05 21:22:58.057629,12.44,
da011356-9c4a-681b-7ac6-9d7ab84a902d,4338,dispatched,2026-06-05 21:22:58.057629,2026-06-06 09:49:32.800887,12.44,
4194673b-8ed0-7c6d-5b99-bf9c368d4d93,4338,delivered,2026-06-06 09:49:32.800887,,,
f389c748-ebc0-61a3-1719-650b64cd4bbf,4339,received,2026-06-20 00:00:00,2026-06-20 03:46:15.971408,3.77,
07321eda-6720-c226-bf72-b1c7f583130a,4339,prepress,2026-06-20 03:46:15.971408,2026-06-20 15:19:32.652314,11.55,
b9d289a2-b645-840b-e84e-7faa932127e5,4339,proofing,2026-06-20 15:19:32.652314,2026-06-21 02:52:49.333220,11.55,
a8053dfd-df26-85c0-d212-023ec61fd2f1,4339,awaiting_approval,2026-06-21 02:52:49.333220,2026-06-25 10:59:55.050844,104.12,waiting on customer
b5b1cf32-53da-230e-58d5-05ed4909996e,4339,plating,2026-06-25 10:59:55.050844,2026-06-25 22:33:11.731750,11.55,
973167fc-e9f5-1ece-81c5-e3820bf03f3d,4339,on_press,2026-06-25 22:33:11.731750,2026-06-26 10:06:28.412656,11.55,
b98aaf16-89a4-83af-c15c-93c0e02547b5,4339,finishing,2026-06-26 10:06:28.412656,2026-06-26 21:39:45.093562,11.55,
f649875b-e48d-ab1a-118d-0fd7284fec25,4339,dispatched,2026-06-26 21:39:45.093562,2026-06-27 09:13:01.774468,11.55,
f59847ca-7dc4-7104-96b6-9a21ee7819e1,4339,delivered,2026-06-27 09:13:01.774468,,,
b7c8665d-fb79-74dc-f2cc-83fae4a774e5,4340,received,2025-12-07 00:00:00,2025-12-07 01:56:51.928903,1.95,
62fec672-92e6-23bc-1132-3ae5d3a4a0e4,4340,prepress,2025-12-07 01:56:51.928903,2025-12-07 18:21:08.593659,16.4,
821e919a-b5c1-0f0d-dd6f-00b5d0e2a1f9,4340,proofing,2025-12-07 18:21:08.593659,2025-12-08 10:45:25.258415,16.4,
14b8c11c-ad3a-37b8-96dd-238227077d28,4340,awaiting_approval,2025-12-08 10:45:25.258415,2025-12-12 00:21:58.734367,85.61,waiting on customer
4f3a99a1-b11e-08cf-4ac6-6281d82380dd,4340,plating,2025-12-12 00:21:58.734367,2025-12-12 16:46:15.399123,16.4,
a7eebb22-19c5-8858-804c-07046d00199d,4340,on_press,2025-12-12 16:46:15.399123,2025-12-13 09:10:32.063879,16.4,
7d3d970d-cc00-3242-a8a8-8eb4b430dfdc,4340,finishing,2025-12-13 09:10:32.063879,2025-12-14 01:34:48.728635,16.4,
df7244ff-b1c2-fab0-43e2-7e17c70e3742,4340,dispatched,2025-12-14 01:34:48.728635,2025-12-14 17:59:05.393391,16.4,
4448d9e2-724e-f095-9ec5-d5afd7940c42,4340,delivered,2025-12-14 17:59:05.393391,,,
bf5529fd-f086-0496-e380-fe3a51c703f7,4341,received,2026-06-12 00:00:00,2026-06-12 02:50:40.249582,2.84,
474f1ed4-0d4f-46e2-33a2-0182089582ba,4341,prepress,2026-06-12 02:50:40.249582,2026-06-12 14:19:12.078646,11.48,
849294ce-6bab-e475-85f7-3a2160c41c65,4341,proofing,2026-06-12 14:19:12.078646,2026-06-13 01:47:43.907710,11.48,
9f86c265-946a-1e06-1931-5e43dad3d93a,4341,awaiting_approval,2026-06-13 01:47:43.907710,2026-06-14 20:29:37.338312,42.7,waiting on customer
74744c74-eec0-6eb8-68dd-c06c644e1efc,4341,plating,2026-06-14 20:29:37.338312,2026-06-15 07:58:09.167376,11.48,
814e01ed-62cd-0655-5879-eaa62f333f48,4341,on_press,2026-06-15 07:58:09.167376,2026-06-15 19:26:40.996440,11.48,
07bd1c98-67f4-b314-34d0-5cfd0d2cbfd7,4341,finishing,2026-06-15 19:26:40.996440,2026-06-16 06:55:12.825504,11.48,
8cce1519-f6fb-c26b-24cb-a682e1ea3949,4341,dispatched,2026-06-16 06:55:12.825504,,,
a681430b-e6e3-5546-a9a5-d237b5ccba32,4342,received,2026-03-15 00:00:00,2026-03-15 02:35:18.987334,2.59,
2ff82870-3edd-63e2-e8fb-a0888489ffd6,4342,prepress,2026-03-15 02:35:18.987334,2026-03-15 14:33:03.274169,11.96,
a898451a-f002-f799-7f9b-e1dce8892bdc,4342,proofing,2026-03-15 14:33:03.274169,2026-03-16 02:30:47.561004,11.96,
a2dd5d6c-9842-a35c-2b1c-fbc1a660253b,4342,awaiting_approval,2026-03-16 02:30:47.561004,2026-03-17 05:48:46.962546,27.3,waiting on customer
9ccf3f5e-c439-d303-ee86-98d3d77fdf51,4342,plating,2026-03-17 05:48:46.962546,2026-03-17 17:46:31.249381,11.96,
2869c058-e255-cf53-32a0-2edb71a13521,4342,on_press,2026-03-17 17:46:31.249381,2026-03-18 05:44:15.536216,11.96,
fb9de4b4-ac99-f6d8-b8bd-7b812df56b3e,4342,finishing,2026-03-18 05:44:15.536216,2026-03-18 17:41:59.823051,11.96,
96a52a07-025b-7dea-fea5-9d7d80144cb8,4342,dispatched,2026-03-18 17:41:59.823051,,,
9cba9aee-39f9-a755-5843-dc06570ab0fe,4343,received,2026-01-18 00:00:00,2026-01-18 04:58:27.270985,4.97,
314cf1a2-be04-964f-1d35-6b548bf01760,4343,prepress,2026-01-18 04:58:27.270985,2026-01-18 20:52:46.685149,15.91,
403a3068-7da6-7c1a-da24-33e484a49349,4343,proofing,2026-01-18 20:52:46.685149,2026-01-19 12:47:06.099313,15.91,
abe0a477-65fa-8c88-5b52-4a20d16a789f,4343,awaiting_approval,2026-01-19 12:47:06.099313,2026-01-20 17:04:22.762017,28.29,waiting on customer
70c6a55b-8971-d686-1b57-18f40d83abe3,4343,plating,2026-01-20 17:04:22.762017,2026-01-21 08:58:42.176181,15.91,
89dcd38d-9171-db00-283c-77e591e27ae1,4343,on_press,2026-01-21 08:58:42.176181,2026-01-22 00:53:01.590345,15.91,
16e50475-e132-1eee-99e4-09948c3140b8,4343,finishing,2026-01-22 00:53:01.590345,2026-01-22 16:47:21.004509,15.91,
98748909-26fc-2f34-97ff-af2fefa7338c,4343,dispatched,2026-01-22 16:47:21.004509,,,
637054ba-40ab-209d-6a78-70baa6369827,4344,received,2026-07-31 00:00:00,2026-07-31 01:46:33.235861,1.78,
29569f9a-924e-7cd6-47e0-6ade3a402d92,4344,prepress,2026-07-31 01:46:33.235861,2026-07-31 11:55:12.288485,10.14,
f5946065-8448-2fd5-aec6-5fc94a7999ec,4344,proofing,2026-07-31 11:55:12.288485,2026-07-31 22:03:51.341109,10.14,
59e4b550-38ec-7b06-4058-bc625bbcd55d,4344,awaiting_approval,2026-07-31 22:03:51.341109,2026-08-03 10:38:38.176393,60.58,waiting on customer
aad2bca7-eb77-1cc7-d856-aadd86e8ba4a,4344,plating,2026-08-03 10:38:38.176393,2026-08-03 20:47:17.229017,10.14,
382717fd-58ee-45a6-a446-e1c31ac720a8,4344,on_press,2026-08-03 20:47:17.229017,2026-08-04 06:55:56.281641,10.14,
fdca141d-4da1-9193-d878-a504e6492adf,4344,finishing,2026-08-04 06:55:56.281641,2026-08-04 17:04:35.334265,10.14,
63addbd8-cb68-0ce2-abb7-bbfd736675f4,4344,dispatched,2026-08-04 17:04:35.334265,2026-08-05 03:13:14.386889,10.14,
0560288a-ba07-edc2-0e80-bf5682d4e4d2,4344,delivered,2026-08-05 03:13:14.386889,,,
c4a2830a-81f1-672a-6d90-bac9fc61f0fc,4345,received,2026-03-13 00:00:00,2026-03-13 02:35:46.412271,2.6,
8ac96e8e-db4f-09f8-446c-35070950b339,4345,prepress,2026-03-13 02:35:46.412271,2026-03-13 18:29:30.826480,15.9,
056a0828-88f2-6de8-c421-9f7b223851b3,4345,proofing,2026-03-13 18:29:30.826480,2026-03-14 10:23:15.240689,15.9,
1fa12dcd-ccb0-2d66-d0ce-566d737e97a9,4345,awaiting_approval,2026-03-14 10:23:15.240689,2026-03-20 14:11:01.386393,147.8,waiting on customer
66684d3d-527b-c09e-1bed-efa19e711e4e,4345,plating,2026-03-20 14:11:01.386393,2026-03-21 06:04:45.800602,15.9,
11b84587-8492-6559-bd0f-b73ed04821db,4345,on_press,2026-03-21 06:04:45.800602,2026-03-21 21:58:30.214811,15.9,
7d0b31b6-fe43-1114-941b-46c8f7ce193d,4345,finishing,2026-03-21 21:58:30.214811,2026-03-22 13:52:14.629020,15.9,
34db1257-0ec4-cf08-480b-eadac4f4b392,4345,dispatched,2026-03-22 13:52:14.629020,2026-03-23 05:45:59.043229,15.9,
4092593c-cb5d-e62b-2b47-c4808fdacc86,4345,delivered,2026-03-23 05:45:59.043229,,,
593252a5-002c-d479-4a39-3421294b8fe5,4346,received,2026-06-18 00:00:00,2026-06-18 02:39:49.315542,2.66,
c755460d-b9ab-7c96-7a00-68491247929b,4346,prepress,2026-06-18 02:39:49.315542,2026-06-18 20:11:27.981915,17.53,
f30c5abf-1c19-711a-228f-842e58afbd88,4346,proofing,2026-06-18 20:11:27.981915,2026-06-19 13:43:06.648288,17.53,
50cb5bb0-4bf6-53d3-266d-3991e7a3aa6e,4346,awaiting_approval,2026-06-19 13:43:06.648288,2026-06-20 23:50:35.384681,34.12,waiting on customer
362265f1-21f2-b63b-3a6f-fd25de779a25,4346,plating,2026-06-20 23:50:35.384681,2026-06-21 17:22:14.051054,17.53,
da7c87d0-7c24-1c76-b1f1-efb1f36b9c3c,4346,on_press,2026-06-21 17:22:14.051054,2026-06-22 10:53:52.717427,17.53,
82766ff4-1cff-6dea-1af0-b2642cdc0565,4346,finishing,2026-06-22 10:53:52.717427,2026-06-23 04:25:31.383800,17.53,
80753030-c57b-0c8a-90c5-0c637aa4e58d,4346,dispatched,2026-06-23 04:25:31.383800,,,
31eef103-05c1-4bfa-be33-212a7e7c025a,4347,received,2026-07-22 00:00:00,2026-07-22 03:34:47.019780,3.58,
5e426422-2b32-8174-5811-49f68fa61edc,4347,prepress,2026-07-22 03:34:47.019780,2026-07-22 20:31:22.541516,16.94,
51f63f1f-014f-ddb6-18fb-d80a7b77df40,4347,proofing,2026-07-22 20:31:22.541516,2026-07-23 13:27:58.063252,16.94,
ea2a3282-8a60-d045-c90b-a6954b6acd91,4347,awaiting_approval,2026-07-23 13:27:58.063252,2026-07-28 19:25:25.962564,125.96,waiting on customer
a38686de-52cb-6cd2-0bbf-b629586ce61b,4347,plating,2026-07-28 19:25:25.962564,2026-07-29 12:22:01.484300,16.94,
1e9d5b00-f7ee-f5ac-7553-f2519d8d85df,4347,on_press,2026-07-29 12:22:01.484300,2026-07-30 05:18:37.006036,16.94,
8760f7c2-80ef-8f19-5510-66ee1796506f,4347,finishing,2026-07-30 05:18:37.006036,2026-07-30 22:15:12.527772,16.94,
65b98e80-5c5e-1330-b21e-7ebd79b5c588,4347,dispatched,2026-07-30 22:15:12.527772,2026-07-31 15:11:48.049508,16.94,
4348bed6-4846-f3ed-c90f-947bed81506c,4347,delivered,2026-07-31 15:11:48.049508,,,
9b804da6-75df-4a3d-7c9e-b8fa299881ee,4348,received,2026-02-08 00:00:00,2026-02-08 01:05:25.478488,1.09,
1510eacd-08bf-9ed9-8cb2-cfb9d8a47fb1,4348,prepress,2026-02-08 01:05:25.478488,2026-02-08 17:28:31.755598,16.39,
4256eecc-56f3-1cf1-3d67-7f959d42e25d,4348,proofing,2026-02-08 17:28:31.755598,2026-02-09 09:51:38.032708,16.39,
64e9bc44-01a4-08c7-8ee1-15adc9fba012,4348,awaiting_approval,2026-02-09 09:51:38.032708,2026-02-15 02:05:52.420055,136.24,waiting on customer
2d26bbda-cfcf-5f3e-6479-6c3966c89d64,4348,plating,2026-02-15 02:05:52.420055,2026-02-15 18:28:58.697165,16.39,
1a67c0f0-0164-38b9-b48a-c9716cf21c71,4348,on_press,2026-02-15 18:28:58.697165,2026-02-16 10:52:04.974275,16.39,
97128ac7-56ca-d636-ff43-b49d9dca1ad2,4348,finishing,2026-02-16 10:52:04.974275,2026-02-17 03:15:11.251385,16.39,
0e02c23f-8f9c-1be0-9f7e-0d4f84ded686,4348,dispatched,2026-02-17 03:15:11.251385,2026-02-17 19:38:17.528495,16.39,
e339c3da-1411-112b-bd53-18290d1a2353,4348,delivered,2026-02-17 19:38:17.528495,,,
d82f466e-ef90-2216-0243-d69289388724,4349,received,2026-03-06 00:00:00,2026-03-06 01:16:58.041649,1.28,
4cde4f8a-0685-48d8-d7b0-ba941d23b102,4349,prepress,2026-03-06 01:16:58.041649,2026-03-06 07:09:58.333617,5.88,
637d29b5-b385-4c66-80e5-049b8d768d1c,4349,proofing,2026-03-06 07:09:58.333617,2026-03-06 13:02:58.625585,5.88,
50b52f60-d5d1-a922-a972-4028a3dc166a,4349,awaiting_approval,2026-03-06 13:02:58.625585,2026-03-07 20:13:39.877954,31.18,waiting on customer
3d4db0e1-3653-1a07-e509-8202e8ff7975,4349,plating,2026-03-07 20:13:39.877954,2026-03-08 02:06:40.169922,5.88,
f020f466-6ef7-860d-6c90-ee0d269a91b3,4349,on_press,2026-03-08 02:06:40.169922,2026-03-08 07:59:40.461890,5.88,
035b2d7a-6600-50ce-6f32-c1ed894bad69,4349,finishing,2026-03-08 07:59:40.461890,2026-03-08 13:52:40.753858,5.88,
f7447edc-63d5-38d1-e20f-455f41c840eb,4349,dispatched,2026-03-08 13:52:40.753858,2026-03-08 19:45:41.045826,5.88,
0df44fc5-acbf-ec59-a3ec-3d51a4915605,4349,delivered,2026-03-08 19:45:41.045826,,,
e1805914-4ea7-ded1-be16-aec2ebe5b85f,4350,received,2025-12-11 00:00:00,2025-12-11 04:23:04.482455,4.38,
489e4959-d2f1-8b3a-cdb3-80b0c6cd4d9c,4350,prepress,2025-12-11 04:23:04.482455,2025-12-11 16:53:50.400219,12.51,
42bd6a2c-2c1c-1e4e-eef7-3a91ffcd2b61,4350,proofing,2025-12-11 16:53:50.400219,2025-12-12 05:24:36.317983,12.51,
de8d92fe-9b95-83c4-edf9-b6d4daa5c014,4350,awaiting_approval,2025-12-12 05:24:36.317983,2025-12-13 19:22:44.139712,37.97,waiting on customer
09c3d869-0b5a-69f8-fb8c-553e2a73d7db,4350,plating,2025-12-13 19:22:44.139712,2025-12-14 07:53:30.057476,12.51,
8ae77ba0-0a80-7f02-ffa8-74e9b9aa0ca6,4350,on_press,2025-12-14 07:53:30.057476,2025-12-14 20:24:15.975240,12.51,
09a3db0e-f9b2-cc8d-f77a-cdaeded16c4a,4350,finishing,2025-12-14 20:24:15.975240,2025-12-15 08:55:01.893004,12.51,
8b53f7a8-09b9-1019-6b7d-df085b963ea9,4350,dispatched,2025-12-15 08:55:01.893004,,,
a1e7dd26-65c1-4fa7-bb98-9920960fd46b,4351,received,2025-12-30 00:00:00,2025-12-30 02:54:22.127696,2.91,
2d412074-0a6e-e30a-986d-49449efcd452,4351,prepress,2025-12-30 02:54:22.127696,2025-12-30 17:12:51.179424,14.31,
38f88686-3c78-d942-56a3-5461d423edb3,4351,proofing,2025-12-30 17:12:51.179424,2025-12-31 07:31:20.231152,14.31,
cdba29c2-a87d-58fa-93b6-daf1476da550,4351,awaiting_approval,2025-12-31 07:31:20.231152,2026-01-01 13:58:18.164390,30.45,waiting on customer
aa3a09d7-2282-11e7-1466-18414cc1e2c2,4351,plating,2026-01-01 13:58:18.164390,2026-01-02 04:16:47.216118,14.31,
0cc7ef1a-f824-a21b-36de-fd7e067aca30,4351,on_press,2026-01-02 04:16:47.216118,2026-01-02 18:35:16.267846,14.31,
c8efd5d3-0c29-9825-2516-e76b8f96d5bb,4351,finishing,2026-01-02 18:35:16.267846,2026-01-03 08:53:45.319574,14.31,
d54924b9-252e-da89-d225-1679adb10b54,4351,dispatched,2026-01-03 08:53:45.319574,2026-01-03 23:12:14.371302,14.31,
a4066fcf-4f3f-6a75-74cb-dcb19d66ebe2,4351,delivered,2026-01-03 23:12:14.371302,,,
edad6439-0446-c879-98fd-d8ecbd7dae35,4352,received,2026-01-18 00:00:00,2026-01-18 01:38:17.896016,1.64,
81c2c90d-5060-e4bf-18d7-ce3ede2066e5,4352,prepress,2026-01-18 01:38:17.896016,2026-01-18 17:19:52.186443,15.69,
25829d28-8f4f-09b0-fbda-02f9b6aee051,4352,proofing,2026-01-18 17:19:52.186443,2026-01-19 09:01:26.476870,15.69,
10428233-6cbd-5104-2ba0-876cdc5eb388,4352,awaiting_approval,2026-01-19 09:01:26.476870,2026-01-21 06:29:57.138483,45.48,waiting on customer
9bfbbe19-4b63-e30e-08f7-fc9fa97106f0,4352,plating,2026-01-21 06:29:57.138483,2026-01-21 22:11:31.428910,15.69,
e5546002-c25d-8469-e80f-f39300efc0cf,4352,on_press,2026-01-21 22:11:31.428910,2026-01-22 13:53:05.719337,15.69,
110222fc-7bff-53ea-e3fe-594cc7cb002a,4352,finishing,2026-01-22 13:53:05.719337,2026-01-23 05:34:40.009764,15.69,
8c54f975-d34e-a751-4ab1-2f87a74117db,4352,dispatched,2026-01-23 05:34:40.009764,,,
4fd0b6de-bbe5-466b-1ca7-1c7b903fce4c,4353,received,2026-01-19 00:00:00,2026-01-19 04:35:59.691571,4.6,
b36c7048-9a04-19bf-8bc1-3d4e8d9c30a4,4353,prepress,2026-01-19 04:35:59.691571,2026-01-19 19:10:33.758718,14.58,
a5391a38-9378-cd48-3dfd-73c98f4fbc79,4353,proofing,2026-01-19 19:10:33.758718,2026-01-20 09:45:07.825865,14.58,
cc77035a-0bf7-24d4-bff6-7eb6b4e6252a,4353,awaiting_approval,2026-01-20 09:45:07.825865,2026-01-25 07:38:49.241854,117.89,waiting on customer
46c89a47-6de9-970d-c6d8-ffd74c352fa5,4353,plating,2026-01-25 07:38:49.241854,2026-01-25 22:13:23.309001,14.58,
ade1993e-dfdc-aa33-c953-d947abd30460,4353,on_press,2026-01-25 22:13:23.309001,2026-01-26 12:47:57.376148,14.58,
e6ed0b9b-70a0-06a4-a569-3f1db331fe93,4353,finishing,2026-01-26 12:47:57.376148,2026-01-27 03:22:31.443295,14.58,
47af9a4e-2151-41e6-6b1d-c914efa5a75c,4353,dispatched,2026-01-27 03:22:31.443295,2026-01-27 17:57:05.510442,14.58,
3a53c2dd-bbdf-07c1-1218-524aaebd1edf,4353,delivered,2026-01-27 17:57:05.510442,,,
979a0655-9c92-95d0-84b4-1cf086c9982e,4354,received,2025-12-02 00:00:00,2025-12-02 03:18:59.431028,3.32,
2aea1ac9-2fc9-f512-d104-d79e256e6165,4354,prepress,2025-12-02 03:18:59.431028,2025-12-02 13:31:43.287323,10.21,
e41b11c4-f306-2c85-5dad-46222f883423,4354,proofing,2025-12-02 13:31:43.287323,2025-12-02 23:44:27.143618,10.21,
898fa7da-e9bf-06af-1b4f-11886616fa64,4354,awaiting_approval,2025-12-02 23:44:27.143618,2025-12-05 07:43:42.424046,55.99,waiting on customer
3bcc3161-efaf-b5b3-f647-959d63f51c8f,4354,plating,2025-12-05 07:43:42.424046,2025-12-05 17:56:26.280341,10.21,
06cb956d-efcb-2710-74cb-b8e181f9dfd0,4354,on_press,2025-12-05 17:56:26.280341,2025-12-06 04:09:10.136636,10.21,
01ad8006-77c3-b54d-0f2c-fec70cdbeddf,4354,finishing,2025-12-06 04:09:10.136636,2025-12-06 14:21:53.992931,10.21,
91905db3-4d6e-cd13-0f31-0d34e9931631,4354,dispatched,2025-12-06 14:21:53.992931,,,
a0182b35-90c0-9e5f-12b5-ce1422f10f43,4355,received,2026-03-19 00:00:00,2026-03-19 02:54:14.052862,2.9,
d3110922-be93-2842-f721-4ac7420f9544,4355,prepress,2026-03-19 02:54:14.052862,2026-03-19 23:30:55.357253,20.61,
b2b510cc-a998-bffa-292f-2b3c6b1626fe,4355,proofing,2026-03-19 23:30:55.357253,2026-03-20 20:07:36.661644,20.61,
6bef1a5c-31a8-820f-b9c1-9bca45213a86,4355,awaiting_approval,2026-03-20 20:07:36.661644,2026-03-21 22:55:25.877881,26.8,waiting on customer
01a6c0fd-048b-870c-f32b-efac49f4ea6c,4355,plating,2026-03-21 22:55:25.877881,2026-03-22 19:32:07.182272,20.61,
47008c75-4130-3136-93df-8be7c236836b,4355,on_press,2026-03-22 19:32:07.182272,2026-03-23 16:08:48.486663,20.61,
2657ebdc-05e7-dbe1-a62b-0412cbabd224,4355,finishing,2026-03-23 16:08:48.486663,2026-03-24 12:45:29.791054,20.61,
920a4534-af41-c129-893c-57223ea8b8da,4355,dispatched,2026-03-24 12:45:29.791054,,,
156b24d3-80a3-a01a-8f01-91ca70701dda,4356,received,2026-07-28 00:00:00,2026-07-28 04:41:54.260189,4.7,
7acadf5f-9a0b-2ace-173c-2445fb864c0f,4356,prepress,2026-07-28 04:41:54.260189,2026-07-28 23:13:56.246453,18.53,
501d0906-c6ac-a9a2-d2a3-0326bcb8a3a9,4356,proofing,2026-07-28 23:13:56.246453,2026-07-29 17:45:58.232717,18.53,
ef6b539d-89c9-d72f-7fe1-875bbb8ef50c,4356,awaiting_approval,2026-07-29 17:45:58.232717,2026-07-31 16:10:37.241496,46.41,waiting on customer
4b73de9e-07bd-c7f6-308b-94a7bf5e5395,4356,plating,2026-07-31 16:10:37.241496,2026-08-01 10:42:39.227760,18.53,
3e3b399a-499b-497f-6ca8-b99138fd0bce,4356,on_press,2026-08-01 10:42:39.227760,2026-08-02 05:14:41.214024,18.53,
cde3060f-4da6-fec7-6ce5-79d7dab3b46b,4356,finishing,2026-08-02 05:14:41.214024,2026-08-02 23:46:43.200288,18.53,
f77e781c-7626-0e8a-ae9b-af23f097b4ef,4356,dispatched,2026-08-02 23:46:43.200288,2026-08-03 18:18:45.186552,18.53,
f3d9c637-2c21-0b1a-fdbd-ff6425316a9b,4356,delivered,2026-08-03 18:18:45.186552,,,
33c9c1ba-c1b9-75ae-38c6-7f074433f15d,4357,received,2026-02-12 00:00:00,2026-02-12 02:05:50.040961,2.1,
55a72639-6607-dcbf-9a7d-871ad4a0a5d2,4357,prepress,2026-02-12 02:05:50.040961,2026-02-12 18:07:00.047850,16.02,
df65c9d9-a2d7-197c-de1c-dbf5b3284bb3,4357,proofing,2026-02-12 18:07:00.047850,2026-02-13 10:08:10.054739,16.02,
11659408-ac58-a271-9d7d-d803dd96f1f1,4357,awaiting_approval,2026-02-13 10:08:10.054739,2026-02-19 09:53:34.895987,143.76,waiting on customer
564d6e51-b306-55e0-cd82-38aeb75b30d2,4357,plating,2026-02-19 09:53:34.895987,2026-02-20 01:54:44.902876,16.02,
fbf870fd-c323-3d54-d00b-a07914841163,4357,on_press,2026-02-20 01:54:44.902876,2026-02-20 17:55:54.909765,16.02,
c98a1b3a-34bf-ac7b-cd14-9c66f0972946,4357,finishing,2026-02-20 17:55:54.909765,2026-02-21 09:57:04.916654,16.02,
2a40dae2-5955-89f6-4226-894453221679,4357,dispatched,2026-02-21 09:57:04.916654,2026-02-22 01:58:14.923543,16.02,
3907e4c0-a4fe-baa5-4d76-8ec2d993b960,4357,delivered,2026-02-22 01:58:14.923543,,,
1c6b42e9-a00c-e3e9-abb1-b06b87a15af8,4358,received,2026-02-03 00:00:00,2026-02-03 01:17:05.936516,1.28,
a727f3a3-5254-3dea-81bf-feb9ced48d49,4358,prepress,2026-02-03 01:17:05.936516,2026-02-03 08:43:10.366307,7.43,
07a7afcc-c4c7-1484-076b-3354fe019cfd,4358,proofing,2026-02-03 08:43:10.366307,2026-02-03 16:09:14.796098,7.43,
46933e37-19a0-64c8-ef4b-60943c7d5450,4358,awaiting_approval,2026-02-03 16:09:14.796098,2026-02-04 23:07:10.825798,30.97,waiting on customer
2685ec2f-8b8a-c510-641b-e7e1432b9754,4358,plating,2026-02-04 23:07:10.825798,2026-02-05 06:33:15.255589,7.43,
b566c621-02d8-121f-57cc-82463f2586cc,4358,on_press,2026-02-05 06:33:15.255589,2026-02-05 13:59:19.685380,7.43,
c317b7f7-7564-1619-d566-d441958f02d9,4358,finishing,2026-02-05 13:59:19.685380,2026-02-05 21:25:24.115171,7.43,
ec20eb01-7f14-ea7b-798c-da696f010c4e,4358,dispatched,2026-02-05 21:25:24.115171,2026-02-06 04:51:28.544962,7.43,
f0a952b1-6a75-dff1-4e49-70ed3e7b28f4,4358,delivered,2026-02-06 04:51:28.544962,,,
787e01ad-7623-b8ad-d7dd-c56adcd5545e,4359,received,2026-01-25 00:00:00,2026-01-25 03:32:02.146247,3.53,
f8862a4c-eb52-dce9-4ea2-a75d8bb6cf21,4359,prepress,2026-01-25 03:32:02.146247,2026-01-25 15:21:59.707702,11.83,
604b483a-61aa-df2e-c978-a63098131cb1,4359,proofing,2026-01-25 15:21:59.707702,2026-01-26 03:11:57.269157,11.83,
5089ad54-d7f4-a78e-d923-d1c5c2b1e099,4359,awaiting_approval,2026-01-26 03:11:57.269157,2026-01-28 13:50:07.144079,58.64,waiting on customer
5a388ceb-c94c-752d-9fb9-56d01981498f,4359,plating,2026-01-28 13:50:07.144079,2026-01-29 01:40:04.705534,11.83,
106e0143-1bf2-bda8-46cc-d5b47df19c3d,4359,on_press,2026-01-29 01:40:04.705534,2026-01-29 13:30:02.266989,11.83,
6f8d3551-6fc3-fa42-5a85-552eb846925b,4359,finishing,2026-01-29 13:30:02.266989,2026-01-30 01:19:59.828444,11.83,
f9866de1-3481-6d78-2952-a4417f489bf3,4359,dispatched,2026-01-30 01:19:59.828444,2026-01-30 13:09:57.389899,11.83,
939eac7e-d18a-2f17-a452-ccef4242a52f,4359,delivered,2026-01-30 13:09:57.389899,,,
028f5dbd-a440-0bae-3e12-efa1b8284641,4360,received,2025-11-21 00:00:00,2025-11-21 01:14:49.482111,1.25,
8d6ab980-36c3-fcc1-5077-d83a39b429dc,4360,prepress,2025-11-21 01:14:49.482111,2025-11-21 15:51:26.374849,14.61,
2b1b209c-5e17-7f9a-4dd4-61eee724d9cb,4360,proofing,2025-11-21 15:51:26.374849,2025-11-22 06:28:03.267587,14.61,
5aaf907d-8a47-9764-3df0-855d54dd0447,4360,awaiting_approval,2025-11-22 06:28:03.267587,2025-11-23 18:45:28.532282,36.29,waiting on customer
98d2ec84-e56d-4c03-ef4e-b24b423469e1,4360,plating,2025-11-23 18:45:28.532282,2025-11-24 09:22:05.425020,14.61,
9bfefdc2-ac11-02bc-9160-552a30c7832e,4360,on_press,2025-11-24 09:22:05.425020,2025-11-24 23:58:42.317758,14.61,
271f65ff-b77b-b979-184b-e60b12dab060,4360,finishing,2025-11-24 23:58:42.317758,2025-11-25 14:35:19.210496,14.61,
f9e2a5a0-8b59-d669-728e-0123ac4445d4,4360,dispatched,2025-11-25 14:35:19.210496,2025-11-26 05:11:56.103234,14.61,
561c1fbc-24e2-389e-ba17-898b74ace7ee,4360,delivered,2025-11-26 05:11:56.103234,,,
b3ae1c0f-d74f-a3d2-b7df-925322148aba,4361,received,2026-04-08 00:00:00,2026-04-08 04:25:35.596976,4.43,
d74bfce4-5d5a-0eb0-edf5-902f53d8b1ff,4361,prepress,2026-04-08 04:25:35.596976,2026-04-08 16:14:46.251214,11.82,
3783413d-9474-c17a-1df9-a321c79da605,4361,proofing,2026-04-08 16:14:46.251214,2026-04-09 04:03:56.905452,11.82,
0b18ceee-6a07-69eb-9015-4c4557f91f16,4361,awaiting_approval,2026-04-09 04:03:56.905452,2026-04-11 03:24:39.716477,47.35,waiting on customer
d5c88a29-fe6f-eddb-7c62-05b2240cce4c,4361,plating,2026-04-11 03:24:39.716477,2026-04-11 15:13:50.370715,11.82,
399d10cf-88f1-d529-a1e2-ed1f5c6f46b3,4361,on_press,2026-04-11 15:13:50.370715,2026-04-12 03:03:01.024953,11.82,
5990cbe0-2217-5562-7199-65d7df205c56,4361,finishing,2026-04-12 03:03:01.024953,2026-04-12 14:52:11.679191,11.82,
547dad43-b79e-6452-af03-76c526f7aa9d,4361,dispatched,2026-04-12 14:52:11.679191,2026-04-13 02:41:22.333429,11.82,
a92938d0-cc70-efdb-e175-199810af01a9,4361,delivered,2026-04-13 02:41:22.333429,,,
99e2a987-a379-e7a6-781e-05092b460a00,4362,received,2025-12-05 00:00:00,2025-12-05 02:17:39.152906,2.29,
cb85dd22-e75d-216a-21f7-bb29f009aabc,4362,prepress,2025-12-05 02:17:39.152906,2025-12-05 16:29:13.383556,14.19,
3e00582a-1320-3d93-9799-7a3437813767,4362,proofing,2025-12-05 16:29:13.383556,2025-12-06 06:40:47.614206,14.19,
50d4419e-ffca-7d9b-002b-45df10624d41,4362,awaiting_approval,2025-12-06 06:40:47.614206,2025-12-07 15:51:08.849051,33.17,waiting on customer
ba7c4a91-d04a-3fb5-266e-9f2a2f53a742,4362,plating,2025-12-07 15:51:08.849051,2025-12-08 06:02:43.079701,14.19,
e07bd253-320c-8a12-f1b2-3a7857b3a238,4362,on_press,2025-12-08 06:02:43.079701,2025-12-08 20:14:17.310351,14.19,
45377bd9-359f-d40a-d527-35ab16b994c1,4362,finishing,2025-12-08 20:14:17.310351,2025-12-09 10:25:51.541001,14.19,
44a83355-033b-3ede-a30c-7e073deffbbe,4362,dispatched,2025-12-09 10:25:51.541001,2025-12-10 00:37:25.771651,14.19,
1f41532d-317b-366b-dde3-f1ae9baa9a7e,4362,delivered,2025-12-10 00:37:25.771651,,,
8f454298-0643-c031-7387-3e33b536091e,4363,received,2025-12-13 00:00:00,2025-12-13 02:23:51.281927,2.4,
eb9af594-5e98-254f-a486-4db74b2f2bb2,4363,prepress,2025-12-13 02:23:51.281927,2025-12-13 16:42:21.091320,14.31,
4beea8ab-21ef-a786-6f98-d5edcb605bb1,4363,proofing,2025-12-13 16:42:21.091320,2025-12-14 07:00:50.900713,14.31,
4567ffc2-483e-4560-db10-b9b0036dde84,4363,awaiting_approval,2025-12-14 07:00:50.900713,2025-12-15 14:32:59.861692,31.54,waiting on customer
c43b63d9-2ee9-4f49-6dc3-1861270e0c3e,4363,plating,2025-12-15 14:32:59.861692,2025-12-16 04:51:29.671085,14.31,
2be3ddbb-ff47-bcdb-3074-3e1b85b289f6,4363,on_press,2025-12-16 04:51:29.671085,2025-12-16 19:09:59.480478,14.31,
e9146244-e48c-82dd-ebee-488180f4c9b2,4363,finishing,2025-12-16 19:09:59.480478,2025-12-17 09:28:29.289871,14.31,
f8a67086-1b4a-f1e4-ad30-4f92461c3873,4363,dispatched,2025-12-17 09:28:29.289871,2025-12-17 23:46:59.099264,14.31,
3494735e-6e0b-f2b6-40a3-637007f5c6cc,4363,delivered,2025-12-17 23:46:59.099264,,,
0d0533f1-2780-8681-0335-acbc1f2e1d14,4364,received,2026-04-28 00:00:00,2026-04-28 01:48:43.943206,1.81,
94cd8980-25ae-f949-f0f3-3c8365bc061c,4364,prepress,2026-04-28 01:48:43.943206,2026-04-28 18:24:42.458030,16.6,
0066b52e-ba7b-f074-e082-9a67be788638,4364,proofing,2026-04-28 18:24:42.458030,2026-04-29 11:00:40.972854,16.6,
b829f7a4-4b34-eeb5-ca6d-a2496d431e0f,4364,awaiting_approval,2026-04-29 11:00:40.972854,2026-05-01 23:59:53.802857,60.99,waiting on customer
e56ec952-bf18-e7a2-c31e-172953a2f043,4364,plating,2026-05-01 23:59:53.802857,2026-05-02 16:35:52.317681,16.6,
5a5e0e96-124e-7d0e-59a5-6983016cacf5,4364,on_press,2026-05-02 16:35:52.317681,2026-05-03 09:11:50.832505,16.6,
5aa4b746-d9bc-354b-0ec9-ffa2f204672e,4364,finishing,2026-05-03 09:11:50.832505,2026-05-04 01:47:49.347329,16.6,
503041ae-a1d9-7025-0f18-71b96433f548,4364,dispatched,2026-05-04 01:47:49.347329,2026-05-04 18:23:47.862153,16.6,
ad4a4456-bfa2-129f-edc4-c668cb07d2e7,4364,delivered,2026-05-04 18:23:47.862153,,,
d731ccfe-1ee5-5d67-1e36-be3854f226af,4365,received,2026-07-20 00:00:00,2026-07-20 01:40:20.447161,1.67,
0fd7754a-81ee-d8c6-b55a-8beeee757d36,4365,prepress,2026-07-20 01:40:20.447161,2026-07-20 16:45:00.715714,15.08,
22de6d80-9ca2-b6d5-c16b-0aadfd384d93,4365,proofing,2026-07-20 16:45:00.715714,2026-07-21 07:49:40.984267,15.08,
16c19228-c244-d174-4d35-0d616ad8a984,4365,awaiting_approval,2026-07-21 07:49:40.984267,2026-07-23 04:29:54.298990,44.67,waiting on customer
718a3291-8d04-a7f5-e3a0-76a8999784d0,4365,plating,2026-07-23 04:29:54.298990,2026-07-23 19:34:34.567543,15.08,
9ca1d140-b958-aa64-767d-1d5c2440d7e0,4365,on_press,2026-07-23 19:34:34.567543,2026-07-24 10:39:14.836096,15.08,
0bfe9319-23e2-7aab-7207-6d0e6e06dc9b,4365,finishing,2026-07-24 10:39:14.836096,2026-07-25 01:43:55.104649,15.08,
bf0ae7b1-e98c-7a14-1842-c8af1e218a5e,4365,dispatched,2026-07-25 01:43:55.104649,,,
2bec85ba-eda6-becf-09a6-03410d6e8116,4366,received,2026-05-30 00:00:00,2026-05-30 03:25:24.155420,3.42,
d292577e-9c17-4e2f-1b22-217ac386c268,4366,prepress,2026-05-30 03:25:24.155420,2026-05-30 21:34:43.607875,18.16,
3b439777-68ed-ec48-6122-a04acc624b42,4366,proofing,2026-05-30 21:34:43.607875,2026-05-31 15:44:03.060330,18.16,
5b443a6c-7047-ab19-87d3-572031ec05f1,4366,awaiting_approval,2026-05-31 15:44:03.060330,2026-06-04 01:20:44.158023,81.61,waiting on customer
fa3eda47-9b58-2782-a867-8d93c953e985,4366,plating,2026-06-04 01:20:44.158023,2026-06-04 19:30:03.610478,18.16,
eac04c72-bf1e-8eff-2456-90c765930a52,4366,on_press,2026-06-04 19:30:03.610478,2026-06-05 13:39:23.062933,18.16,
0056e81a-8b48-6be1-8073-5926e1908433,4366,finishing,2026-06-05 13:39:23.062933,2026-06-06 07:48:42.515388,18.16,
dc8ae59a-1e16-332f-f6d9-81f36913bc5d,4366,dispatched,2026-06-06 07:48:42.515388,,,
704a162c-cb32-6ef8-cb0b-28004304c58c,4367,received,2026-07-16 00:00:00,2026-07-16 03:51:36.164584,3.86,
489b1aee-ca19-7170-392b-f06411b697db,4367,prepress,2026-07-16 03:51:36.164584,2026-07-16 23:06:14.518169,19.24,
5854bb51-e478-4fe9-c899-0788001735aa,4367,proofing,2026-07-16 23:06:14.518169,2026-07-17 18:20:52.871754,19.24,
c1fba67a-3d13-cdf0-6bdb-6ca0ec18e663,4367,awaiting_approval,2026-07-17 18:20:52.871754,2026-07-18 23:54:31.366341,29.56,waiting on customer
2a746702-af77-f671-3aca-06846064612a,4367,plating,2026-07-18 23:54:31.366341,2026-07-19 19:09:09.719926,19.24,
49d6c4c7-5ab2-a755-3f8d-1abf51638f3a,4367,on_press,2026-07-19 19:09:09.719926,2026-07-20 14:23:48.073511,19.24,
cbf476da-cbda-a75b-7945-b6b706e2945e,4367,finishing,2026-07-20 14:23:48.073511,2026-07-21 09:38:26.427096,19.24,
641d0eef-9f1a-d8d3-ed0f-59c5b2faef05,4367,dispatched,2026-07-21 09:38:26.427096,2026-07-22 04:53:04.780681,19.24,
f294f74a-600d-c12a-151a-3454664afaa4,4367,delivered,2026-07-22 04:53:04.780681,,,
6347de55-12fd-7883-9693-22398e1f4b18,4368,received,2026-07-26 00:00:00,2026-07-26 01:25:19.467754,1.42,
d7f36166-7820-afd3-596a-ff99bb41ca75,4368,prepress,2026-07-26 01:25:19.467754,2026-07-26 15:39:53.328622,14.24,
fe3fe363-14ee-e2a2-d44e-f7f948a4dc83,4368,proofing,2026-07-26 15:39:53.328622,2026-07-27 05:54:27.189490,14.24,
46789db3-1162-e2cf-94e0-3c10391e74d4,4368,awaiting_approval,2026-07-27 05:54:27.189490,2026-07-28 15:55:33.610428,34.02,waiting on customer
cffcc8a6-3768-21e5-ca4e-9b12e8336b71,4368,plating,2026-07-28 15:55:33.610428,2026-07-29 06:10:07.471296,14.24,
eacba449-aa2c-d7f4-e203-647e51755a2c,4368,on_press,2026-07-29 06:10:07.471296,2026-07-29 20:24:41.332164,14.24,
e7a0402a-26bb-25ad-3be4-b7592e11de9b,4368,finishing,2026-07-29 20:24:41.332164,2026-07-30 10:39:15.193032,14.24,
c6d6a747-41c6-01d1-dbc0-7b95550cd9da,4368,dispatched,2026-07-30 10:39:15.193032,,,
efc9eeed-6fd2-16dc-6963-1115254622f3,4369,received,2025-12-18 00:00:00,2025-12-18 03:12:34.519726,3.21,
b82dc508-4906-3ea0-bf7e-58fec1b8eb5a,4369,prepress,2025-12-18 03:12:34.519726,2025-12-18 21:16:16.075116,18.06,
7234b0f8-3a57-c723-7086-2d32b779c8f4,4369,proofing,2025-12-18 21:16:16.075116,2025-12-19 15:19:57.630506,18.06,
123e31e6-5657-63fc-cc50-421e33969416,4369,awaiting_approval,2025-12-19 15:19:57.630506,2025-12-21 17:21:09.934508,50.02,waiting on customer
6cc6ddb8-f573-b6b0-1064-6ff037f2c244,4369,plating,2025-12-21 17:21:09.934508,2025-12-22 11:24:51.489898,18.06,
0a50480e-7c85-cdff-b2e4-ecfc7166e688,4369,on_press,2025-12-22 11:24:51.489898,2025-12-23 05:28:33.045288,18.06,
273e13a4-1a1f-290e-291a-81b29be51e16,4369,finishing,2025-12-23 05:28:33.045288,2025-12-23 23:32:14.600678,18.06,
2135fcb2-42c9-826d-4540-bf5549070279,4369,dispatched,2025-12-23 23:32:14.600678,,,
4e117fdb-86cd-3e6d-86ee-6ca44fe2fd3f,4370,received,2025-11-14 00:00:00,2025-11-14 02:43:39.379116,2.73,
996392a3-46b2-4ea2-b1c2-14c1dd0bf8f6,4370,prepress,2025-11-14 02:43:39.379116,2025-11-14 13:36:35.472867,10.88,
bd589060-1bb0-c5f8-5728-2de0f133d075,4370,proofing,2025-11-14 13:36:35.472867,2025-11-15 00:29:31.566618,10.88,
b548888f-4f9f-162e-ba2f-0064cd7bfa3d,4370,awaiting_approval,2025-11-15 00:29:31.566618,2025-11-16 05:44:14.928861,29.25,waiting on customer
6eb60d06-4c74-5461-7ac5-9e39d1ffcea6,4370,plating,2025-11-16 05:44:14.928861,2025-11-16 16:37:11.022612,10.88,
b4fc6914-842d-31ea-50d6-36d41411f791,4370,on_press,2025-11-16 16:37:11.022612,2025-11-17 03:30:07.116363,10.88,
4ef6caf1-db8e-6d6d-fec5-2e241c8b3d5e,4370,finishing,2025-11-17 03:30:07.116363,2025-11-17 14:23:03.210114,10.88,
8a0aa1f5-8e51-5fa6-d4a4-e581e0548666,4370,dispatched,2025-11-17 14:23:03.210114,2025-11-18 01:15:59.303865,10.88,
59197b16-6534-f73f-dd65-7ccece615acb,4370,delivered,2025-11-18 01:15:59.303865,,,
d5229e03-4c03-742c-a7ee-2f4877ae4edf,4371,received,2026-07-22 00:00:00,2026-07-22 02:30:12.380241,2.5,
f57dc0e0-6803-396a-fb59-fb9ddb3c9033,4371,prepress,2026-07-22 02:30:12.380241,2026-07-22 15:51:43.931940,13.36,
af24bb67-0179-b771-1aa0-934d9b2897b1,4371,proofing,2026-07-22 15:51:43.931940,2026-07-23 05:13:15.483639,13.36,
bafaa63a-44cd-a6fd-01f4-472e67090b26,4371,awaiting_approval,2026-07-23 05:13:15.483639,2026-07-25 08:42:41.214315,51.49,waiting on customer
20d25183-3f3d-912c-0c8b-238debee8049,4371,plating,2026-07-25 08:42:41.214315,2026-07-25 22:04:12.766014,13.36,
2b0a9153-db28-55e3-c2ed-8ece7619f3c0,4371,on_press,2026-07-25 22:04:12.766014,2026-07-26 11:25:44.317713,13.36,
14d8d705-b158-a60e-a723-aa70d52e0049,4371,finishing,2026-07-26 11:25:44.317713,2026-07-27 00:47:15.869412,13.36,
a4f762a7-1f99-681f-46a3-56b5f9c762fd,4371,dispatched,2026-07-27 00:47:15.869412,,,
c0606c2f-38ea-f128-25f8-e99f6cde6616,4372,received,2026-01-13 00:00:00,2026-01-13 04:29:46.012864,4.5,
d56a639e-88c4-3aa8-fd20-44a4045b5101,4372,prepress,2026-01-13 04:29:46.012864,2026-01-13 20:27:10.047095,15.96,
0730b96f-7a5f-1d77-ef01-7c39c64973f0,4372,proofing,2026-01-13 20:27:10.047095,2026-01-14 12:24:34.081326,15.96,
1118a122-e5f8-32e1-e042-cec9b25f7940,4372,awaiting_approval,2026-01-14 12:24:34.081326,2026-01-18 07:38:15.846404,91.23,waiting on customer
bf11bf2d-121b-b84f-9e69-42187f738242,4372,plating,2026-01-18 07:38:15.846404,2026-01-18 23:35:39.880635,15.96,
4161c1fb-5aab-cf09-2bd5-c59b255ee21f,4372,on_press,2026-01-18 23:35:39.880635,2026-01-19 15:33:03.914866,15.96,
d3d66495-863e-5895-eeaf-335f24d3354a,4372,finishing,2026-01-19 15:33:03.914866,2026-01-20 07:30:27.949097,15.96,
f93528f3-1161-4b54-afc8-be61c970f793,4372,dispatched,2026-01-20 07:30:27.949097,2026-01-20 23:27:51.983328,15.96,
0e8a90e8-398d-ed6e-1d32-130307c5c332,4372,delivered,2026-01-20 23:27:51.983328,,,
3a8f5001-9601-1844-89bc-b26f564cf85e,4373,received,2026-02-22 00:00:00,2026-02-22 01:42:42.813080,1.71,
d04c7fc7-52ab-9bf0-cbc0-ea00842933fe,4373,prepress,2026-02-22 01:42:42.813080,2026-02-23 11:58:17.354039,34.26,
66b72e48-dadf-7630-9d33-b6bc8556b197,4373,proofing,2026-02-23 11:58:17.354039,2026-02-24 22:13:51.894998,34.26,
7b98a7e6-0f44-0915-9d02-5020c72572df,4373,awaiting_approval,2026-02-24 22:13:51.894998,2026-02-25 06:17:27.935880,8.06,waiting on customer
c3328641-4e01-acd3-3a38-98f6b6cb9555,4373,plating,2026-02-25 06:17:27.935880,2026-02-26 16:33:02.476839,34.26,
d157a76e-b9e8-b2e6-fab9-c32c3efcc3c4,4373,on_press,2026-02-26 16:33:02.476839,2026-02-28 02:48:37.017798,34.26,
71238125-a339-b58f-d462-25fc405c165b,4373,finishing,2026-02-28 02:48:37.017798,2026-03-01 13:04:11.558757,34.26,
32e1ed62-5990-dbe9-c85a-51be2f77aaa2,4373,dispatched,2026-03-01 13:04:11.558757,,,
28948036-8db8-c288-4d49-79db051652b8,4374,received,2026-05-04 00:00:00,2026-05-04 04:53:39.999775,4.89,
0436bf02-00de-e24f-134e-ff2f90d3f30e,4374,prepress,2026-05-04 04:53:39.999775,2026-05-04 13:34:26.263636,8.68,
b195c6a7-6221-465f-3fe7-3e63d9ee0d2c,4374,proofing,2026-05-04 13:34:26.263636,2026-05-04 22:15:12.527497,8.68,
5e3c8130-1db4-6949-03fe-713764c6ac4e,4374,awaiting_approval,2026-05-04 22:15:12.527497,2026-05-09 20:14:39.153467,117.99,waiting on customer
e42cc3db-984e-7b0d-28a8-c2319526c6b8,4374,plating,2026-05-09 20:14:39.153467,2026-05-10 04:55:25.417328,8.68,
e21b8029-77e3-5d0b-5c3f-95004bfae525,4374,on_press,2026-05-10 04:55:25.417328,2026-05-10 13:36:11.681189,8.68,
28081ebe-1994-1c4a-6349-b94cee0b29a3,4374,finishing,2026-05-10 13:36:11.681189,2026-05-10 22:16:57.945050,8.68,
3678d294-7cc6-c539-052f-bed53ab66037,4374,dispatched,2026-05-10 22:16:57.945050,2026-05-11 06:57:44.208911,8.68,
9f68d7ca-43f9-4c71-bf77-40ab23b554cd,4374,delivered,2026-05-11 06:57:44.208911,,,
fbdb1d6b-e200-fd48-95fb-d7926c4e6058,4375,received,2026-05-08 00:00:00,2026-05-08 04:41:46.778946,4.7,
b14d12a8-2ea6-417a-092e-2398955668ae,4375,prepress,2026-05-08 04:41:46.778946,2026-05-08 22:27:29.215915,17.76,
8ea8d085-1474-445a-fe75-aa7ff158d98b,4375,proofing,2026-05-08 22:27:29.215915,2026-05-09 16:13:11.652884,17.76,
7d9b6cfb-c3a1-42be-0fa1-a9b18655817e,4375,awaiting_approval,2026-05-09 16:13:11.652884,2026-05-12 08:45:25.726527,64.54,waiting on customer
353b2ad8-97f3-14f5-666b-37f50fc1bed6,4375,plating,2026-05-12 08:45:25.726527,2026-05-13 02:31:08.163496,17.76,
98ab0527-d2e5-7f41-cdce-c08d75d57836,4375,on_press,2026-05-13 02:31:08.163496,2026-05-13 20:16:50.600465,17.76,
d5fb3b49-63c4-a4af-7995-7c04b164b3dc,4375,finishing,2026-05-13 20:16:50.600465,2026-05-14 14:02:33.037434,17.76,
572641a6-359a-c0e7-5cae-7f8f7985290a,4375,dispatched,2026-05-14 14:02:33.037434,2026-05-15 07:48:15.474403,17.76,
0edb0ec1-32ea-eaf7-e2eb-43a4d0b7cc2b,4375,delivered,2026-05-15 07:48:15.474403,,,
b819dedc-2169-c91e-62b3-6b56de2c8471,4376,received,2026-07-16 00:00:00,2026-07-16 04:35:12.404899,4.59,
274ac1f3-6b09-6739-b02a-7bc2d5c89b00,4376,prepress,2026-07-16 04:35:12.404899,2026-07-16 22:31:53.221415,17.94,
e5965c13-b664-c1e6-cb47-0686e40a8d26,4376,proofing,2026-07-16 22:31:53.221415,2026-07-17 16:28:34.037931,17.94,
3f395cd0-44de-7304-4fb7-b77a6e9b1262,4376,awaiting_approval,2026-07-17 16:28:34.037931,2026-07-19 00:30:53.839861,32.04,waiting on customer
7d6614ec-c113-c0fd-e7c0-502a26f91518,4376,plating,2026-07-19 00:30:53.839861,2026-07-19 18:27:34.656377,17.94,
538e6bc7-11d2-1ce4-b925-d82b6a7cb694,4376,on_press,2026-07-19 18:27:34.656377,2026-07-20 12:24:15.472893,17.94,
352a754e-8ee9-bddb-3a0a-e7758c1a34e2,4376,finishing,2026-07-20 12:24:15.472893,2026-07-21 06:20:56.289409,17.94,
ea560a1e-b293-b405-2fd4-4012306f5540,4376,dispatched,2026-07-21 06:20:56.289409,2026-07-22 00:17:37.105925,17.94,
317dae15-4d0c-df62-0a41-2d3fa17df3d2,4376,delivered,2026-07-22 00:17:37.105925,,,
f4b3990c-f392-650c-fd58-4de7985eb19e,4377,received,2026-05-15 00:00:00,2026-05-15 03:58:48.746857,3.98,
031c4023-6dd4-4767-ab3f-40faa1f35aa1,4377,prepress,2026-05-15 03:58:48.746857,2026-05-16 00:17:36.898804,20.31,
7a22cf46-f900-f80e-8e54-ed54049dca1c,4377,proofing,2026-05-16 00:17:36.898804,2026-05-16 20:36:25.050751,20.31,
8eb266cd-4a9e-4e9c-78ac-1d09fac7b700,4377,awaiting_approval,2026-05-16 20:36:25.050751,2026-05-18 06:57:47.853007,34.36,waiting on customer
460ce883-66a7-0086-2c3e-4445be040403,4377,plating,2026-05-18 06:57:47.853007,2026-05-19 03:16:36.004954,20.31,
c634dd20-3eef-7382-1d07-d1962933e228,4377,on_press,2026-05-19 03:16:36.004954,2026-05-19 23:35:24.156901,20.31,
c80a4b0e-8873-665f-0475-ab04aac2f6d2,4377,finishing,2026-05-19 23:35:24.156901,2026-05-20 19:54:12.308848,20.31,
44f30c86-57d7-a032-fa4b-519586f198b9,4377,dispatched,2026-05-20 19:54:12.308848,,,
c8af746d-3da9-a329-6c04-8470888f97d8,4378,received,2026-04-04 00:00:00,2026-04-04 03:40:21.482420,3.67,
813b0923-fae4-51c5-adb4-3ae77a80d5a5,4378,prepress,2026-04-04 03:40:21.482420,2026-04-04 12:43:40.547585,9.06,
b3ada4c7-c95f-6c6c-35b3-df3ce3dba142,4378,proofing,2026-04-04 12:43:40.547585,2026-04-04 21:46:59.612750,9.06,
4033a0ea-1f84-5d84-1af1-5c33774da057,4378,awaiting_approval,2026-04-04 21:46:59.612750,2026-04-07 04:25:20.821599,54.64,waiting on customer
c393991c-13d2-3c12-d336-780a867cb3a2,4378,plating,2026-04-07 04:25:20.821599,2026-04-07 13:28:39.886764,9.06,
b3eef244-d8b4-7e66-fb42-0c82c390df75,4378,on_press,2026-04-07 13:28:39.886764,2026-04-07 22:31:58.951929,9.06,
06d21465-8e3d-9a3c-4073-ea6d6c0556dc,4378,finishing,2026-04-07 22:31:58.951929,2026-04-08 07:35:18.017094,9.06,
5443d127-c101-d403-4226-35f445d9334e,4378,dispatched,2026-04-08 07:35:18.017094,,,
3ccfce11-04be-2a79-b73c-5289a18750b6,4379,received,2025-12-11 00:00:00,2025-12-11 03:21:48.305610,3.36,
d4dadb22-b6e5-839e-2331-b110f2a949d3,4379,prepress,2025-12-11 03:21:48.305610,2025-12-12 10:04:37.760409,30.71,
9229bc9c-a60a-cc7c-d8de-65c425b44db6,4379,proofing,2025-12-12 10:04:37.760409,2025-12-13 16:47:27.215208,30.71,
96717582-8f81-bf54-7d0b-0db99293b7c3,4379,awaiting_approval,2025-12-13 16:47:27.215208,2025-12-13 18:21:36.623567,1.57,waiting on customer
954d8f02-da5a-b4ae-f789-953b105e5ea6,4379,plating,2025-12-13 18:21:36.623567,2025-12-15 01:04:26.078366,30.71,
5835c322-d387-86b3-dfb4-c7a2857038f6,4379,on_press,2025-12-15 01:04:26.078366,2025-12-16 07:47:15.533165,30.71,
9b30706b-c6df-e575-2b09-59882454d73d,4379,finishing,2025-12-16 07:47:15.533165,2025-12-17 14:30:04.987964,30.71,
9718b701-324f-419d-a791-33aeba7544ee,4379,dispatched,2025-12-17 14:30:04.987964,2025-12-18 21:12:54.442763,30.71,
e81d5bc1-0d10-218c-4aa1-ee9aeabf0491,4379,delivered,2025-12-18 21:12:54.442763,,,
6c6b4264-811e-8e36-1839-c73c98d856ec,4380,received,2026-04-11 00:00:00,2026-04-11 02:53:46.321215,2.9,
6880ceae-d98a-da64-1c06-8c151a015bcd,4380,prepress,2026-04-11 02:53:46.321215,2026-04-11 17:41:59.240045,14.8,
456aa6be-4e02-9791-7fb5-df1e19b552b0,4380,proofing,2026-04-11 17:41:59.240045,2026-04-12 08:30:12.158875,14.8,
4c30d4fd-0e0c-ac2e-3b4c-6002bfb2cf4d,4380,awaiting_approval,2026-04-12 08:30:12.158875,2026-04-13 15:33:11.221901,31.05,waiting on customer
b8d8319b-6abc-1408-5df6-3a392fe84877,4380,plating,2026-04-13 15:33:11.221901,2026-04-14 06:21:24.140731,14.8,
9e603e9c-de4b-ebab-c343-95a5543a4d6c,4380,on_press,2026-04-14 06:21:24.140731,2026-04-14 21:09:37.059561,14.8,
9a631a34-0c55-0582-85a1-548af6d0b26c,4380,finishing,2026-04-14 21:09:37.059561,2026-04-15 11:57:49.978391,14.8,
58bf2d6a-07fa-c72b-78fa-48c38e03df81,4380,dispatched,2026-04-15 11:57:49.978391,,,
73902055-2239-1434-9bb5-a3797b64d19d,4381,received,2026-05-30 00:00:00,2026-05-30 03:29:42.083652,3.5,
e95675f5-22e9-6a09-75b8-377c5eed9ea2,4381,prepress,2026-05-30 03:29:42.083652,2026-05-30 18:51:01.715107,15.36,
4f389aec-d9b7-e557-3523-368c3f154bba,4381,proofing,2026-05-30 18:51:01.715107,2026-05-31 10:12:21.346562,15.36,
10b511c0-0f32-0343-a74d-bc00bbebe267,4381,awaiting_approval,2026-05-31 10:12:21.346562,2026-06-01 23:10:18.367252,36.97,waiting on customer
24c4b737-b24c-641e-7bc8-42a601d622a9,4381,plating,2026-06-01 23:10:18.367252,2026-06-02 14:31:37.998707,15.36,
8e2699a8-1724-cff7-8eb9-5a8e7ad98abb,4381,on_press,2026-06-02 14:31:37.998707,2026-06-03 05:52:57.630162,15.36,
2fd1a70f-5af8-9b02-6f9d-18a7163d5083,4381,finishing,2026-06-03 05:52:57.630162,2026-06-03 21:14:17.261617,15.36,
52cdf342-c0a4-a598-cc8b-b792ac1519c7,4381,dispatched,2026-06-03 21:14:17.261617,2026-06-04 12:35:36.893072,15.36,
acc889e1-9056-3f48-e216-14890ea3ec47,4381,delivered,2026-06-04 12:35:36.893072,,,
5c7e5c5e-2060-e53e-0a4a-fab2ecc7dc5b,4382,received,2025-12-28 00:00:00,2025-12-28 02:02:03.621803,2.03,
ea704e39-32f0-a728-339d-28367842bbcf,4382,prepress,2025-12-28 02:02:03.621803,2025-12-28 08:12:20.577528,6.17,
6abf44d4-79a0-6a99-ddd6-3e8e09c60ffe,4382,proofing,2025-12-28 08:12:20.577528,2025-12-28 14:22:37.533253,6.17,
6d30dffe-47f0-beb5-5b22-bda87480943d,4382,awaiting_approval,2025-12-28 14:22:37.533253,2025-12-31 17:49:37.429650,75.45,waiting on customer
ba478733-2072-9f62-a084-f6e0a592c483,4382,plating,2025-12-31 17:49:37.429650,2025-12-31 23:59:54.385375,6.17,
4ec6905a-79a5-1e90-2db1-819c541b80ac,4382,on_press,2025-12-31 23:59:54.385375,2026-01-01 06:10:11.341100,6.17,
a589859d-b82b-830a-9e8a-2a84a9167671,4382,finishing,2026-01-01 06:10:11.341100,2026-01-01 12:20:28.296825,6.17,
6b4a423d-2504-3614-a456-1d6f6a699de8,4382,dispatched,2026-01-01 12:20:28.296825,2026-01-01 18:30:45.252550,6.17,
9c3099ee-8d3c-7ed7-829e-4d831c8d1460,4382,delivered,2026-01-01 18:30:45.252550,,,
11b7ed30-9566-6656-70e0-deec4893083c,4383,received,2026-06-22 00:00:00,2026-06-22 03:13:11.038615,3.22,
e36abeea-92d6-2ac2-84a0-b4d08d1c357c,4383,prepress,2026-06-22 03:13:11.038615,2026-06-22 19:11:06.846459,15.97,
feb8a1d8-6c0f-7e87-7a3a-169f33c48661,4383,proofing,2026-06-22 19:11:06.846459,2026-06-23 11:09:02.654303,15.97,
3f6b2145-bcab-8910-8f87-57b2725fb38f,4383,awaiting_approval,2026-06-23 11:09:02.654303,2026-06-24 23:35:50.895821,36.45,waiting on customer
ed65bbbe-ca00-4a5f-1b16-60fb3eb44ee2,4383,plating,2026-06-24 23:35:50.895821,2026-06-25 15:33:46.703665,15.97,
a9eb03bc-d52d-3025-2ae7-8c2791640908,4383,on_press,2026-06-25 15:33:46.703665,2026-06-26 07:31:42.511509,15.97,
bcc78ede-9192-be19-c544-82d04e901d0d,4383,finishing,2026-06-26 07:31:42.511509,2026-06-26 23:29:38.319353,15.97,
729820fb-b4f9-a77a-4103-0b75f4ab0a0e,4383,dispatched,2026-06-26 23:29:38.319353,,,
a78a4c0f-86d9-cd1d-9942-b03bd3c269bd,4384,received,2026-06-14 00:00:00,2026-06-14 02:17:02.241711,2.28,
64b3fefe-67a8-010e-141c-4d3a6adf1225,4384,prepress,2026-06-14 02:17:02.241711,2026-06-14 16:14:42.624323,13.96,
c1f47966-0466-155a-e1f5-ea57c874beef,4384,proofing,2026-06-14 16:14:42.624323,2026-06-15 06:12:23.006935,13.96,
ec7e14ab-3767-bf7d-6479-76d8d86ebbcf,4384,awaiting_approval,2026-06-15 06:12:23.006935,2026-06-19 17:05:57.818377,106.89,waiting on customer
dd900cc2-50f2-04ae-e889-2414ef1fdb0c,4384,plating,2026-06-19 17:05:57.818377,2026-06-20 07:03:38.200989,13.96,
73538bf6-01f9-d781-2895-073b94c0692b,4384,on_press,2026-06-20 07:03:38.200989,2026-06-20 21:01:18.583601,13.96,
77f046fd-30fb-1c79-d002-27220cd53387,4384,finishing,2026-06-20 21:01:18.583601,2026-06-21 10:58:58.966213,13.96,
2fbbed43-bf29-db9e-bc1c-d342d7aad133,4384,dispatched,2026-06-21 10:58:58.966213,2026-06-22 00:56:39.348825,13.96,
b505e727-6858-7212-c56f-afc283bdb9a2,4384,delivered,2026-06-22 00:56:39.348825,,,
1556f20b-0aa0-1579-adcd-625861ec0c29,4385,received,2026-05-14 00:00:00,2026-05-14 04:36:12.714429,4.6,
f0d106b3-4c6e-d71a-d703-94aa95407dd7,4385,prepress,2026-05-14 04:36:12.714429,2026-05-14 17:26:34.691212,12.84,
c102be27-1c4e-12a6-d4ae-5c2dbd8973fe,4385,proofing,2026-05-14 17:26:34.691212,2026-05-15 06:16:56.667995,12.84,
ac4cd6e9-ef0e-8298-6866-9a67c91618e9,4385,awaiting_approval,2026-05-15 06:16:56.667995,2026-05-17 10:12:12.886119,51.92,waiting on customer
23bf825e-1917-b45b-605e-ff8446185ed3,4385,plating,2026-05-17 10:12:12.886119,2026-05-17 23:02:34.862902,12.84,
4e5776eb-cd22-e863-cf64-87f9bc8df9a7,4385,on_press,2026-05-17 23:02:34.862902,2026-05-18 11:52:56.839685,12.84,
32f0dcf9-1517-ca79-631c-9584827b4748,4385,finishing,2026-05-18 11:52:56.839685,2026-05-19 00:43:18.816468,12.84,
c31ada76-3396-86da-f029-082797a13038,4385,dispatched,2026-05-19 00:43:18.816468,2026-05-19 13:33:40.793251,12.84,
f988761e-1943-6fcd-97ae-275f5d2b878a,4385,delivered,2026-05-19 13:33:40.793251,,,
7ced15ac-8e25-1578-7813-13940c0c4adf,4386,received,2026-03-23 00:00:00,2026-03-23 04:35:18.403248,4.59,
49b2931a-02b7-890b-b661-b6936d037da7,4386,prepress,2026-03-23 04:35:18.403248,2026-03-23 21:13:51.501418,16.64,
e8560101-4552-3d34-b0a9-9236aa81b412,4386,proofing,2026-03-23 21:13:51.501418,2026-03-24 13:52:24.599588,16.64,
5a7fd808-7b49-51fd-c7b5-e0af8db4bc41,4386,awaiting_approval,2026-03-24 13:52:24.599588,2026-03-27 10:03:31.516248,68.19,waiting on customer
04257d29-a6b4-6ed2-8a4a-ea85e6c86406,4386,plating,2026-03-27 10:03:31.516248,2026-03-28 02:42:04.614418,16.64,
5b904ba9-cb72-edc3-301a-a2d0ace98696,4386,on_press,2026-03-28 02:42:04.614418,2026-03-28 19:20:37.712588,16.64,
46843314-8a32-3ee8-51a9-ce74b38ba6dc,4386,finishing,2026-03-28 19:20:37.712588,2026-03-29 11:59:10.810758,16.64,
5fb44b5e-1e68-3b0b-f458-26b7cf14c11c,4386,dispatched,2026-03-29 11:59:10.810758,,,
bc9f8370-32b6-d227-3cb3-e2f98626134b,4387,received,2026-04-18 00:00:00,2026-04-18 01:22:22.616840,1.37,
37c3b178-0ca2-199c-3a94-7a6e469184d4,4387,prepress,2026-04-18 01:22:22.616840,2026-04-18 12:45:22.116050,11.38,
501fd045-43f3-0eb9-e59b-ecf148b379ef,4387,proofing,2026-04-18 12:45:22.116050,2026-04-19 00:08:21.615260,11.38,
116b4e25-553c-51b5-348b-fefea3384f40,4387,awaiting_approval,2026-04-19 00:08:21.615260,2026-04-20 11:16:09.676361,35.13,waiting on customer
f3614293-461f-29d9-10ef-2fcede871d63,4387,plating,2026-04-20 11:16:09.676361,2026-04-20 22:39:09.175571,11.38,
edf6a3a8-19c9-16e9-99ab-8b60100fae35,4387,on_press,2026-04-20 22:39:09.175571,2026-04-21 10:02:08.674781,11.38,
09025747-d534-d742-689b-39166de143cb,4387,finishing,2026-04-21 10:02:08.674781,2026-04-21 21:25:08.173991,11.38,
4f996afb-ae58-5018-648a-ce0e56377520,4387,dispatched,2026-04-21 21:25:08.173991,2026-04-22 08:48:07.673201,11.38,
dc666d41-9100-185c-d9b0-aa43a6884e13,4387,delivered,2026-04-22 08:48:07.673201,,,
e9b08654-e928-a4ee-8573-28f33ebed5ae,4388,received,2026-05-29 00:00:00,2026-05-29 03:32:29.719533,3.54,
ec6849da-a3ed-e8cb-ce87-1a47018a4cc3,4388,prepress,2026-05-29 03:32:29.719533,2026-05-29 13:04:30.780294,9.53,
763d81dc-66f1-8a31-f389-b3d5bd64b0a7,4388,proofing,2026-05-29 13:04:30.780294,2026-05-29 22:36:31.841055,9.53,
e4af127f-fd41-d0f9-c792-0e320bd604d6,4388,awaiting_approval,2026-05-29 22:36:31.841055,2026-06-03 12:22:11.842108,109.76,waiting on customer
5e8802b0-e8f4-b434-a342-74ce93bce095,4388,plating,2026-06-03 12:22:11.842108,2026-06-03 21:54:12.902869,9.53,
58d5a650-f00a-8a38-f6bd-4e0b2df3e1a4,4388,on_press,2026-06-03 21:54:12.902869,2026-06-04 07:26:13.963630,9.53,
c1ff522b-9c81-037d-4c92-bcdc6926be8b,4388,finishing,2026-06-04 07:26:13.963630,2026-06-04 16:58:15.024391,9.53,
69fa1d92-f2ec-07b5-8294-628f7b0ed50b,4388,dispatched,2026-06-04 16:58:15.024391,2026-06-05 02:30:16.085152,9.53,
552e13f3-608c-d460-8658-8ecadb6a1592,4388,delivered,2026-06-05 02:30:16.085152,,,
61b6564b-f2b2-130a-3e1f-b684f41d3430,4389,received,2026-04-26 00:00:00,2026-04-26 04:33:59.126078,4.57,
98e37465-96ab-7f64-0331-b35f958747d3,4389,prepress,2026-04-26 04:33:59.126078,2026-04-26 18:28:18.046033,13.91,
553647d0-e803-f070-7ed5-9434cde13dbe,4389,proofing,2026-04-26 18:28:18.046033,2026-04-27 08:22:36.965988,13.91,
3ac0b501-6f7f-0e73-3646-be7f88d6946b,4389,awaiting_approval,2026-04-27 08:22:36.965988,2026-04-28 13:18:18.218896,28.93,waiting on customer
6d5dfaf1-833e-3f1f-b983-98f92b01cc33,4389,plating,2026-04-28 13:18:18.218896,2026-04-29 03:12:37.138851,13.91,
d11cab45-6056-4f90-cbd0-1a0bb85d0c04,4389,on_press,2026-04-29 03:12:37.138851,2026-04-29 17:06:56.058806,13.91,
7f716314-24b3-1261-3d7a-c79c6aeb84ee,4389,finishing,2026-04-29 17:06:56.058806,2026-04-30 07:01:14.978761,13.91,
42e61597-160d-8a46-70c3-01c378146dd7,4389,dispatched,2026-04-30 07:01:14.978761,2026-04-30 20:55:33.898716,13.91,
76b9557a-a801-96d5-37a2-43f94227088e,4389,delivered,2026-04-30 20:55:33.898716,,,
1634e737-e895-5e84-df3d-2e497c61bcf1,4390,received,2025-12-30 00:00:00,2025-12-30 04:54:17.675456,4.9,
ee36e65e-fb4a-9541-664f-2307641b9fb1,4390,prepress,2025-12-30 04:54:17.675456,2025-12-30 16:21:49.610529,11.46,
9aeb0a79-df2d-7697-5f20-6a476f8e0dbc,4390,proofing,2025-12-30 16:21:49.610529,2025-12-31 03:49:21.545602,11.46,
7d3d02c1-1bf1-c34f-6e14-f562a6f25ef0,4390,awaiting_approval,2025-12-31 03:49:21.545602,2026-01-01 10:05:52.466235,30.28,waiting on customer
7741b3b9-5e20-b958-222a-36247325b620,4390,plating,2026-01-01 10:05:52.466235,2026-01-01 21:33:24.401308,11.46,
c46d48e7-dd39-f0a0-5871-1b767b28da3e,4390,on_press,2026-01-01 21:33:24.401308,2026-01-02 09:00:56.336381,11.46,
5eb44e99-241b-d2e4-72c2-dba8cbbf0e2e,4390,finishing,2026-01-02 09:00:56.336381,2026-01-02 20:28:28.271454,11.46,
23ec0659-5e85-fb23-0eed-9fe1ec0608d5,4390,dispatched,2026-01-02 20:28:28.271454,,,
d46ffec6-67c5-aa5f-4031-d5c94c3c1e81,4391,received,2026-06-26 00:00:00,2026-06-26 04:14:00.731853,4.23,
2986dab8-d497-64bf-0872-ed02ef5cfdb5,4391,prepress,2026-06-26 04:14:00.731853,2026-06-26 16:09:27.250364,11.92,
aea9bb23-9d04-dfc4-d550-7bcb0c31a981,4391,proofing,2026-06-26 16:09:27.250364,2026-06-27 04:04:53.768875,11.92,
cc209189-9fb0-8e40-be03-a53d16ea2201,4391,awaiting_approval,2026-06-27 04:04:53.768875,2026-06-29 06:40:02.725806,50.59,waiting on customer
2cf57183-732a-c17d-5aa5-52f3c33f29f2,4391,plating,2026-06-29 06:40:02.725806,2026-06-29 18:35:29.244317,11.92,
fd3fc06e-e961-2883-123a-091afc460d61,4391,on_press,2026-06-29 18:35:29.244317,2026-06-30 06:30:55.762828,11.92,
2804db7a-a872-8043-7352-97d55ebbe91c,4391,finishing,2026-06-30 06:30:55.762828,2026-06-30 18:26:22.281339,11.92,
3be5dbe6-78b8-0e5d-b8af-2ca5ff1558c3,4391,dispatched,2026-06-30 18:26:22.281339,2026-07-01 06:21:48.799850,11.92,
7f4ba38a-9c25-78cf-bf9a-ad1915d58141,4391,delivered,2026-07-01 06:21:48.799850,,,
83fe596f-5e79-eeed-0d73-731b85702a3b,4392,received,2026-02-01 00:00:00,2026-02-01 04:40:27.578939,4.67,
3455d9cb-5eae-5b41-f913-ae0bd5fd6227,4392,prepress,2026-02-01 04:40:27.578939,2026-02-01 22:09:37.768635,17.49,
8cc412fb-23eb-446e-bda2-6870780feaa9,4392,proofing,2026-02-01 22:09:37.768635,2026-02-02 15:38:47.958331,17.49,
1c65f5b1-fc00-1ef3-ed44-1e89896a15ab,4392,awaiting_approval,2026-02-02 15:38:47.958331,2026-02-05 06:48:12.459331,63.16,waiting on customer
1cc06e0d-b2e5-9a06-5a22-9a93a0d819f0,4392,plating,2026-02-05 06:48:12.459331,2026-02-06 00:17:22.649027,17.49,
1d065a58-6f2c-4569-acd0-5ab31ad7749d,4392,on_press,2026-02-06 00:17:22.649027,2026-02-06 17:46:32.838723,17.49,
db33332b-6276-f342-57b2-e37e7f356277,4392,finishing,2026-02-06 17:46:32.838723,2026-02-07 11:15:43.028419,17.49,
5ad4d2ef-a57f-fcdb-52c8-6654f3fbde6b,4392,dispatched,2026-02-07 11:15:43.028419,,,
8b44e196-cbdf-765c-544c-a5033876e52b,4393,received,2026-02-18 00:00:00,2026-02-18 03:01:07.452490,3.02,
07348f91-1bcf-9c50-1300-8c458c96e91b,4393,prepress,2026-02-18 03:01:07.452490,2026-02-18 11:23:54.912778,8.38,
2785b8ce-4f8b-0676-dfe0-c5b97bc78e96,4393,proofing,2026-02-18 11:23:54.912778,2026-02-18 19:46:42.373066,8.38,
f638e6d6-a4ad-120c-549b-5dbc7aa426e6,4393,awaiting_approval,2026-02-18 19:46:42.373066,2026-02-20 20:54:57.336340,49.14,waiting on customer
3442e37f-e6a0-8424-e71a-75669fd97dbf,4393,plating,2026-02-20 20:54:57.336340,2026-02-21 05:17:44.796628,8.38,
c48348f1-e6c0-f6e2-c817-4f034aa66e4d,4393,on_press,2026-02-21 05:17:44.796628,2026-02-21 13:40:32.256916,8.38,
1c81a431-10c0-9e2c-4179-a1f6daad76c2,4393,finishing,2026-02-21 13:40:32.256916,2026-02-21 22:03:19.717204,8.38,
bbce5bee-51b9-6bf4-fab8-28929e808b1c,4393,dispatched,2026-02-21 22:03:19.717204,,,
01165000-337b-4185-8ed0-03f25d513ef2,4394,received,2026-01-13 00:00:00,2026-01-13 03:55:17.471278,3.92,
b5d6dfe9-c170-3468-f026-8d7d413dd590,4394,prepress,2026-01-13 03:55:17.471278,2026-01-14 00:06:59.634358,20.2,
39f0ef7f-bcd7-dcf1-dd44-a4206e673045,4394,proofing,2026-01-14 00:06:59.634358,2026-01-14 20:18:41.797438,20.2,
c8af2efb-f12d-b33b-9239-f1f9e797f5d5,4394,awaiting_approval,2026-01-14 20:18:41.797438,2026-01-16 14:58:47.295500,42.67,waiting on customer
34a77c02-7fcf-0894-e616-a4c901f3a14d,4394,plating,2026-01-16 14:58:47.295500,2026-01-17 11:10:29.458580,20.2,
68deb362-33f1-ee0e-4703-7741cadf7dec,4394,on_press,2026-01-17 11:10:29.458580,2026-01-18 07:22:11.621660,20.2,
9d2c6cef-9d31-83aa-a19b-81f77279d28b,4394,finishing,2026-01-18 07:22:11.621660,2026-01-19 03:33:53.784740,20.2,
5aad7f31-42ec-7467-41b6-e0a4300158c7,4394,dispatched,2026-01-19 03:33:53.784740,2026-01-19 23:45:35.947820,20.2,
4a0a0382-153d-41b4-a892-88421ecbe321,4394,delivered,2026-01-19 23:45:35.947820,,,
89edca64-7b33-1df8-c360-e3e9edf63f3a,4395,received,2026-05-22 00:00:00,2026-05-22 04:29:05.757856,4.48,
69a598c9-52bc-b66b-a3f6-c4b59f0f6a3b,4395,prepress,2026-05-22 04:29:05.757856,2026-05-22 19:56:55.002567,15.46,
8c5454be-2dd3-017d-6ee5-a3db909f8fcb,4395,proofing,2026-05-22 19:56:55.002567,2026-05-23 11:24:44.247278,15.46,
a72e2bbb-9b8b-b4e3-4c03-e39362b473c1,4395,awaiting_approval,2026-05-23 11:24:44.247278,2026-05-25 16:53:16.995796,53.48,waiting on customer
f0e028f2-ef3a-e07c-bbbe-4335279db546,4395,plating,2026-05-25 16:53:16.995796,2026-05-26 08:21:06.240507,15.46,
9351dc40-4fd7-96d2-ac9e-06ab505cf220,4395,on_press,2026-05-26 08:21:06.240507,2026-05-26 23:48:55.485218,15.46,
2fb8f2c5-dcb7-c413-c0f7-66ddf0ea3cfd,4395,finishing,2026-05-26 23:48:55.485218,2026-05-27 15:16:44.729929,15.46,
587ac1b5-911f-ed59-f13a-249774afcb79,4395,dispatched,2026-05-27 15:16:44.729929,2026-05-28 06:44:33.974640,15.46,
74c00d34-e9d2-ce7d-4d26-c5d9a8a7e58f,4395,delivered,2026-05-28 06:44:33.974640,,,
39acd12f-79dd-73d2-8fa6-82d0ff5f85c8,4396,received,2026-03-08 00:00:00,2026-03-08 03:09:54.750230,3.17,
7bd99664-0a62-7ed5-cbc8-cba67e49c9c1,4396,prepress,2026-03-08 03:09:54.750230,2026-03-08 19:54:41.031300,16.75,
5bee854d-a68d-258e-b3cb-60084394aa71,4396,proofing,2026-03-08 19:54:41.031300,2026-03-09 12:39:27.312370,16.75,
7f19bfa6-7e0a-e66f-635e-ea2418791923,4396,awaiting_approval,2026-03-09 12:39:27.312370,2026-03-14 05:48:41.397575,113.15,waiting on customer
11fc386c-f214-3d76-f1ed-032fc2d542b7,4396,plating,2026-03-14 05:48:41.397575,2026-03-14 22:33:27.678645,16.75,
a6a695a2-b409-b059-4485-41cd124e95be,4396,on_press,2026-03-14 22:33:27.678645,2026-03-15 15:18:13.959715,16.75,
123c4d18-b2ac-69ca-5e7f-64aaede72c5b,4396,finishing,2026-03-15 15:18:13.959715,2026-03-16 08:03:00.240785,16.75,
2381eb96-98ab-ece8-28a5-5b490d521c49,4396,dispatched,2026-03-16 08:03:00.240785,,,
664e94a8-3e45-7286-0e98-001167b58a94,4397,received,2026-06-29 00:00:00,2026-06-29 02:19:18.292704,2.32,
7f52e6ed-0fa2-31d8-3dab-924bffaccdf8,4397,prepress,2026-06-29 02:19:18.292704,2026-06-29 20:26:02.368733,18.11,
dccccbd8-d639-1601-1948-ff11e2fe858d,4397,proofing,2026-06-29 20:26:02.368733,2026-06-30 14:32:46.444762,18.11,
52d8f11c-6f13-e627-6e12-b1210ffd1c2e,4397,awaiting_approval,2026-06-30 14:32:46.444762,2026-07-05 06:50:36.234378,112.3,waiting on customer
dc36cdc6-a2a4-f524-6885-1cc623a24ca8,4397,plating,2026-07-05 06:50:36.234378,2026-07-06 00:57:20.310407,18.11,
c09fe373-e3e3-1684-a1da-f1bd6b1034c9,4397,on_press,2026-07-06 00:57:20.310407,2026-07-06 19:04:04.386436,18.11,
3b49e604-0c92-4720-5659-4ad8559fe040,4397,finishing,2026-07-06 19:04:04.386436,2026-07-07 13:10:48.462465,18.11,
ed575d76-7f00-5500-be41-c631f1836af7,4397,dispatched,2026-07-07 13:10:48.462465,,,
361844c6-0f51-ccd3-53a3-3b0d48fe39fe,4398,received,2026-01-12 00:00:00,2026-01-12 02:32:17.615190,2.54,
52154922-b171-5ea9-4c89-5ab75a7b4456,4398,prepress,2026-01-12 02:32:17.615190,2026-01-12 19:20:50.162331,16.81,
2fa31592-b443-1945-9857-e8928ec4344e,4398,proofing,2026-01-12 19:20:50.162331,2026-01-13 12:09:22.709472,16.81,
8973d28e-ceb8-9d3a-470b-3f527aa9971d,4398,awaiting_approval,2026-01-13 12:09:22.709472,2026-01-15 03:19:01.537690,39.16,waiting on customer
6e334793-de07-27e3-2a43-ca0ca435930f,4398,plating,2026-01-15 03:19:01.537690,2026-01-15 20:07:34.084831,16.81,
5990db7d-bdad-a920-596f-ef3a2ef47c99,4398,on_press,2026-01-15 20:07:34.084831,2026-01-16 12:56:06.631972,16.81,
1b4440fa-31d0-d2e7-fe97-d8ab9ce7a3e7,4398,finishing,2026-01-16 12:56:06.631972,2026-01-17 05:44:39.179113,16.81,
f935af2b-279a-da9f-73d5-e6baf7ac93b8,4398,dispatched,2026-01-17 05:44:39.179113,2026-01-17 22:33:11.726254,16.81,
369028ae-85bd-827a-c08b-507b80530d06,4398,delivered,2026-01-17 22:33:11.726254,,,
77271f38-da15-bbe8-f30a-d6636cb3f2b0,4399,received,2025-12-24 00:00:00,2025-12-24 01:44:15.429616,1.74,
5d8e5ca6-12a9-5153-48ee-97eb491f8c85,4399,prepress,2025-12-24 01:44:15.429616,2025-12-24 12:58:45.139432,11.24,
5eee2bb1-fef2-e7c4-d646-668179b3b260,4399,proofing,2025-12-24 12:58:45.139432,2025-12-25 00:13:14.849248,11.24,
16e04ef3-4ce6-caec-4067-478216466c84,4399,awaiting_approval,2025-12-25 00:13:14.849248,2025-12-26 16:41:39.813088,40.47,waiting on customer
3927a25b-4b86-ea95-300c-7ab9043cd16e,4399,plating,2025-12-26 16:41:39.813088,2025-12-27 03:56:09.522904,11.24,
10b583a0-50ee-06e0-8cab-b3f611d2432b,4399,on_press,2025-12-27 03:56:09.522904,2025-12-27 15:10:39.232720,11.24,
37190d94-afa3-bfa8-cd13-d36f99d323fb,4399,finishing,2025-12-27 15:10:39.232720,2025-12-28 02:25:08.942536,11.24,
e4504019-e0e7-13b4-f51a-033409bc0537,4399,dispatched,2025-12-28 02:25:08.942536,2025-12-28 13:39:38.652352,11.24,
ebf8bedc-b7b8-f7db-265e-57927daf4f4d,4399,delivered,2025-12-28 13:39:38.652352,,,
ff2eced4-dd9e-c8eb-df43-10097595d2aa,4400,received,2025-11-14 00:00:00,2025-11-14 03:47:47.144190,3.8,
bff7c501-4da3-6f06-b653-4d7af45a0094,4400,prepress,2025-11-14 03:47:47.144190,2025-11-14 14:44:20.156925,10.94,
4a1470b9-eae8-409b-0666-7309c9c027bf,4400,proofing,2025-11-14 14:44:20.156925,2025-11-15 01:40:53.169660,10.94,
7f26bb07-762e-a8d8-d1b9-965fd3f69efc,4400,awaiting_approval,2025-11-15 01:40:53.169660,2025-11-19 02:59:04.104978,97.3,waiting on customer
cafe49f0-442e-ad10-a9fe-76e6523c58ec,4400,plating,2025-11-19 02:59:04.104978,2025-11-19 13:55:37.117713,10.94,
d34b64e0-67fb-f081-e305-55228756b27f,4400,on_press,2025-11-19 13:55:37.117713,2025-11-20 00:52:10.130448,10.94,
912d9998-4745-828e-feff-d4932697d293,4400,finishing,2025-11-20 00:52:10.130448,2025-11-20 11:48:43.143183,10.94,
e74acdd1-bf5a-d2b0-a59b-da7f837c33ed,4400,dispatched,2025-11-20 11:48:43.143183,2025-11-20 22:45:16.155918,10.94,
f93efa49-3ff0-f3f6-2296-1d64b74eb006,4400,delivered,2025-11-20 22:45:16.155918,,,
0d251f3a-2593-7e57-3cb8-918d838d6a7f,4401,received,2025-12-25 00:00:00,2025-12-25 01:58:02.321693,1.97,
70457a9a-72d5-42b4-8dc0-aa7bb4a7e779,4401,prepress,2025-12-25 01:58:02.321693,2025-12-25 14:07:38.180232,12.16,
4e194411-e44f-5ae6-73df-8264454f51ce,4401,proofing,2025-12-25 14:07:38.180232,2025-12-26 02:17:14.038771,12.16,
26230b7b-8da2-fe73-9a79-9dad9c947cd0,4401,awaiting_approval,2025-12-26 02:17:14.038771,2025-12-28 01:07:19.700246,46.83,waiting on customer
c8369ff8-a6ac-81be-feda-a75cc66c7aba,4401,plating,2025-12-28 01:07:19.700246,2025-12-28 13:16:55.558785,12.16,
d2651310-2805-d0cb-9eda-1299f2ff6d2a,4401,on_press,2025-12-28 13:16:55.558785,2025-12-29 01:26:31.417324,12.16,
232bf82c-6882-4dc7-e6a5-d0108224d856,4401,finishing,2025-12-29 01:26:31.417324,2025-12-29 13:36:07.275863,12.16,
514c0853-0665-1aaa-81f9-1ba1c8e2002a,4401,dispatched,2025-12-29 13:36:07.275863,2025-12-30 01:45:43.134402,12.16,
958df8c9-c58c-6519-d0c9-1429055adaec,4401,delivered,2025-12-30 01:45:43.134402,,,
4d6c5fac-fa26-397e-7cf3-03db1757839c,4402,received,2026-02-25 00:00:00,2026-02-25 04:45:47.511816,4.76,
f68306a2-c65e-4438-30f7-f6d86708a422,4402,prepress,2026-02-25 04:45:47.511816,2026-02-26 02:51:02.997567,22.09,
49f89558-ab88-bf34-7139-72d4d2910b2b,4402,proofing,2026-02-26 02:51:02.997567,2026-02-27 00:56:18.483318,22.09,
fdcdf233-96ec-83fa-8fa2-11be04bf91d6,4402,awaiting_approval,2026-02-27 00:56:18.483318,2026-02-28 13:13:39.652474,36.29,waiting on customer
9166cf8b-09f2-9885-cfd9-eb4ae42f0872,4402,plating,2026-02-28 13:13:39.652474,2026-03-01 11:18:55.138225,22.09,
0b8c3656-6986-30d4-ca4e-21365fb6cc8d,4402,on_press,2026-03-01 11:18:55.138225,2026-03-02 09:24:10.623976,22.09,
e88a49f6-4776-8f38-9e3d-cdbc3e86caba,4402,finishing,2026-03-02 09:24:10.623976,2026-03-03 07:29:26.109727,22.09,
68c8830d-ac07-e449-2dcb-df90c6e0bfe2,4402,dispatched,2026-03-03 07:29:26.109727,2026-03-04 05:34:41.595478,22.09,
6fa2f71a-6cbc-5fa5-b4cf-4be2b48d4946,4402,delivered,2026-03-04 05:34:41.595478,,,
5cca6020-ada6-ddc2-453b-967be48668f0,4403,received,2026-04-26 00:00:00,2026-04-26 02:49:39.634148,2.83,
88fdfcf7-03a6-7d28-6174-054e0f0812cc,4403,prepress,2026-04-26 02:49:39.634148,2026-04-26 22:39:20.520008,19.83,
4557b367-dd77-8e2d-9445-4dd64bb53c8b,4403,proofing,2026-04-26 22:39:20.520008,2026-04-27 18:29:01.405868,19.83,
5c885eac-418e-f84f-4459-b484edadf2d2,4403,awaiting_approval,2026-04-27 18:29:01.405868,2026-04-29 10:20:51.788308,39.86,waiting on customer
6ebf5bf6-580b-1424-b61b-4e5c88aaeb30,4403,plating,2026-04-29 10:20:51.788308,2026-04-30 06:10:32.674168,19.83,
92db7579-1144-9d23-1c5e-01e7c51a454b,4403,on_press,2026-04-30 06:10:32.674168,2026-05-01 02:00:13.560028,19.83,
7204d20d-8199-6791-448a-83af7d0f1410,4403,finishing,2026-05-01 02:00:13.560028,2026-05-01 21:49:54.445888,19.83,
c00591e8-d721-2342-1e8f-1dffe104883b,4403,dispatched,2026-05-01 21:49:54.445888,,,
cd6f7a57-a141-c6c6-2e5c-678e76d681ac,4404,received,2026-06-23 00:00:00,2026-06-23 02:13:48.735361,2.23,
92b8512a-b005-eae0-ed6f-1dced34bd54f,4404,prepress,2026-06-23 02:13:48.735361,2026-06-23 18:58:09.618545,16.74,
53dfa60c-2d70-5caf-eaac-982f93dac0b4,4404,proofing,2026-06-23 18:58:09.618545,2026-06-24 11:42:30.501729,16.74,
ec419d89-c92b-2cd2-1aa9-4aed83d75e9b,4404,awaiting_approval,2026-06-24 11:42:30.501729,2026-06-27 11:59:08.632369,72.28,waiting on customer
93248f7b-7755-d3ac-8611-10e8f0108000,4404,plating,2026-06-27 11:59:08.632369,2026-06-28 04:43:29.515553,16.74,
222a4179-4e4e-20a8-2374-e10f91f7db3f,4404,on_press,2026-06-28 04:43:29.515553,2026-06-28 21:27:50.398737,16.74,
d881e561-6d04-462e-eb93-6bc137272ea2,4404,finishing,2026-06-28 21:27:50.398737,2026-06-29 14:12:11.281921,16.74,
e2f4b599-5a87-4714-3c11-8eccc6c7e6df,4404,dispatched,2026-06-29 14:12:11.281921,2026-06-30 06:56:32.165105,16.74,
dfdd5340-6011-2fb2-8c40-3481dbaef33b,4404,delivered,2026-06-30 06:56:32.165105,,,
281f93e3-419f-6d81-2da8-6767a57df6dd,4405,received,2026-05-04 00:00:00,2026-05-04 02:16:38.240490,2.28,
9414e1e5-7fd3-6adb-2267-e93a2b51a227,4405,prepress,2026-05-04 02:16:38.240490,2026-05-05 02:42:50.728276,24.44,
9788f791-01bc-bec5-7bf4-b35f4f8e860a,4405,proofing,2026-05-05 02:42:50.728276,2026-05-06 03:09:03.216062,24.44,
0c32e0c2-6ba0-782d-8b97-73609f0935a2,4405,awaiting_approval,2026-05-06 03:09:03.216062,2026-05-08 07:02:03.862367,51.88,waiting on customer
eba99eb8-3a59-e40a-b7d4-da26554c0644,4405,plating,2026-05-08 07:02:03.862367,2026-05-09 07:28:16.350153,24.44,
74e33988-802e-1cd7-893b-c1da69d44a31,4405,on_press,2026-05-09 07:28:16.350153,2026-05-10 07:54:28.837939,24.44,
28112689-d8a1-77c1-9ee2-79e432a20a10,4405,finishing,2026-05-10 07:54:28.837939,2026-05-11 08:20:41.325725,24.44,
ceeeaf82-14ce-ad86-f0e6-38abc2040143,4405,dispatched,2026-05-11 08:20:41.325725,2026-05-12 08:46:53.813511,24.44,
c85abcfd-99f5-d4b4-7dbe-436e938271c7,4405,delivered,2026-05-12 08:46:53.813511,,,
51612898-b6e2-7ee9-09a8-bc206a1baa13,4406,received,2026-04-10 00:00:00,2026-04-10 03:52:14.415681,3.87,
34888375-0b95-4647-653d-0c2f123ea7c9,4406,prepress,2026-04-10 03:52:14.415681,2026-04-10 10:47:51.280789,6.93,
ba54f1e1-131f-89a3-397e-fffe1b82ff7a,4406,proofing,2026-04-10 10:47:51.280789,2026-04-10 17:43:28.145897,6.93,
cd78b187-aa5e-a1ca-8803-1d8d8f4dc2c9,4406,awaiting_approval,2026-04-10 17:43:28.145897,2026-04-17 03:08:33.259919,153.42,waiting on customer
a1258dfb-7a2b-7cef-7b4a-244f200035fd,4406,plating,2026-04-17 03:08:33.259919,2026-04-17 10:04:10.125027,6.93,
263946b7-2f2c-873d-146c-dad30d9ad710,4406,on_press,2026-04-17 10:04:10.125027,2026-04-17 16:59:46.990135,6.93,
8825c1f7-6283-ad06-e289-920726985828,4406,finishing,2026-04-17 16:59:46.990135,2026-04-17 23:55:23.855243,6.93,
158ed366-e7f8-c398-2c85-c107ccc90113,4406,dispatched,2026-04-17 23:55:23.855243,,,
0070cfbe-931e-2c82-4a9c-67483b59d542,4407,received,2026-08-01 00:00:00,2026-08-01 02:28:44.206108,2.48,
45bdfc60-2b14-2950-72e0-af28d47844f0,4407,prepress,2026-08-01 02:28:44.206108,2026-08-01 23:11:26.912361,20.71,
7e6bbf93-750c-6e96-89f1-89a6f173aba3,4407,proofing,2026-08-01 23:11:26.912361,2026-08-02 19:54:09.618614,20.71,
e42471ac-37f2-a150-c3d7-c2f2dd41e508,4407,awaiting_approval,2026-08-02 19:54:09.618614,2026-08-04 06:42:54.764826,34.81,waiting on customer
1e449b9b-7c67-e30c-077d-5c3e0374ef26,4407,plating,2026-08-04 06:42:54.764826,2026-08-05 03:25:37.471079,20.71,
d6d18221-2129-29c4-37b0-a732ca730643,4407,on_press,2026-08-05 03:25:37.471079,2026-08-06 00:08:20.177332,20.71,
af8998df-cd65-ad6b-d832-49302df26a44,4407,finishing,2026-08-06 00:08:20.177332,2026-08-06 20:51:02.883585,20.71,
5e5909b6-2620-833f-6f30-0205ffe1ad99,4407,dispatched,2026-08-06 20:51:02.883585,2026-08-07 17:33:45.589838,20.71,
aefa02fb-f668-cafa-7a94-024439fbd8b8,4407,delivered,2026-08-07 17:33:45.589838,,,
61e5afe3-18cf-385f-ee03-36671b91c1d8,4408,received,2026-04-06 00:00:00,2026-04-06 02:04:11.618487,2.07,
de0ce2ac-5979-b7a7-c2fe-0fc11c3ddc77,4408,prepress,2026-04-06 02:04:11.618487,2026-04-06 15:29:11.424916,13.42,
efe29e9c-0b0e-db1b-23cc-458eef625d3c,4408,proofing,2026-04-06 15:29:11.424916,2026-04-07 04:54:11.231345,13.42,
1ee09e60-e2ec-cf5c-0adb-2d1123550696,4408,awaiting_approval,2026-04-07 04:54:11.231345,2026-04-08 18:35:19.474894,37.69,waiting on customer
238619b1-29fe-ce21-3ced-4f0bf863a068,4408,plating,2026-04-08 18:35:19.474894,2026-04-09 08:00:19.281323,13.42,
a25fa094-e87f-1c74-e5c5-3dd0a2159ec2,4408,on_press,2026-04-09 08:00:19.281323,2026-04-09 21:25:19.087752,13.42,
0faea5db-ec08-0141-24b5-c237b0dba967,4408,finishing,2026-04-09 21:25:19.087752,2026-04-10 10:50:18.894181,13.42,
57801805-dac8-bd3b-4bd4-7f17667c62b4,4408,dispatched,2026-04-10 10:50:18.894181,,,
3ec59286-ad5b-3e7e-603f-7ea397f47e4e,4409,received,2026-07-24 00:00:00,2026-07-24 02:46:46.639705,2.78,
6a1445e9-eb25-14a9-c28a-8edb7e06397e,4409,prepress,2026-07-24 02:46:46.639705,2026-07-24 18:19:37.550698,15.55,
4d633bc1-aa0a-17ba-685c-11913322a4c6,4409,proofing,2026-07-24 18:19:37.550698,2026-07-25 09:52:28.461691,15.55,
711fe94e-7055-f467-fd77-a8ee694f0353,4409,awaiting_approval,2026-07-25 09:52:28.461691,2026-07-28 17:36:44.364299,79.74,waiting on customer
6f7cfa1c-0204-dca4-8c16-4cff2f7ed35b,4409,plating,2026-07-28 17:36:44.364299,2026-07-29 09:09:35.275292,15.55,
487e2c2c-7639-32d4-d180-5043adb1490e,4409,on_press,2026-07-29 09:09:35.275292,2026-07-30 00:42:26.186285,15.55,
925f45eb-fea4-7913-117f-2f486280a91f,4409,finishing,2026-07-30 00:42:26.186285,2026-07-30 16:15:17.097278,15.55,
53e463d3-3229-ab82-6bc4-993aff2eac3c,4409,dispatched,2026-07-30 16:15:17.097278,2026-07-31 07:48:08.008271,15.55,
bd04b7a9-a2d9-48cb-9a9e-c3a505d9a9c0,4409,delivered,2026-07-31 07:48:08.008271,,,
8e549766-14e3-25f2-c1e5-c05e669e1b0d,4410,received,2026-01-30 00:00:00,2026-01-30 03:45:36.918504,3.76,
dbba492f-348d-e54b-e5cc-5cd824bc7602,4410,prepress,2026-01-30 03:45:36.918504,2026-01-30 18:47:25.889522,15.03,
93dd90a3-b745-caf1-444d-a50ab75b8931,4410,proofing,2026-01-30 18:47:25.889522,2026-01-31 09:49:14.860540,15.03,
0bfee98c-f2e2-97b7-e1cc-a14061c287da,4410,awaiting_approval,2026-01-31 09:49:14.860540,2026-02-01 19:09:49.474753,33.34,waiting on customer
cd3775b8-cfa4-dd68-7a03-94b34a9fd3b9,4410,plating,2026-02-01 19:09:49.474753,2026-02-02 10:11:38.445771,15.03,
e28442fb-fd0e-484f-9909-a05f9ebb3965,4410,on_press,2026-02-02 10:11:38.445771,2026-02-03 01:13:27.416789,15.03,
b6c90f22-931a-faf9-d59a-a66b3f1d51b2,4410,finishing,2026-02-03 01:13:27.416789,2026-02-03 16:15:16.387807,15.03,
18853741-5fcd-c941-fd2d-47ad981ac56c,4410,dispatched,2026-02-03 16:15:16.387807,2026-02-04 07:17:05.358825,15.03,
63f45519-ac6e-dfb9-766f-5c685653d709,4410,delivered,2026-02-04 07:17:05.358825,,,
9bbbe0ed-b462-2001-390f-77c3cbb06fee,4411,received,2026-01-05 00:00:00,2026-01-05 01:00:27.079925,1.01,
69d49413-da00-dc87-bb35-f454d4be673c,4411,prepress,2026-01-05 01:00:27.079925,2026-01-05 16:48:12.502537,15.8,
d9be8f1f-83b0-dace-c6d8-eb79a88ba511,4411,proofing,2026-01-05 16:48:12.502537,2026-01-06 08:35:57.925149,15.8,
45307e26-e908-1149-529b-95f6f01433dd,4411,awaiting_approval,2026-01-06 08:35:57.925149,2026-01-08 22:51:06.380826,62.25,waiting on customer
b5b2d9cc-c2d4-b482-0ac1-269253f01cc9,4411,plating,2026-01-08 22:51:06.380826,2026-01-09 14:38:51.803438,15.8,
bf358388-c0df-8e05-dd1a-a280441d889e,4411,on_press,2026-01-09 14:38:51.803438,2026-01-10 06:26:37.226050,15.8,
82ba7ef5-be44-ce05-3cfc-e42a3a34e4c1,4411,finishing,2026-01-10 06:26:37.226050,2026-01-10 22:14:22.648662,15.8,
3ca758ea-558e-32a4-3b60-40271d3b8ff6,4411,dispatched,2026-01-10 22:14:22.648662,2026-01-11 14:02:08.071274,15.8,
910ccb81-e820-cb04-3080-5c9ad34554e5,4411,delivered,2026-01-11 14:02:08.071274,,,
70be8e48-ccfb-ba08-2539-2e2c1835e4b5,4412,received,2026-05-28 00:00:00,2026-05-28 02:49:27.690447,2.82,
b56c3893-6785-8406-5e4c-553093f456b5,4412,prepress,2026-05-28 02:49:27.690447,2026-05-28 18:58:13.792222,16.15,
533cb4fc-fac0-2616-8df7-131ef3dc7713,4412,proofing,2026-05-28 18:58:13.792222,2026-05-29 11:06:59.893997,16.15,
9f5dd656-fb39-d758-7848-1fd0791c62a4,4412,awaiting_approval,2026-05-29 11:06:59.893997,2026-05-30 17:55:39.295876,30.81,waiting on customer
11dc77f3-2872-60ca-3dd5-a34c4dc8fb20,4412,plating,2026-05-30 17:55:39.295876,2026-05-31 10:04:25.397651,16.15,
143b2795-d5a1-84f0-14b7-2c5613c3d679,4412,on_press,2026-05-31 10:04:25.397651,2026-06-01 02:13:11.499426,16.15,
dc996cf3-f707-3650-dee9-537fbeaf38d9,4412,finishing,2026-06-01 02:13:11.499426,2026-06-01 18:21:57.601201,16.15,
e71dc3e2-0429-e5e5-d53a-94b8e8ffab39,4412,dispatched,2026-06-01 18:21:57.601201,2026-06-02 10:30:43.702976,16.15,
563d14b0-fa9b-f8e2-08af-1c0cae14e79b,4412,delivered,2026-06-02 10:30:43.702976,,,
fdc11cca-c54e-b571-366b-302a10b7c107,4413,received,2025-12-07 00:00:00,2025-12-07 01:12:10.748248,1.2,
8a80eb27-b7c1-76bc-c59f-3b7f472cf252,4413,prepress,2025-12-07 01:12:10.748248,2025-12-07 21:07:57.377704,19.93,
ab9e3ef7-71a2-fde8-4a7c-a6b87dcf725d,4413,proofing,2025-12-07 21:07:57.377704,2025-12-08 17:03:44.007160,19.93,
1c24e051-4332-2352-61c4-8f34bc69681a,4413,awaiting_approval,2025-12-08 17:03:44.007160,2025-12-09 18:42:13.092284,25.64,waiting on customer
833d7fd1-f23f-9366-f3dc-26115d4ba42e,4413,plating,2025-12-09 18:42:13.092284,2025-12-10 14:37:59.721740,19.93,
381763db-c151-1572-1e01-b0f2ea48e413,4413,on_press,2025-12-10 14:37:59.721740,2025-12-11 10:33:46.351196,19.93,
255b4a3e-35df-b259-316b-2e4c9de2db01,4413,finishing,2025-12-11 10:33:46.351196,2025-12-12 06:29:32.980652,19.93,
c1790698-684b-32a6-4a3f-c42cae6cca44,4413,dispatched,2025-12-12 06:29:32.980652,2025-12-13 02:25:19.610108,19.93,
45660d1c-1634-801f-ddea-355fcc770ee2,4413,delivered,2025-12-13 02:25:19.610108,,,
21031a93-3768-f5fe-f8e0-5559454750cc,4414,received,2026-05-17 00:00:00,2026-05-17 04:26:17.540574,4.44,
51636ec9-e5e3-5ffe-7c8c-6b1545939980,4414,prepress,2026-05-17 04:26:17.540574,2026-05-17 21:26:55.006500,17.01,
dc1ad688-e2c1-b48e-7dc4-647af6b4b9c7,4414,proofing,2026-05-17 21:26:55.006500,2026-05-18 14:27:32.472426,17.01,
203b9b30-7dbc-6fd6-55a4-8ca769f0bda9,4414,awaiting_approval,2026-05-18 14:27:32.472426,2026-05-19 20:45:54.035887,30.31,waiting on customer
56ca1b8b-0f83-13bc-c583-d7ece42a362d,4414,plating,2026-05-19 20:45:54.035887,2026-05-20 13:46:31.501813,17.01,
120c27f3-41b0-b14a-4013-087fab06a551,4414,on_press,2026-05-20 13:46:31.501813,2026-05-21 06:47:08.967739,17.01,
8a5c3fbf-cfab-711c-567a-500fd86d766a,4414,finishing,2026-05-21 06:47:08.967739,2026-05-21 23:47:46.433665,17.01,
6611296c-d881-2f0e-fd35-2ad827360731,4414,dispatched,2026-05-21 23:47:46.433665,,,
8e376633-aaca-59c3-7a51-29c7d5882490,4415,received,2026-02-02 00:00:00,2026-02-02 03:27:17.951613,3.45,
58483b0d-164e-d711-1cab-7219e9ceebd6,4415,prepress,2026-02-02 03:27:17.951613,2026-02-02 21:21:19.960360,17.9,
33ae6cf4-bd5c-e627-2eb2-2a326cdf740d,4415,proofing,2026-02-02 21:21:19.960360,2026-02-03 15:15:21.969107,17.9,
9564c811-eeb7-52a0-5283-d819b4cc61a4,4415,awaiting_approval,2026-02-03 15:15:21.969107,2026-02-04 20:56:53.401411,29.69,waiting on customer
d7ca75c1-e072-493c-2046-429fce405a95,4415,plating,2026-02-04 20:56:53.401411,2026-02-05 14:50:55.410158,17.9,
f3687a93-f126-89db-2f02-ceaef36f1427,4415,on_press,2026-02-05 14:50:55.410158,2026-02-06 08:44:57.418905,17.9,
5506211e-c5bd-c97b-f698-df809576412c,4415,finishing,2026-02-06 08:44:57.418905,2026-02-07 02:38:59.427652,17.9,
ae363b23-288e-57a4-267e-6d50c0b559a1,4415,dispatched,2026-02-07 02:38:59.427652,,,
2ffde297-c3fa-8722-0a45-fbf13e0e1815,4416,received,2026-07-18 00:00:00,2026-07-18 04:00:35.473490,4.01,
8dadd340-7b5f-af6c-45a2-433a243e866e,4416,prepress,2026-07-18 04:00:35.473490,2026-07-18 17:26:09.018738,13.43,
81299e46-d208-275e-cdda-25580292484e,4416,proofing,2026-07-18 17:26:09.018738,2026-07-19 06:51:42.563986,13.43,
a720d822-5564-90f2-622f-8bc77344c72c,4416,awaiting_approval,2026-07-19 06:51:42.563986,2026-07-20 08:56:53.150315,26.09,waiting on customer
a53f307e-6223-483b-dd88-a920b81307bd,4416,plating,2026-07-20 08:56:53.150315,2026-07-20 22:22:26.695563,13.43,
24259b95-7f65-bce4-38d0-2c20dba44604,4416,on_press,2026-07-20 22:22:26.695563,2026-07-21 11:48:00.240811,13.43,
c1215a7c-9f3e-869e-b3d9-8fced9f73e26,4416,finishing,2026-07-21 11:48:00.240811,2026-07-22 01:13:33.786059,13.43,
41caf6ef-e1e2-5a9c-e12b-3f5371b6894a,4416,dispatched,2026-07-22 01:13:33.786059,2026-07-22 14:39:07.331307,13.43,
2cec9902-9fc9-8cf3-cc37-fff4e51c99e7,4416,delivered,2026-07-22 14:39:07.331307,,,
eb8a024c-9d7b-6932-c82f-bcbfc5799771,4417,received,2026-05-05 00:00:00,2026-05-05 03:36:23.322865,3.61,
e1d4ed17-83b2-fb34-7279-b63beede27df,4417,prepress,2026-05-05 03:36:23.322865,2026-05-05 15:01:50.176044,11.42,
3b6149ad-de96-bfac-77e0-3942a1146dfe,4417,proofing,2026-05-05 15:01:50.176044,2026-05-06 02:27:17.029223,11.42,
30036a31-463c-c92f-d3e0-239711bf6c3a,4417,awaiting_approval,2026-05-06 02:27:17.029223,2026-05-07 16:59:39.195175,38.54,waiting on customer
6fced5a2-8890-040f-c1f8-6d6e5b3a7aee,4417,plating,2026-05-07 16:59:39.195175,2026-05-08 04:25:06.048354,11.42,
95cfbcfc-7b8d-f648-46ee-3c470094b5b5,4417,on_press,2026-05-08 04:25:06.048354,2026-05-08 15:50:32.901533,11.42,
61c4d6bf-fdb8-df66-fb44-6d97474614c9,4417,finishing,2026-05-08 15:50:32.901533,2026-05-09 03:15:59.754712,11.42,
c254e3a5-cc50-dca4-f27f-7e161bda8d91,4417,dispatched,2026-05-09 03:15:59.754712,2026-05-09 14:41:26.607891,11.42,
b95e1423-3154-9923-2de7-6ef0bdd5f75d,4417,delivered,2026-05-09 14:41:26.607891,,,
0bfd9c14-e093-d4da-83da-f9cf951cef8c,4418,received,2026-01-21 00:00:00,2026-01-21 03:26:19.362067,3.44,
6d3e647a-f374-460e-54c9-445978cb08e7,4418,prepress,2026-01-21 03:26:19.362067,2026-01-21 14:16:19.671971,10.83,
6c5620b2-35ed-9bd2-c594-9cb16ebccfa5,4418,proofing,2026-01-21 14:16:19.671971,2026-01-22 01:06:19.981875,10.83,
d7dc7380-d1d1-1e4b-5b79-448aa8c195fe,4418,awaiting_approval,2026-01-22 01:06:19.981875,2026-01-23 05:56:58.952989,28.84,waiting on customer
c6347a1d-4824-7672-2ee5-54d342fe8ba2,4418,plating,2026-01-23 05:56:58.952989,2026-01-23 16:46:59.262893,10.83,
2e7298a4-9cc7-0ac4-8106-4acd711351d3,4418,on_press,2026-01-23 16:46:59.262893,2026-01-24 03:36:59.572797,10.83,
f7a097b9-3f69-56f3-bd61-13f29d61ba08,4418,finishing,2026-01-24 03:36:59.572797,2026-01-24 14:26:59.882701,10.83,
b31b2c6a-dbbd-5464-1a01-f53905c12491,4418,dispatched,2026-01-24 14:26:59.882701,2026-01-25 01:17:00.192605,10.83,
becb579d-86cb-3277-5483-41b89cb19edf,4418,delivered,2026-01-25 01:17:00.192605,,,
774af9ae-3fdd-dfc8-a76e-df2e0c84f8a5,4419,received,2026-03-18 00:00:00,2026-03-18 04:33:40.267580,4.56,
acddd74d-0dd8-0ab2-cd72-6e77c8eaa504,4419,prepress,2026-03-18 04:33:40.267580,2026-03-18 18:24:09.440014,13.84,
c43df132-6f77-daea-109c-bb61957d8c04,4419,proofing,2026-03-18 18:24:09.440014,2026-03-19 08:14:38.612448,13.84,
6230371e-6840-ec2e-8d4b-68b16e61b0cf,4419,awaiting_approval,2026-03-19 08:14:38.612448,2026-03-22 15:06:53.287054,78.87,waiting on customer
9195b7ac-6a04-62a9-5abb-f013bdfa4a0d,4419,plating,2026-03-22 15:06:53.287054,2026-03-23 04:57:22.459488,13.84,
e2e72f01-c92e-6b1f-1961-be65b6b1f43a,4419,on_press,2026-03-23 04:57:22.459488,2026-03-23 18:47:51.631922,13.84,
1cf97d4a-40c7-a35f-f502-9198ab2888e4,4419,finishing,2026-03-23 18:47:51.631922,2026-03-24 08:38:20.804356,13.84,
c50e4b22-fa03-7b2e-9640-4cf4fca6fa3f,4419,dispatched,2026-03-24 08:38:20.804356,2026-03-24 22:28:49.976790,13.84,
54f2b83c-94e9-0dc8-5538-b5f0f6aacd46,4419,delivered,2026-03-24 22:28:49.976790,,,
9f1a40fd-e575-490a-513b-dbc60bc35f84,4420,received,2026-04-29 00:00:00,2026-04-29 01:17:41.098032,1.29,
70a61986-9844-1cbc-9eff-a4555f24e5c0,4420,prepress,2026-04-29 01:17:41.098032,2026-04-30 12:53:56.338311,35.6,
f0f713e8-83ca-0cf1-0e96-0aedf4c01810,4420,proofing,2026-04-30 12:53:56.338311,2026-05-02 00:30:11.578590,35.6,
b76f813f-865d-00e8-8095-09e97ee222bb,4420,awaiting_approval,2026-05-02 00:30:11.578590,2026-05-02 05:11:10.824172,4.68,waiting on customer
270ab409-9522-6813-4825-7da02edc881c,4420,plating,2026-05-02 05:11:10.824172,2026-05-03 16:47:26.064451,35.6,
b813d879-2170-d9ee-c5a8-bb83566be379,4420,on_press,2026-05-03 16:47:26.064451,2026-05-05 04:23:41.304730,35.6,
269fac87-788e-16d3-25be-563453c4d0a8,4420,finishing,2026-05-05 04:23:41.304730,2026-05-06 15:59:56.545009,35.6,
cd476bc5-5ca0-31f0-c1a9-e24e3c73fb9a,4420,dispatched,2026-05-06 15:59:56.545009,2026-05-08 03:36:11.785288,35.6,
5e131aaf-00b7-94a1-630b-eecfa67b1842,4420,delivered,2026-05-08 03:36:11.785288,,,
3c478f7a-53c8-19a3-d9a2-411c4f996754,4421,received,2026-05-22 00:00:00,2026-05-22 03:55:00.712992,3.92,
4dd5559a-0124-8bea-524a-917f2e9a5f8f,4421,prepress,2026-05-22 03:55:00.712992,2026-05-22 19:27:57.770484,15.55,
09eb8eb7-4c82-c0db-978d-eae966ffc4a9,4421,proofing,2026-05-22 19:27:57.770484,2026-05-23 11:00:54.827976,15.55,
69e1388f-3346-1011-3d36-a5016977390e,4421,awaiting_approval,2026-05-23 11:00:54.827976,2026-05-26 03:54:05.360165,64.89,waiting on customer
ef737e56-6a38-0154-e6b6-e467353058e4,4421,plating,2026-05-26 03:54:05.360165,2026-05-26 19:27:02.417657,15.55,
b1d679d6-4cf4-d7c2-a631-1aebfc64a265,4421,on_press,2026-05-26 19:27:02.417657,2026-05-27 10:59:59.475149,15.55,
02afafe4-93b9-cb69-5194-b57d8ee0a802,4421,finishing,2026-05-27 10:59:59.475149,2026-05-28 02:32:56.532641,15.55,
96c133fd-0dc9-c6eb-6644-59418985e22d,4421,dispatched,2026-05-28 02:32:56.532641,2026-05-28 18:05:53.590133,15.55,
6f59c1f7-7092-b8e7-ad7d-eb7e6e8a47a0,4421,delivered,2026-05-28 18:05:53.590133,,,
1053a8ee-057c-603f-81e8-714627568dd3,4422,received,2025-12-20 00:00:00,2025-12-20 04:44:32.667354,4.74,
eda7c0e0-b7da-d182-eec8-a554d73063cf,4422,prepress,2025-12-20 04:44:32.667354,2025-12-21 09:29:59.407881,28.76,
386a9dd2-6de8-c3a4-7d91-851aa20d06ff,4422,proofing,2025-12-21 09:29:59.407881,2025-12-22 14:15:26.148408,28.76,
b4552ae9-60f5-32c8-dcef-90ed24bfb398,4422,awaiting_approval,2025-12-22 14:15:26.148408,2025-12-22 23:28:49.877691,9.22,waiting on customer
69fefcb4-b738-5d5c-2741-019eeb872442,4422,plating,2025-12-22 23:28:49.877691,2025-12-24 04:14:16.618218,28.76,
6211314f-d008-18fc-07fb-37ddd7b5f28b,4422,on_press,2025-12-24 04:14:16.618218,2025-12-25 08:59:43.358745,28.76,
5e607c94-15f2-f98e-f2b5-9280c7c29991,4422,finishing,2025-12-25 08:59:43.358745,2025-12-26 13:45:10.099272,28.76,
6361e562-c031-1693-d392-062feeb7186d,4422,dispatched,2025-12-26 13:45:10.099272,2025-12-27 18:30:36.839799,28.76,
801e9c92-e534-acea-899a-3b65f287aadb,4422,delivered,2025-12-27 18:30:36.839799,,,
8d3f5ff8-deb2-a29e-e13e-35fe08d6e78c,4423,received,2026-05-17 00:00:00,2026-05-17 03:42:05.077373,3.7,
27bb3bfb-6ef8-7766-59f4-0d3c650148e6,4423,prepress,2026-05-17 03:42:05.077373,2026-05-18 02:31:13.971056,22.82,
ad49ae09-dca8-2415-a7af-2c9441773ae0,4423,proofing,2026-05-18 02:31:13.971056,2026-05-19 01:20:22.864739,22.82,
8f000ce1-e438-3c4c-83c5-f810a3a531b4,4423,awaiting_approval,2026-05-19 01:20:22.864739,2026-05-19 06:22:08.079224,5.03,waiting on customer
467b1793-def9-6b5c-db55-1c08b6ed35c9,4423,plating,2026-05-19 06:22:08.079224,2026-05-20 05:11:16.972907,22.82,
9fd4b312-1f5f-7f43-a44c-eb1066025d86,4423,on_press,2026-05-20 05:11:16.972907,2026-05-21 04:00:25.866590,22.82,
543ed0a5-863a-5b29-ec08-e7a99517fcc3,4423,finishing,2026-05-21 04:00:25.866590,2026-05-22 02:49:34.760273,22.82,
42602e6b-9701-ce8a-ea43-0a338dd4c22e,4423,dispatched,2026-05-22 02:49:34.760273,2026-05-23 01:38:43.653956,22.82,
21f0b65e-1b6f-4e10-1384-214289128c30,4423,delivered,2026-05-23 01:38:43.653956,,,
6f28f929-d04f-c5e9-248f-bd7ee41ee35e,4424,received,2025-12-01 00:00:00,2025-12-01 04:52:44.877933,4.88,
1e510ceb-6e1e-b7f2-d9c8-1bf4b94d9032,4424,prepress,2025-12-01 04:52:44.877933,2025-12-02 01:48:24.477916,20.93,
aa0f669b-7c93-9507-f003-a3e827a4aafe,4424,proofing,2025-12-02 01:48:24.477916,2025-12-02 22:44:04.077899,20.93,
ed9289d1-7466-a5ad-3ec6-bfd38ea931ba,4424,awaiting_approval,2025-12-02 22:44:04.077899,2025-12-07 00:33:25.843303,97.82,waiting on customer
278d1515-9711-8e88-f2f0-a09482d21073,4424,plating,2025-12-07 00:33:25.843303,2025-12-07 21:29:05.443286,20.93,
ac3102f7-d904-30c3-578b-eaf0e55dd65f,4424,on_press,2025-12-07 21:29:05.443286,2025-12-08 18:24:45.043269,20.93,
f33ecf92-89c7-a466-331b-c6c8b0c926e9,4424,finishing,2025-12-08 18:24:45.043269,2025-12-09 15:20:24.643252,20.93,
f2d77423-91cf-03b2-0f99-fef474b7de55,4424,dispatched,2025-12-09 15:20:24.643252,2025-12-10 12:16:04.243235,20.93,
d481f2a2-217e-2c39-05b3-0ffb4af84dd6,4424,delivered,2025-12-10 12:16:04.243235,,,
6475fdfd-c394-5436-1df9-f3edb53c7510,4425,received,2026-04-09 00:00:00,2026-04-09 02:57:52.147670,2.96,
7ca31639-058b-c23e-ff4e-64474ad8e727,4425,prepress,2026-04-09 02:57:52.147670,2026-04-09 19:32:38.528879,16.58,
9de5dfe0-78b1-e228-8f70-ce8ce32d5b54,4425,proofing,2026-04-09 19:32:38.528879,2026-04-10 12:07:24.910088,16.58,
59eadbd4-df15-700d-2140-f1fa0b176680,4425,awaiting_approval,2026-04-10 12:07:24.910088,2026-04-11 15:52:16.700813,27.75,waiting on customer
fdaeed24-f193-bc25-f079-675b20bb60c3,4425,plating,2026-04-11 15:52:16.700813,2026-04-12 08:27:03.082022,16.58,
ccb009d8-cf93-2863-f6a0-7c57d356260b,4425,on_press,2026-04-12 08:27:03.082022,2026-04-13 01:01:49.463231,16.58,
fe74bd90-3325-fb34-c89a-eb1b8a53c602,4425,finishing,2026-04-13 01:01:49.463231,2026-04-13 17:36:35.844440,16.58,
36e42320-af46-3cca-88de-384b20f9e014,4425,dispatched,2026-04-13 17:36:35.844440,,,
21eba587-8de5-4be6-6e05-0ad639560786,4426,received,2025-12-02 00:00:00,2025-12-02 01:40:53.633993,1.68,
189f2ea8-f2c6-fe1a-1a49-2dbebd1e9d9f,4426,prepress,2025-12-02 01:40:53.633993,2025-12-02 10:16:56.890092,8.6,
fec07cf6-150c-27a5-5d8f-a95a9527273c,4426,proofing,2025-12-02 10:16:56.890092,2025-12-02 18:53:00.146191,8.6,
a478181b-b3f3-34f0-fc05-204e93a2303e,4426,awaiting_approval,2025-12-02 18:53:00.146191,2025-12-06 02:50:45.341413,79.96,waiting on customer
cd97ee46-7bb5-b9cf-07d8-068bf7cf042a,4426,plating,2025-12-06 02:50:45.341413,2025-12-06 11:26:48.597512,8.6,
83747983-51fd-8775-d778-781bde78419d,4426,on_press,2025-12-06 11:26:48.597512,2025-12-06 20:02:51.853611,8.6,
ce989bf6-dafe-2e69-5aab-c8f714221bde,4426,finishing,2025-12-06 20:02:51.853611,2025-12-07 04:38:55.109710,8.6,
edcb9829-6d4d-4734-b75e-1c385dd202ba,4426,dispatched,2025-12-07 04:38:55.109710,2025-12-07 13:14:58.365809,8.6,
870f8988-e727-1fb3-2449-2333b04422d5,4426,delivered,2025-12-07 13:14:58.365809,,,
73b82007-1dd3-2ad1-0926-935e56b8fab6,4427,received,2026-02-20 00:00:00,2026-02-20 04:32:24.664164,4.54,
10b2a832-050f-a23d-2b2c-152aaec6ab41,4427,prepress,2026-02-20 04:32:24.664164,2026-02-20 16:40:11.320839,12.13,
b45870d7-64a2-1e54-f525-cdea2ddb4d3f,4427,proofing,2026-02-20 16:40:11.320839,2026-02-21 04:47:57.977514,12.13,
e0dbe3cc-33c6-a7bb-f122-bdb2129b0c76,4427,awaiting_approval,2026-02-21 04:47:57.977514,2026-02-23 04:45:15.109261,47.95,waiting on customer
104dca31-cccc-1b66-37e7-dd9614eb84f8,4427,plating,2026-02-23 04:45:15.109261,2026-02-23 16:53:01.765936,12.13,
93b856f5-9e75-75d6-2ffb-9c00e130ce30,4427,on_press,2026-02-23 16:53:01.765936,2026-02-24 05:00:48.422611,12.13,
dc499ea2-ad7b-09f6-7b03-f44f264a7bc0,4427,finishing,2026-02-24 05:00:48.422611,2026-02-24 17:08:35.079286,12.13,
e9fd2c82-2001-30df-44a6-d9c0e69d8858,4427,dispatched,2026-02-24 17:08:35.079286,2026-02-25 05:16:21.735961,12.13,
01935ddd-5828-2f91-471a-09fba917d43b,4427,delivered,2026-02-25 05:16:21.735961,,,
e7e3e94f-aee9-c728-fd03-a794590d3531,4428,received,2026-06-18 00:00:00,2026-06-18 03:20:01.335017,3.33,
6be93b0f-5d6b-4bb5-5559-bc5716d6d090,4428,prepress,2026-06-18 03:20:01.335017,2026-06-18 21:48:25.367226,18.47,
eaa90a1d-4929-cbab-e510-292844d023ca,4428,proofing,2026-06-18 21:48:25.367226,2026-06-19 16:16:49.399435,18.47,
81c15eb1-41a0-9936-fb3a-e3183055a31f,4428,awaiting_approval,2026-06-19 16:16:49.399435,2026-06-21 04:24:41.774223,36.13,waiting on customer
8033f9da-11c6-6ae2-9618-062777d27901,4428,plating,2026-06-21 04:24:41.774223,2026-06-21 22:53:05.806432,18.47,
f7680b25-21a3-1b67-e792-f7ed87ea993e,4428,on_press,2026-06-21 22:53:05.806432,2026-06-22 17:21:29.838641,18.47,
76df61bb-654e-d8f9-8289-7d26dee43fb5,4428,finishing,2026-06-22 17:21:29.838641,2026-06-23 11:49:53.870850,18.47,
02f6f30a-f654-61ba-8b3d-2f2b491c8a16,4428,dispatched,2026-06-23 11:49:53.870850,,,
19d29af7-3d66-2570-46b9-53d868379319,4429,received,2026-05-18 00:00:00,2026-05-18 01:53:41.602471,1.89,
e49cf1f6-742f-e683-c8dd-e536011b617a,4429,prepress,2026-05-18 01:53:41.602471,2026-05-18 15:11:15.967989,13.29,
b27aae47-1b8a-3d62-9d13-63793454a4fd,4429,proofing,2026-05-18 15:11:15.967989,2026-05-19 04:28:50.333507,13.29,
559e775e-867a-23f5-f2a7-59d86cce4254,4429,awaiting_approval,2026-05-19 04:28:50.333507,2026-05-21 23:14:11.394174,66.76,waiting on customer
60febe6c-5a19-00b2-e4d5-173e8db3f0c4,4429,plating,2026-05-21 23:14:11.394174,2026-05-22 12:31:45.759692,13.29,
8eccae35-3d72-8959-772d-293f8fa85f5a,4429,on_press,2026-05-22 12:31:45.759692,2026-05-23 01:49:20.125210,13.29,
da0bf671-4694-420c-7853-890695c65cfc,4429,finishing,2026-05-23 01:49:20.125210,2026-05-23 15:06:54.490728,13.29,
637e4187-a9e9-dfa0-5919-af9a0063cd24,4429,dispatched,2026-05-23 15:06:54.490728,,,
f1efba7f-8711-45e1-f1d3-49d37d2536c7,4430,received,2025-12-09 00:00:00,2025-12-09 02:58:10.622621,2.97,
735669c6-2879-ab0e-eac3-15fb9996b7bc,4430,prepress,2025-12-09 02:58:10.622621,2025-12-09 17:32:25.070985,14.57,
5af4827f-7083-c895-1be2-1236f906803e,4430,proofing,2025-12-09 17:32:25.070985,2025-12-10 08:06:39.519349,14.57,
97687b03-4b99-aea0-b951-8ff711865631,4430,awaiting_approval,2025-12-10 08:06:39.519349,2025-12-11 23:20:23.000311,39.23,waiting on customer
2a90c6ca-c963-728b-fd13-e2cec9a98c5c,4430,plating,2025-12-11 23:20:23.000311,2025-12-12 13:54:37.448675,14.57,
42d1a1ec-b27c-69ab-5656-d6091e7586b4,4430,on_press,2025-12-12 13:54:37.448675,2025-12-13 04:28:51.897039,14.57,
96a47c34-b555-f087-4433-40ba6c1edec4,4430,finishing,2025-12-13 04:28:51.897039,2025-12-13 19:03:06.345403,14.57,
36488535-0b9a-daa2-fce3-e9478dd2a208,4430,dispatched,2025-12-13 19:03:06.345403,,,
3022a8cf-27bf-8da9-3ddd-89d174e1c442,4431,received,2026-07-11 00:00:00,2026-07-11 04:37:49.335318,4.63,
a7936dcc-29c7-7692-3222-13dee123e760,4431,prepress,2026-07-11 04:37:49.335318,2026-07-11 19:25:52.894059,14.8,
b69807b7-68e7-9e76-07b7-d949ba3e7f94,4431,proofing,2026-07-11 19:25:52.894059,2026-07-12 10:13:56.452800,14.8,
29ca371e-052c-752a-eb29-06771869891d,4431,awaiting_approval,2026-07-12 10:13:56.452800,2026-07-13 13:11:09.480654,26.95,waiting on customer
48f80460-420d-df89-384c-6f2b7005cd68,4431,plating,2026-07-13 13:11:09.480654,2026-07-14 03:59:13.039395,14.8,
61503e72-57c6-cdf3-5a53-f956c07d0003,4431,on_press,2026-07-14 03:59:13.039395,2026-07-14 18:47:16.598136,14.8,
5e4a2a8c-c3b8-1f1b-0da8-91fac1164786,4431,finishing,2026-07-14 18:47:16.598136,2026-07-15 09:35:20.156877,14.8,
b1fd3ed3-9ce7-d1bc-4f1b-811aed9598c6,4431,dispatched,2026-07-15 09:35:20.156877,2026-07-16 00:23:23.715618,14.8,
0ad5806f-dbbb-4e68-3f3c-121d98dd6c7a,4431,delivered,2026-07-16 00:23:23.715618,,,
8628b9b6-dc3d-8a1c-6094-5f6a67312fee,4432,received,2026-07-17 00:00:00,2026-07-17 01:30:39.437823,1.51,
78e65125-6fdf-e23c-0cd2-11b04b3f12f0,4432,prepress,2026-07-17 01:30:39.437823,2026-07-17 15:25:21.827561,13.91,
342fe57c-d7cb-1949-7ea3-6c589c9c2f34,4432,proofing,2026-07-17 15:25:21.827561,2026-07-18 05:20:04.217299,13.91,
1a4925e9-4298-b9c1-d8d3-088ad8449da7,4432,awaiting_approval,2026-07-18 05:20:04.217299,2026-07-19 17:47:54.420374,36.46,waiting on customer
b2f1dad9-43f1-7537-d919-b70447248c6e,4432,plating,2026-07-19 17:47:54.420374,2026-07-20 07:42:36.810112,13.91,
201fec3a-f1f8-8777-7f90-c8a16cc75858,4432,on_press,2026-07-20 07:42:36.810112,2026-07-20 21:37:19.199850,13.91,
4567ac62-3dd8-d578-d5b0-24da07c707a2,4432,finishing,2026-07-20 21:37:19.199850,2026-07-21 11:32:01.589588,13.91,
af282e91-23c2-08e3-4290-3d3a98e7b8c5,4432,dispatched,2026-07-21 11:32:01.589588,2026-07-22 01:26:43.979326,13.91,
d6e896db-0254-792a-fe8a-354615f594b4,4432,delivered,2026-07-22 01:26:43.979326,,,
f5163336-c0f3-45d3-9556-d6a8cdc4e5d7,4433,received,2026-01-01 00:00:00,2026-01-01 04:13:45.390690,4.23,
e2554af6-02ed-2981-9e26-4934ebe2458e,4433,prepress,2026-01-01 04:13:45.390690,2026-01-02 00:09:59.110802,19.94,
ed8bb4a6-ebdb-8469-7870-9c424a9d2873,4433,proofing,2026-01-02 00:09:59.110802,2026-01-02 20:06:12.830914,19.94,
37a614fc-3825-6e8b-8218-f71826cbf418,4433,awaiting_approval,2026-01-02 20:06:12.830914,2026-01-03 23:53:19.731689,27.79,waiting on customer
636093f4-4435-6af3-aa46-a8d75885f833,4433,plating,2026-01-03 23:53:19.731689,2026-01-04 19:49:33.451801,19.94,
e3da419d-9780-c516-b635-62ac494c31bc,4433,on_press,2026-01-04 19:49:33.451801,2026-01-05 15:45:47.171913,19.94,
a8c451fd-7ad9-4670-95d0-e274809ba472,4433,finishing,2026-01-05 15:45:47.171913,2026-01-06 11:42:00.892025,19.94,
17a52840-a885-a067-0426-8d813368c281,4433,dispatched,2026-01-06 11:42:00.892025,,,
c7bc0835-85a3-6572-5d88-2f943b4febfe,4434,received,2026-02-20 00:00:00,2026-02-20 02:25:11.093344,2.42,
ff46b05f-dd59-977b-8b11-bcdec7159cbc,4434,prepress,2026-02-20 02:25:11.093344,2026-02-21 06:58:16.342917,28.55,
5fe14d18-e804-7549-83c1-767df49e08ba,4434,proofing,2026-02-21 06:58:16.342917,2026-02-22 11:31:21.592490,28.55,
f1518b19-6f7a-c2bd-d069-37df5a16e3cd,4434,awaiting_approval,2026-02-22 11:31:21.592490,2026-02-22 14:10:55.213987,2.66,waiting on customer
85a80536-c44a-9978-9385-a89d4801de2f,4434,plating,2026-02-22 14:10:55.213987,2026-02-23 18:44:00.463560,28.55,
01e108a3-f76c-58f2-ca53-db0a31cd4423,4434,on_press,2026-02-23 18:44:00.463560,2026-02-24 23:17:05.713133,28.55,
1f5072bb-f07f-e5c9-57cf-4283ce357a95,4434,finishing,2026-02-24 23:17:05.713133,2026-02-26 03:50:10.962706,28.55,
5c96de64-a54b-ce6d-8dd7-d5db1444cfc7,4434,dispatched,2026-02-26 03:50:10.962706,2026-02-27 08:23:16.212279,28.55,
ac08ef0c-7ed9-d6fc-c6fb-9ab7f9397f77,4434,delivered,2026-02-27 08:23:16.212279,,,
05ec35fa-0cc4-861f-81f5-e38e604163e8,4435,received,2025-12-27 00:00:00,2025-12-27 04:49:33.439057,4.83,
3d83a1f1-506f-6ea4-8631-a18ee92863bb,4435,prepress,2025-12-27 04:49:33.439057,2025-12-28 05:05:40.942849,24.27,
473bb527-1024-87b6-5b73-99f9da569d80,4435,proofing,2025-12-28 05:05:40.942849,2025-12-29 05:21:48.446641,24.27,
83ee56d6-eb98-d8f0-38f1-5037fa90ca5f,4435,awaiting_approval,2025-12-29 05:21:48.446641,2026-01-02 08:27:04.869095,99.09,waiting on customer
1380ea7a-a30b-6aab-5f07-05707922f476,4435,plating,2026-01-02 08:27:04.869095,2026-01-03 08:43:12.372887,24.27,
0ac5345a-ad42-51de-dea8-0dfae8581353,4435,on_press,2026-01-03 08:43:12.372887,2026-01-04 08:59:19.876679,24.27,
6a7aae9d-79f4-beda-3429-bb1a88625df4,4435,finishing,2026-01-04 08:59:19.876679,2026-01-05 09:15:27.380471,24.27,
1835c2ab-3729-65e8-22b9-c3426570cb5c,4435,dispatched,2026-01-05 09:15:27.380471,,,
ec254cce-bdad-966c-8b80-d787d03bdfd1,4436,received,2026-04-20 00:00:00,2026-04-20 03:34:27.130548,3.57,
f3bdab1c-0b04-3e8d-49d0-a7bc90776005,4436,prepress,2026-04-20 03:34:27.130548,2026-04-20 17:51:04.917015,14.28,
ba12f83c-260e-8882-eff8-446c36aa68c0,4436,proofing,2026-04-20 17:51:04.917015,2026-04-21 08:07:42.703482,14.28,
b8bcb973-cad0-4193-db70-3829ec5b77f8,4436,awaiting_approval,2026-04-21 08:07:42.703482,2026-04-22 16:35:50.659939,32.47,waiting on customer
fe4f8e0f-e250-3d28-6aa2-d47dba228793,4436,plating,2026-04-22 16:35:50.659939,2026-04-23 06:52:28.446406,14.28,
9370e1bf-8bad-f499-6771-3030595298b1,4436,on_press,2026-04-23 06:52:28.446406,2026-04-23 21:09:06.232873,14.28,
77863c05-c109-cb1e-7e69-e1413fdbec59,4436,finishing,2026-04-23 21:09:06.232873,2026-04-24 11:25:44.019340,14.28,
addc6a44-7abd-6acf-6d0e-dcca6744bbb8,4436,dispatched,2026-04-24 11:25:44.019340,2026-04-25 01:42:21.805807,14.28,
fecd035d-b18e-5d3e-8d79-b78f39f93572,4436,delivered,2026-04-25 01:42:21.805807,,,
d17adef5-520b-7767-c816-bdeb6e566c58,4437,received,2026-04-05 00:00:00,2026-04-05 04:33:09.833982,4.55,
34843c7f-3ee0-8bf0-d057-676088b4b3af,4437,prepress,2026-04-05 04:33:09.833982,2026-04-06 00:56:13.279022,20.38,
d56b87bc-c7cf-2b3e-a6d2-46037532d504,4437,proofing,2026-04-06 00:56:13.279022,2026-04-06 21:19:16.724062,20.38,
33358f03-d72c-8bc8-479d-ca7c4815cf3a,4437,awaiting_approval,2026-04-06 21:19:16.724062,2026-04-11 18:43:29.135517,117.4,waiting on customer
c2869ff1-f67a-cba0-d14f-6ba696223441,4437,plating,2026-04-11 18:43:29.135517,2026-04-12 15:06:32.580557,20.38,
e4f70d1b-08f4-f4c5-78ba-a27932182d2d,4437,on_press,2026-04-12 15:06:32.580557,2026-04-13 11:29:36.025597,20.38,
7a75aeb1-a59b-1cf1-1c0c-bfd88ab9d8dd,4437,finishing,2026-04-13 11:29:36.025597,2026-04-14 07:52:39.470637,20.38,
861286d9-89b9-4373-1fa1-294f9111b4d5,4437,dispatched,2026-04-14 07:52:39.470637,2026-04-15 04:15:42.915677,20.38,
ed4e4e7f-4163-1676-a11c-89098e59f6b9,4437,delivered,2026-04-15 04:15:42.915677,,,
a6f9d107-b20b-9e2a-8e8d-b3b9dc844670,4438,received,2026-03-21 00:00:00,2026-03-21 03:19:30.788029,3.33,
edb3b407-9473-37a7-7320-37a7896ef0ff,4438,prepress,2026-03-21 03:19:30.788029,2026-03-21 11:07:57.734480,7.81,
d814176c-27e7-48a8-b6d7-2478092b0cf7,4438,proofing,2026-03-21 11:07:57.734480,2026-03-21 18:56:24.680931,7.81,
e6d34bd6-4a29-a4da-f475-4e48bead458b,4438,awaiting_approval,2026-03-21 18:56:24.680931,2026-03-23 07:55:52.504672,36.99,waiting on customer
ea436536-29ec-79cd-2d9d-e1359c7a19a9,4438,plating,2026-03-23 07:55:52.504672,2026-03-23 15:44:19.451123,7.81,
09c6358b-6818-f9d5-e9aa-21a1d34bb4ab,4438,on_press,2026-03-23 15:44:19.451123,2026-03-23 23:32:46.397574,7.81,
5799506a-7540-51b2-2615-d3b773cd45ba,4438,finishing,2026-03-23 23:32:46.397574,2026-03-24 07:21:13.344025,7.81,
c605d4f7-40eb-6210-de0f-96bb8f351590,4438,dispatched,2026-03-24 07:21:13.344025,2026-03-24 15:09:40.290476,7.81,
7c608a0a-bccf-ed88-e9cc-b19c426b0df0,4438,delivered,2026-03-24 15:09:40.290476,,,
01081522-00ab-4570-9df5-66f0bbe68bae,4439,received,2026-02-11 00:00:00,2026-02-11 04:54:15.241908,4.9,
5bc747bf-8107-fcf3-8be1-562361bc9ddc,4439,prepress,2026-02-11 04:54:15.241908,2026-02-12 01:03:58.740475,20.16,
b7f5ca5b-13ae-4d37-6593-1dbc815a12d1,4439,proofing,2026-02-12 01:03:58.740475,2026-02-12 21:13:42.239042,20.16,
4934766f-f289-2166-1c8b-930115160080,4439,awaiting_approval,2026-02-12 21:13:42.239042,2026-02-14 04:27:01.902019,31.22,waiting on customer
c953b497-2273-c4aa-f313-59bcf29bc2da,4439,plating,2026-02-14 04:27:01.902019,2026-02-15 00:36:45.400586,20.16,
719e1edb-5316-9ee2-0897-821a1fb070bb,4439,on_press,2026-02-15 00:36:45.400586,2026-02-15 20:46:28.899153,20.16,
d09228ae-1bde-ea16-9616-b34eee66d44e,4439,finishing,2026-02-15 20:46:28.899153,2026-02-16 16:56:12.397720,20.16,
80a8724d-f636-8cc7-35ac-97df6716c645,4439,dispatched,2026-02-16 16:56:12.397720,,,
592787f8-8316-7222-332d-8edf681345fe,4440,received,2026-04-09 00:00:00,2026-04-09 02:03:30.698730,2.06,
5951153f-24e5-077a-51f6-9b3bf0c54034,4440,prepress,2026-04-09 02:03:30.698730,2026-04-09 15:19:26.881330,13.27,
05cb3ced-781e-32a5-02be-15f1d9fa44e1,4440,proofing,2026-04-09 15:19:26.881330,2026-04-10 04:35:23.063930,13.27,
2d44f0fa-acec-ec24-f05f-d813790a9cea,4440,awaiting_approval,2026-04-10 04:35:23.063930,2026-04-11 21:23:14.665957,40.8,waiting on customer
0b31b769-639e-e237-f5de-57c7b47839d4,4440,plating,2026-04-11 21:23:14.665957,2026-04-12 10:39:10.848557,13.27,
f910bce2-5b33-30e3-3b7a-c692782b879d,4440,on_press,2026-04-12 10:39:10.848557,2026-04-12 23:55:07.031157,13.27,
98b8a5b4-5ee7-62ae-d75b-52bffd54be72,4440,finishing,2026-04-12 23:55:07.031157,2026-04-13 13:11:03.213757,13.27,
06141986-53bf-d3e5-81e9-2eb801c96d83,4440,dispatched,2026-04-13 13:11:03.213757,,,
73a12b10-c9ec-6a79-98ae-6e4a0ee26ed3,4441,received,2026-04-06 00:00:00,2026-04-06 03:27:56.331630,3.47,
1831d7ad-23fc-1220-940c-cb7d6be8a71a,4441,prepress,2026-04-06 03:27:56.331630,2026-04-06 16:28:38.733609,13.01,
89d13b22-07ca-7f93-af91-697ab73916b3,4441,proofing,2026-04-06 16:28:38.733609,2026-04-07 05:29:21.135588,13.01,
e25ca10e-6431-37bf-0e57-d420e4fb07b3,4441,awaiting_approval,2026-04-07 05:29:21.135588,2026-04-08 18:38:11.028059,37.15,waiting on customer
2d437d64-4432-7a74-950e-35e3b4f9a925,4441,plating,2026-04-08 18:38:11.028059,2026-04-09 07:38:53.430038,13.01,
09e8c973-1fb8-8ff8-1f50-1827c4c9f3c3,4441,on_press,2026-04-09 07:38:53.430038,2026-04-09 20:39:35.832017,13.01,
973912a8-4996-40cc-4901-023d575e2b8e,4441,finishing,2026-04-09 20:39:35.832017,2026-04-10 09:40:18.233996,13.01,
6aafef6e-ff85-51d9-934f-179768961c03,4441,dispatched,2026-04-10 09:40:18.233996,,,
e4e76f1d-2a95-23d0-c266-3f832d3e8d66,4442,received,2026-06-14 00:00:00,2026-06-14 03:57:12.688197,3.95,
ee94a866-43a0-641b-1962-1cb74b7b13ad,4442,prepress,2026-06-14 03:57:12.688197,2026-06-14 19:06:32.386634,15.16,
9350ab7f-6634-7a4b-b4b6-fd23fa79eaac,4442,proofing,2026-06-14 19:06:32.386634,2026-06-15 10:15:52.085071,15.16,
296c190c-5d1d-c4cc-84e8-20cc6b35b5bc,4442,awaiting_approval,2026-06-15 10:15:52.085071,2026-06-21 09:41:00.149024,143.42,waiting on customer
c5074abb-a613-3683-2ee0-1ffe47e5424d,4442,plating,2026-06-21 09:41:00.149024,2026-06-22 00:50:19.847461,15.16,
5fa46b5f-8131-e813-93b5-0156ffb0b7cc,4442,on_press,2026-06-22 00:50:19.847461,2026-06-22 15:59:39.545898,15.16,
1af965dd-5be7-a6ae-f540-88be444e7bed,4442,finishing,2026-06-22 15:59:39.545898,2026-06-23 07:08:59.244335,15.16,
27997f04-380d-f4bc-7358-b829876aef6c,4442,dispatched,2026-06-23 07:08:59.244335,2026-06-23 22:18:18.942772,15.16,
e345a2b3-7922-dbf2-c178-6ec3d589ecaf,4442,delivered,2026-06-23 22:18:18.942772,,,
1503de94-8dc3-2741-a5c4-8e8dc66727d7,4443,received,2026-05-04 00:00:00,2026-05-04 04:56:40.656993,4.94,
890e4261-da69-18aa-c7cf-8c202f4b7f08,4443,prepress,2026-05-04 04:56:40.656993,2026-05-04 21:23:18.420797,16.44,
36493adb-2a7b-38fd-60ba-1e17b617a856,4443,proofing,2026-05-04 21:23:18.420797,2026-05-05 13:49:56.184601,16.44,
55cbd8df-6381-81b9-3b1c-9e1f7c48231f,4443,awaiting_approval,2026-05-05 13:49:56.184601,2026-05-06 18:07:39.448010,28.3,waiting on customer
2f2ff8f1-fa34-e920-d27d-d3d0c40b85a3,4443,plating,2026-05-06 18:07:39.448010,2026-05-07 10:34:17.211814,16.44,
106eae70-a5dc-f622-8790-dffafc12ecb4,4443,on_press,2026-05-07 10:34:17.211814,2026-05-08 03:00:54.975618,16.44,
a4b60a7d-395a-ec1c-2cc5-8f76d9b2dbc5,4443,finishing,2026-05-08 03:00:54.975618,2026-05-08 19:27:32.739422,16.44,
5bf23876-3f5d-6c1e-efda-0d4b6a2a713d,4443,dispatched,2026-05-08 19:27:32.739422,2026-05-09 11:54:10.503226,16.44,
d337af2d-ff8f-83ba-5f10-b708e3b42eb1,4443,delivered,2026-05-09 11:54:10.503226,,,
815e9e2f-0520-fa72-e257-34611f3595a3,4444,received,2025-12-29 00:00:00,2025-12-29 02:47:19.872419,2.79,
73d771c8-a645-0d39-3802-8a0d861e5e93,4444,prepress,2025-12-29 02:47:19.872419,2025-12-29 19:11:07.610177,16.4,
d76e8b84-9389-9b83-cfa9-de376f748c95,4444,proofing,2025-12-29 19:11:07.610177,2025-12-30 11:34:55.347935,16.4,
5d6bc9c5-9f0c-d577-41ca-7a70b7c7b293,4444,awaiting_approval,2025-12-30 11:34:55.347935,2026-01-01 13:03:38.119618,49.48,waiting on customer
bfa13d34-73f4-634f-b48e-50c6566ebe20,4444,plating,2026-01-01 13:03:38.119618,2026-01-02 05:27:25.857376,16.4,
1af4a483-85fa-ed5c-e642-f082763caa39,4444,on_press,2026-01-02 05:27:25.857376,2026-01-02 21:51:13.595134,16.4,
b6e4d31a-f8bb-a63c-6575-43392c0055be,4444,finishing,2026-01-02 21:51:13.595134,2026-01-03 14:15:01.332892,16.4,
d6e65662-f803-2d46-537a-8862729f8a71,4444,dispatched,2026-01-03 14:15:01.332892,2026-01-04 06:38:49.070650,16.4,
c58475ae-b9f8-6b82-b055-1f6c738ae1e7,4444,delivered,2026-01-04 06:38:49.070650,,,
334a216e-8769-6fe4-fb58-f0f6761a37eb,4445,received,2026-07-14 00:00:00,2026-07-14 04:28:02.360293,4.47,
6ac44c83-c389-615e-d335-cf28f584dafd,4445,prepress,2026-07-14 04:28:02.360293,2026-07-14 21:45:13.875071,17.29,
b2e68bd9-b432-3142-4566-e75f5e6fd7ed,4445,proofing,2026-07-14 21:45:13.875071,2026-07-15 15:02:25.389849,17.29,
bc422f8a-0437-ae6b-f24f-bf6652ecec6e,4445,awaiting_approval,2026-07-15 15:02:25.389849,2026-07-16 21:21:13.176495,30.31,waiting on customer
b81b70b2-64fd-8b94-fb63-da49c595ef4d,4445,plating,2026-07-16 21:21:13.176495,2026-07-17 14:38:24.691273,17.29,
b5f358e7-710b-4708-be9d-467c635570c6,4445,on_press,2026-07-17 14:38:24.691273,2026-07-18 07:55:36.206051,17.29,
2be783fb-2a9a-4f2c-53af-df31a2143d38,4445,finishing,2026-07-18 07:55:36.206051,2026-07-19 01:12:47.720829,17.29,
9464c287-8ba1-a7a1-63e0-7ee4eb7e96c6,4445,dispatched,2026-07-19 01:12:47.720829,,,
244a466f-0eff-be00-c2f8-e50ede7434ec,4446,received,2026-05-17 00:00:00,2026-05-17 04:55:03.696232,4.92,
d559e8d3-69ca-ec6c-f229-71a4553d6fc0,4446,prepress,2026-05-17 04:55:03.696232,2026-05-18 01:52:18.176273,20.95,
153e4a1b-f9d1-51dd-511a-58a6a119b7fb,4446,proofing,2026-05-18 01:52:18.176273,2026-05-18 22:49:32.656314,20.95,
91c701dd-8733-9d05-798c-d083616f1f1e,4446,awaiting_approval,2026-05-18 22:49:32.656314,2026-05-20 05:31:39.103932,30.7,waiting on customer
30e5dfa4-4773-c087-f0c7-ba8cfbed2c96,4446,plating,2026-05-20 05:31:39.103932,2026-05-21 02:28:53.583973,20.95,
b462247e-6253-73f5-a5ab-64addb9ddd54,4446,on_press,2026-05-21 02:28:53.583973,2026-05-21 23:26:08.064014,20.95,
9eee492b-2c89-343b-a9c1-c38de53a830b,4446,finishing,2026-05-21 23:26:08.064014,2026-05-22 20:23:22.544055,20.95,
b4269d33-0a37-2354-c1fa-76b44ec05972,4446,dispatched,2026-05-22 20:23:22.544055,2026-05-23 17:20:37.024096,20.95,
c5e2852f-7478-b90e-52c6-18476a8a744d,4446,delivered,2026-05-23 17:20:37.024096,,,
1c0f927a-3a64-1f7e-8128-4f0784fa1856,4447,received,2026-04-11 00:00:00,2026-04-11 04:47:51.380993,4.8,
c51e644d-55a6-8751-dfeb-7ba409ea722e,4447,prepress,2026-04-11 04:47:51.380993,2026-04-11 14:54:46.572466,10.12,
49ae08f9-a246-99d0-29a5-be83c689f7bd,4447,proofing,2026-04-11 14:54:46.572466,2026-04-12 01:01:41.763939,10.12,
17a62339-da2f-8274-540e-8fa9769ea848,4447,awaiting_approval,2026-04-12 01:01:41.763939,2026-04-13 22:43:25.390296,45.7,waiting on customer
4a1d6cb7-5cdf-8047-3046-0c1b5d65e15d,4447,plating,2026-04-13 22:43:25.390296,2026-04-14 08:50:20.581769,10.12,
3fed7d04-ef17-d1b6-5f09-67d617dc1a63,4447,on_press,2026-04-14 08:50:20.581769,2026-04-14 18:57:15.773242,10.12,
56adf2df-9878-13ac-830f-fca7726ec69d,4447,finishing,2026-04-14 18:57:15.773242,2026-04-15 05:04:10.964715,10.12,
0f8874a6-1ce0-7a70-2bd4-45c077d084ac,4447,dispatched,2026-04-15 05:04:10.964715,2026-04-15 15:11:06.156188,10.12,
0780d56f-baf3-ca9e-bd23-f6e1df972608,4447,delivered,2026-04-15 15:11:06.156188,,,
2bee2b23-eb43-69ba-0ce2-b9387fa17f82,4448,received,2026-06-27 00:00:00,2026-06-27 03:55:35.992034,3.93,
46696d58-b22b-0466-8348-0dea9c4ad521,4448,prepress,2026-06-27 03:55:35.992034,2026-06-28 05:03:32.383749,25.13,
843ad4dc-38cd-67cc-9d00-93433a132ee8,4448,proofing,2026-06-28 05:03:32.383749,2026-06-29 06:11:28.775464,25.13,
116ae698-60bb-fa4d-a139-22f097e60c22,4448,awaiting_approval,2026-06-29 06:11:28.775464,2026-06-29 08:46:24.021924,2.58,waiting on customer
9381dd73-9c8b-6734-f0f4-c3003e03b0a5,4448,plating,2026-06-29 08:46:24.021924,2026-06-30 09:54:20.413639,25.13,
b03fecf8-48d6-de1f-9b11-21cb550d7ba8,4448,on_press,2026-06-30 09:54:20.413639,2026-07-01 11:02:16.805354,25.13,
b1adff8c-166a-0ef5-dd47-3ff6313bbb82,4448,finishing,2026-07-01 11:02:16.805354,2026-07-02 12:10:13.197069,25.13,
ca98b00c-da8b-d9b8-b966-403eb4f61fc4,4448,dispatched,2026-07-02 12:10:13.197069,,,
e8def502-9fff-c9ce-5155-5e9497314edb,4449,received,2026-01-28 00:00:00,2026-01-28 02:03:45.830041,2.06,
44cd7ba9-277f-b28e-1cbe-47929cd4bd31,4449,prepress,2026-01-28 02:03:45.830041,2026-01-28 15:11:49.357786,13.13,
6bea8538-c913-1ca4-2499-017de50841d0,4449,proofing,2026-01-28 15:11:49.357786,2026-01-29 04:19:52.885531,13.13,
b1da35f0-eb42-b2fb-cc81-e8fa32139b36,4449,awaiting_approval,2026-01-29 04:19:52.885531,2026-01-31 00:29:05.693298,44.15,waiting on customer
3349f29f-9ee6-cf06-4ac6-9cc734edc33f,4449,plating,2026-01-31 00:29:05.693298,2026-01-31 13:37:09.221043,13.13,
d8c02885-30eb-5f6e-5cfd-9ba1c9e1b822,4449,on_press,2026-01-31 13:37:09.221043,2026-02-01 02:45:12.748788,13.13,
96f742a8-c407-57f3-8141-371fe5be13da,4449,finishing,2026-02-01 02:45:12.748788,2026-02-01 15:53:16.276533,13.13,
4793ca40-f459-4a55-106a-efd7855af282,4449,dispatched,2026-02-01 15:53:16.276533,2026-02-02 05:01:19.804278,13.13,
04b3f607-fb42-9c0d-0b45-6657a1674090,4449,delivered,2026-02-02 05:01:19.804278,,,
7ab8441b-15a8-a7b3-a7e1-d837e3b9419d,4450,received,2026-07-30 00:00:00,2026-07-30 03:44:42.048420,3.75,
82f412c4-b671-9cf3-e4e0-8688719d42df,4450,prepress,2026-07-30 03:44:42.048420,2026-07-30 13:57:03.887874,10.21,
16b9a304-1215-bf46-96eb-209021169ebd,4450,proofing,2026-07-30 13:57:03.887874,2026-07-31 00:09:25.727328,10.21,
4b208fd3-6dc0-3bf4-1249-3b374eca1fe4,4450,awaiting_approval,2026-07-31 00:09:25.727328,2026-08-01 13:21:16.829982,37.2,waiting on customer
64966aa6-47c0-bc2a-428a-dbd591f6408d,4450,plating,2026-08-01 13:21:16.829982,2026-08-01 23:33:38.669436,10.21,
74f12bff-7498-2216-8e1d-010d95ca603a,4450,on_press,2026-08-01 23:33:38.669436,2026-08-02 09:46:00.508890,10.21,
f5bdf483-d7c4-e9fb-0c27-19bcebf039e5,4450,finishing,2026-08-02 09:46:00.508890,2026-08-02 19:58:22.348344,10.21,
a6ca8107-e384-2406-6bfb-0b02892641c5,4450,dispatched,2026-08-02 19:58:22.348344,2026-08-03 06:10:44.187798,10.21,
5ad49b7e-036f-f119-942f-a2e23f21129b,4450,delivered,2026-08-03 06:10:44.187798,,,
ab05da33-12e0-4b58-d2d0-3f825d136909,4451,received,2026-04-22 00:00:00,2026-04-22 02:11:59.730022,2.2,
c7bd403d-6648-3322-5551-5cbfb79b11ca,4451,prepress,2026-04-22 02:11:59.730022,2026-04-22 23:37:30.669964,21.43,
d3e29f3f-b3b7-4d0a-7847-3bd57e4c6726,4451,proofing,2026-04-22 23:37:30.669964,2026-04-23 21:03:01.609906,21.43,
f1d6dc28-dd39-b731-360b-610612f5a201,4451,awaiting_approval,2026-04-23 21:03:01.609906,2026-04-27 14:38:27.716908,89.59,waiting on customer
f2abe527-28af-c6ae-1c43-507ace974be7,4451,plating,2026-04-27 14:38:27.716908,2026-04-28 12:03:58.656850,21.43,
bfe9f614-c9fe-412a-6888-43f7291522a8,4451,on_press,2026-04-28 12:03:58.656850,2026-04-29 09:29:29.596792,21.43,
6c6ea4f2-9733-3f4f-2594-85712bcb580e,4451,finishing,2026-04-29 09:29:29.596792,2026-04-30 06:55:00.536734,21.43,
9445c2c5-3998-5e82-c086-460705696871,4451,dispatched,2026-04-30 06:55:00.536734,2026-05-01 04:20:31.476676,21.43,
06f2f723-74d0-9cf3-0cbf-2f58c5beaa23,4451,delivered,2026-05-01 04:20:31.476676,,,
81086396-9c49-b864-dced-3d7840f37c3b,4452,received,2025-11-30 00:00:00,2025-11-30 02:39:29.801419,2.66,
3f0c7b47-f907-ee22-f5dc-1647afd5aea1,4452,prepress,2025-11-30 02:39:29.801419,2025-11-30 09:40:02.904537,7.01,
89f00dbf-c678-5db3-aa8f-0f5ea5981655,4452,proofing,2025-11-30 09:40:02.904537,2025-11-30 16:40:36.007655,7.01,
0fcbc7e7-b763-5bc7-3c6e-364f055ee69b,4452,awaiting_approval,2025-11-30 16:40:36.007655,2025-12-03 01:37:43.962418,56.95,waiting on customer
020c316b-18ff-579c-cbf3-1e14999f99d0,4452,plating,2025-12-03 01:37:43.962418,2025-12-03 08:38:17.065536,7.01,
d5a0539e-92a8-27bc-aaa7-f002b422c32f,4452,on_press,2025-12-03 08:38:17.065536,2025-12-03 15:38:50.168654,7.01,
c32edf82-ac0a-8068-9b68-19311f91f01c,4452,finishing,2025-12-03 15:38:50.168654,2025-12-03 22:39:23.271772,7.01,
d8041777-e851-1acf-418a-9e7978d20948,4452,dispatched,2025-12-03 22:39:23.271772,2025-12-04 05:39:56.374890,7.01,
da3a8dfb-56c1-70fc-1edb-de5219b95d17,4452,delivered,2025-12-04 05:39:56.374890,,,
a42c432f-3631-5914-0688-9d307400132d,4453,received,2025-12-03 00:00:00,2025-12-03 04:25:43.862092,4.43,
bef882b6-f760-6a1a-2304-26883d5ab0b4,4453,prepress,2025-12-03 04:25:43.862092,2025-12-03 18:50:37.101389,14.41,
b3a1cadc-6f4a-fc2e-660e-6c5ea37f8022,4453,proofing,2025-12-03 18:50:37.101389,2025-12-04 09:15:30.340686,14.41,
d5d3aaae-db3f-2117-c5a6-2cf9d82677b8,4453,awaiting_approval,2025-12-04 09:15:30.340686,2025-12-06 16:43:35.234022,55.47,waiting on customer
84a7b838-9219-cfba-f9e8-002af2356c3e,4453,plating,2025-12-06 16:43:35.234022,2025-12-07 07:08:28.473319,14.41,
1164041f-bb85-689e-a830-07b26751b94b,4453,on_press,2025-12-07 07:08:28.473319,2025-12-07 21:33:21.712616,14.41,
e22931ec-8e86-eb78-e22d-a88eec09cf73,4453,finishing,2025-12-07 21:33:21.712616,2025-12-08 11:58:14.951913,14.41,
1f72e985-1eb3-5696-5f3d-0ddd80e3e1f7,4453,dispatched,2025-12-08 11:58:14.951913,,,
32dae8c4-cd50-d54a-4c35-584f1742d90b,4454,received,2026-05-09 00:00:00,2026-05-09 03:21:50.619079,3.36,
93f9b113-497a-a9dd-cbd0-6b8c928f67f8,4454,prepress,2026-05-09 03:21:50.619079,2026-05-09 21:16:15.091235,17.91,
9546e9d8-991e-e078-69f7-23e4efc4ceea,4454,proofing,2026-05-09 21:16:15.091235,2026-05-10 15:10:39.563391,17.91,
30d3f675-9768-cb9e-5f9b-02d52a547724,4454,awaiting_approval,2026-05-10 15:10:39.563391,2026-05-11 22:59:22.806183,31.81,waiting on customer
be93e2e3-62d1-6a73-80d1-82de00e5babe,4454,plating,2026-05-11 22:59:22.806183,2026-05-12 16:53:47.278339,17.91,
18a7971f-95c5-0df2-10e6-d9a3b7ab190f,4454,on_press,2026-05-12 16:53:47.278339,2026-05-13 10:48:11.750495,17.91,
528de492-9a8e-3572-db74-41d24a9e845b,4454,finishing,2026-05-13 10:48:11.750495,2026-05-14 04:42:36.222651,17.91,
80c01f3c-5997-8988-d39a-72edf11aa60c,4454,dispatched,2026-05-14 04:42:36.222651,2026-05-14 22:37:00.694807,17.91,
fb8ec24d-5cac-9484-2c07-e142dea8e889,4454,delivered,2026-05-14 22:37:00.694807,,,
0b755c38-3dd6-b98d-c76b-2ca571dd1131,4455,received,2026-04-27 00:00:00,2026-04-27 03:40:34.347678,3.68,
1733f286-d78b-b707-ba25-ce1296fbfeef,4455,prepress,2026-04-27 03:40:34.347678,2026-04-27 18:21:39.896305,14.68,
2f96ce2a-13a2-0f41-d4cd-0ef1bd6cf5b2,4455,proofing,2026-04-27 18:21:39.896305,2026-04-28 09:02:45.444932,14.68,
95abd483-ba18-f2dd-6bf8-c8ad03aa0e47,4455,awaiting_approval,2026-04-28 09:02:45.444932,2026-05-02 22:15:13.371844,109.21,waiting on customer
5447e956-b187-5395-9c50-888d90509e97,4455,plating,2026-05-02 22:15:13.371844,2026-05-03 12:56:18.920471,14.68,
0a13c416-f87d-38b3-8f1c-22efba8f9494,4455,on_press,2026-05-03 12:56:18.920471,2026-05-04 03:37:24.469098,14.68,
1a820683-92d8-abed-63c6-4fa467e59534,4455,finishing,2026-05-04 03:37:24.469098,2026-05-04 18:18:30.017725,14.68,
293da56a-b0ca-2355-646d-262286e8299a,4455,dispatched,2026-05-04 18:18:30.017725,,,
6000b24c-889e-852f-f87b-2a7679350bcc,4456,received,2026-02-05 00:00:00,2026-02-05 03:27:18.477708,3.46,
8a181bb5-8dbf-a96f-5ffd-1eee8d49cddc,4456,prepress,2026-02-05 03:27:18.477708,2026-02-05 17:41:11.343093,14.23,
7652a9d1-21a8-76d8-c11b-50b886ba19db,4456,proofing,2026-02-05 17:41:11.343093,2026-02-06 07:55:04.208478,14.23,
7ffcd86b-87ad-2d45-83bb-ae1aedd6b068,4456,awaiting_approval,2026-02-06 07:55:04.208478,2026-02-07 15:21:13.501131,31.44,waiting on customer
1f028d5d-8b9b-bb4d-96a5-393f9413bfdc,4456,plating,2026-02-07 15:21:13.501131,2026-02-08 05:35:06.366516,14.23,
601d4718-f8c0-d085-31be-8590b96e38a1,4456,on_press,2026-02-08 05:35:06.366516,2026-02-08 19:48:59.231901,14.23,
3137c8be-a6d1-dd58-ccec-76ace561b7e8,4456,finishing,2026-02-08 19:48:59.231901,2026-02-09 10:02:52.097286,14.23,
dc25147e-5707-2648-b179-54344459cb1e,4456,dispatched,2026-02-09 10:02:52.097286,,,
2a193980-1f1f-1c67-e9a0-6b5671514570,4457,received,2026-03-20 00:00:00,2026-03-20 03:40:57.733740,3.68,
350ec7d9-68d0-c639-b53b-75dd051fc774,4457,prepress,2026-03-20 03:40:57.733740,2026-03-21 05:24:15.583483,25.72,
5e20ca30-33ff-2459-8598-50a5e08e061b,4457,proofing,2026-03-21 05:24:15.583483,2026-03-22 07:07:33.433226,25.72,
e2130b6a-9bf3-e825-3353-a1d8aba3b9da,4457,awaiting_approval,2026-03-22 07:07:33.433226,2026-03-22 14:02:07.461475,6.91,waiting on customer
43c56db0-f22e-9023-6ccf-9fc580291553,4457,plating,2026-03-22 14:02:07.461475,2026-03-23 15:45:25.311218,25.72,
cb963767-f290-f3c9-073f-cefd93db8997,4457,on_press,2026-03-23 15:45:25.311218,2026-03-24 17:28:43.160961,25.72,
83a037f4-0a80-383f-33b0-217bd6f0423b,4457,finishing,2026-03-24 17:28:43.160961,2026-03-25 19:12:01.010704,25.72,
d0d53600-c266-9a9c-a8f2-37f9e7288e4a,4457,dispatched,2026-03-25 19:12:01.010704,,,
1b2b9a9a-0228-d991-505d-9481324fe24a,4458,received,2026-03-03 00:00:00,2026-03-03 03:19:00.999862,3.32,
cc5ff032-69e4-efa3-372b-01358d3da3d5,4458,prepress,2026-03-03 03:19:00.999862,2026-03-03 18:49:06.767439,15.5,
6b9a099a-da4c-9d0a-5720-ab6fa0d605a6,4458,proofing,2026-03-03 18:49:06.767439,2026-03-04 10:19:12.535016,15.5,
f2bda3a1-5e86-f38d-b28e-5a71edfdd2fc,4458,awaiting_approval,2026-03-04 10:19:12.535016,2026-03-07 05:13:14.367921,66.9,waiting on customer
6e85cefe-21f3-b533-068e-9eb4aaec6827,4458,plating,2026-03-07 05:13:14.367921,2026-03-07 20:43:20.135498,15.5,
f030a2ff-66b1-3209-9475-e4d47c3aa43e,4458,on_press,2026-03-07 20:43:20.135498,2026-03-08 12:13:25.903075,15.5,
0e0e5b67-fa49-5707-45bf-4a88a007e680,4458,finishing,2026-03-08 12:13:25.903075,2026-03-09 03:43:31.670652,15.5,
b76ebf09-c801-fe90-f5d3-9f6c3ab4955d,4458,dispatched,2026-03-09 03:43:31.670652,2026-03-09 19:13:37.438229,15.5,
f60ef78e-a234-4c40-e7ea-4307f16b98ec,4458,delivered,2026-03-09 19:13:37.438229,,,
886d4526-19cf-ed6e-0fc6-c5d3d949eaa5,4459,received,2026-04-08 00:00:00,2026-04-08 02:03:27.227161,2.06,
a9375ef1-adac-c06b-89bc-37280a554e3f,4459,prepress,2026-04-08 02:03:27.227161,2026-04-08 11:05:17.282068,9.03,
ce955afc-e047-d74e-fa21-0bd904155efa,4459,proofing,2026-04-08 11:05:17.282068,2026-04-08 20:07:07.336975,9.03,
ce5ced5d-077d-25c9-5444-64ae63064259,4459,awaiting_approval,2026-04-08 20:07:07.336975,2026-04-11 15:27:19.363772,67.34,waiting on customer
ca86970b-167c-f463-47a9-94d7b883b783,4459,plating,2026-04-11 15:27:19.363772,2026-04-12 00:29:09.418679,9.03,
c07e6b18-8600-c001-eda8-ad9d0f85a8e5,4459,on_press,2026-04-12 00:29:09.418679,2026-04-12 09:30:59.473586,9.03,
123efdf4-de31-fa9c-478d-7dc32380e6fb,4459,finishing,2026-04-12 09:30:59.473586,2026-04-12 18:32:49.528493,9.03,
71e9a89c-1859-9c70-f6e3-4a7e65060d32,4459,dispatched,2026-04-12 18:32:49.528493,2026-04-13 03:34:39.583400,9.03,
a88d961f-71f9-3e9c-5f40-f60d1648cf2a,4459,delivered,2026-04-13 03:34:39.583400,,,
e318935f-eb88-cf73-79f4-c8fe6e37b67b,4460,received,2026-07-15 00:00:00,2026-07-15 01:38:56.193684,1.65,
cc9866bd-eb1d-99c1-1c81-0acca6e183f4,4460,prepress,2026-07-15 01:38:56.193684,2026-07-15 14:19:07.175958,12.67,
16d86e57-f15b-5b60-b0d9-540be259d919,4460,proofing,2026-07-15 14:19:07.175958,2026-07-16 02:59:18.158232,12.67,
1d506265-68ca-c15f-5777-f8c074b610c6,4460,awaiting_approval,2026-07-16 02:59:18.158232,2026-07-18 03:41:28.881233,48.7,waiting on customer
05538bc5-9b3e-3e3c-d9b0-689caf85860c,4460,plating,2026-07-18 03:41:28.881233,2026-07-18 16:21:39.863507,12.67,
8f52993b-ba2e-6898-7f3d-52cad419af52,4460,on_press,2026-07-18 16:21:39.863507,2026-07-19 05:01:50.845781,12.67,
e2f6ce35-4d27-a378-30eb-5371f4acf5d0,4460,finishing,2026-07-19 05:01:50.845781,2026-07-19 17:42:01.828055,12.67,
14088e4c-1fd8-72b0-f51e-0e29b6da3044,4460,dispatched,2026-07-19 17:42:01.828055,2026-07-20 06:22:12.810329,12.67,
1a28c226-80ce-4650-e661-e628418acaa7,4460,delivered,2026-07-20 06:22:12.810329,,,
aebfacd9-ff35-7e99-d2ef-189465932dd4,4461,received,2026-05-12 00:00:00,2026-05-12 01:05:01.441358,1.08,
1a52c03e-d861-59d0-baa9-489d43539fef,4461,prepress,2026-05-12 01:05:01.441358,2026-05-12 06:13:35.727072,5.14,
5ffc5e18-cbeb-1e25-990d-88e3c525ca44,4461,proofing,2026-05-12 06:13:35.727072,2026-05-12 11:22:10.012786,5.14,
4f4e9ecc-62a3-3571-a754-858b6ef7f0bb,4461,awaiting_approval,2026-05-12 11:22:10.012786,2026-05-14 07:56:40.959352,44.58,waiting on customer
abbfcde2-8dcc-36d5-c107-fc86ec4a65fd,4461,plating,2026-05-14 07:56:40.959352,2026-05-14 13:05:15.245066,5.14,
e1d5dece-c995-dddd-8df2-ba8cab334347,4461,on_press,2026-05-14 13:05:15.245066,2026-05-14 18:13:49.530780,5.14,
463536b6-7f30-6bea-9c1b-b993288a9fb2,4461,finishing,2026-05-14 18:13:49.530780,2026-05-14 23:22:23.816494,5.14,
5249d1a1-c2c5-7c00-1e67-3e343c840d29,4461,dispatched,2026-05-14 23:22:23.816494,2026-05-15 04:30:58.102208,5.14,
4d1e9a92-f67d-67aa-4d6c-32741d4b5348,4461,delivered,2026-05-15 04:30:58.102208,,,
93fa8f5e-eb65-c352-df0f-bedc2514f909,4462,received,2026-03-20 00:00:00,2026-03-20 03:07:27.771453,3.12,
2999d31c-7f7f-408b-0b59-eb63e4cc09d2,4462,prepress,2026-03-20 03:07:27.771453,2026-03-20 16:10:52.412256,13.06,
e333de99-e158-2b27-ff4a-61793f60cd68,4462,proofing,2026-03-20 16:10:52.412256,2026-03-21 05:14:17.053059,13.06,
c8def403-9e36-238b-f9c8-5f07e7021aa5,4462,awaiting_approval,2026-03-21 05:14:17.053059,2026-03-23 08:03:35.007112,50.82,waiting on customer
3baa48b3-1e32-36f2-b140-0b6b1bdead8b,4462,plating,2026-03-23 08:03:35.007112,2026-03-23 21:06:59.647915,13.06,
4bbc0bdd-87a2-b70d-a788-b4a868e0823d,4462,on_press,2026-03-23 21:06:59.647915,2026-03-24 10:10:24.288718,13.06,
bc45fd39-ca95-30c6-2982-d5f415352224,4462,finishing,2026-03-24 10:10:24.288718,2026-03-24 23:13:48.929521,13.06,
4b7227ba-e2ac-0f6c-03ce-7be86f2ea8c6,4462,dispatched,2026-03-24 23:13:48.929521,2026-03-25 12:17:13.570324,13.06,
1e0e5f96-b78a-f6ab-7d26-07dd2affd409,4462,delivered,2026-03-25 12:17:13.570324,,,
d096a64f-d534-1a15-6fa8-6c0708a3b0ec,4463,received,2026-07-08 00:00:00,2026-07-08 02:09:03.827162,2.15,
9185fab8-6f59-ebbc-7353-64ef3ab968e8,4463,prepress,2026-07-08 02:09:03.827162,2026-07-08 17:10:51.863243,15.03,
5560742c-67f4-72e6-5b3b-aaca2663a9c5,4463,proofing,2026-07-08 17:10:51.863243,2026-07-09 08:12:39.899324,15.03,
6b486c54-8528-57c3-cc3c-7953b65ce7c9,4463,awaiting_approval,2026-07-09 08:12:39.899324,2026-07-14 04:39:01.546826,116.44,waiting on customer
b7ab196d-f47d-5ddd-7924-194a192aec0f,4463,plating,2026-07-14 04:39:01.546826,2026-07-14 19:40:49.582907,15.03,
16a569b6-c5a9-3510-9115-e725732828f3,4463,on_press,2026-07-14 19:40:49.582907,2026-07-15 10:42:37.618988,15.03,
fa1f1b91-d517-9353-5df3-e321eecd584f,4463,finishing,2026-07-15 10:42:37.618988,2026-07-16 01:44:25.655069,15.03,
bacb9c5f-c8ff-97b3-e854-85dda3305852,4463,dispatched,2026-07-16 01:44:25.655069,2026-07-16 16:46:13.691150,15.03,
ef227fac-d169-0833-df9d-7863fccf9662,4463,delivered,2026-07-16 16:46:13.691150,,,
0b301413-2d7d-d4cb-2484-6814c74a195a,4464,received,2026-06-03 00:00:00,2026-06-03 02:36:00.640248,2.6,
e840305e-00ad-2e0a-262d-17919357fd78,4464,prepress,2026-06-03 02:36:00.640248,2026-06-03 14:58:52.763983,12.38,
102ca92f-b3e8-452a-4869-96c2880b155b,4464,proofing,2026-06-03 14:58:52.763983,2026-06-04 03:21:44.887718,12.38,
4d898a49-7e1d-d3da-b4ac-5b81e259a1a4,4464,awaiting_approval,2026-06-04 03:21:44.887718,2026-06-05 07:55:21.934957,28.56,waiting on customer
dfff88e8-61d0-6f1f-b05f-1dde601b007f,4464,plating,2026-06-05 07:55:21.934957,2026-06-05 20:18:14.058692,12.38,
51194867-4079-90dd-2cb9-ef96fa258682,4464,on_press,2026-06-05 20:18:14.058692,2026-06-06 08:41:06.182427,12.38,
16924367-2d72-6158-35c1-8eb670d8fd09,4464,finishing,2026-06-06 08:41:06.182427,2026-06-06 21:03:58.306162,12.38,
dab5ab6e-5965-f4ee-14d2-80296b96c94b,4464,dispatched,2026-06-06 21:03:58.306162,2026-06-07 09:26:50.429897,12.38,
bf349f28-bb97-9f37-e0e3-43c0bb8c1244,4464,delivered,2026-06-07 09:26:50.429897,,,
ba5a7f71-2133-a6f4-d320-594680cac21a,4465,received,2026-05-03 00:00:00,2026-05-03 01:32:59.381208,1.55,
dc7613a0-a287-13e4-75bb-33ea7f0c4d02,4465,prepress,2026-05-03 01:32:59.381208,2026-05-04 02:55:23.022953,25.37,
006501c0-2f2e-ef60-a9a1-31fb20d4a4d3,4465,proofing,2026-05-04 02:55:23.022953,2026-05-05 04:17:46.664698,25.37,
bd12d320-e10c-4690-d8fe-cb15c3e4b488,4465,awaiting_approval,2026-05-05 04:17:46.664698,2026-05-08 06:28:45.144828,74.18,waiting on customer
d8ad6c8f-f5d3-aea3-3530-dcca196fb642,4465,plating,2026-05-08 06:28:45.144828,2026-05-09 07:51:08.786573,25.37,
3e708197-a25c-eaec-bfdf-6a1a9fc662e2,4465,on_press,2026-05-09 07:51:08.786573,2026-05-10 09:13:32.428318,25.37,
6898aa5f-a354-7470-fcf9-bf621380ce43,4465,finishing,2026-05-10 09:13:32.428318,2026-05-11 10:35:56.070063,25.37,
e70118e3-a7db-8c80-b5d7-8543ff507b60,4465,dispatched,2026-05-11 10:35:56.070063,,,
c2ad9e44-7590-384b-87db-23b0a5be51fa,4466,received,2026-04-07 00:00:00,2026-04-07 04:17:28.306031,4.29,
56ad6deb-c7bc-7a23-6e7d-9860bbe41717,4466,prepress,2026-04-07 04:17:28.306031,2026-04-07 13:59:40.569079,9.7,
1dc39df6-802e-ce79-d0a2-8ea94e74b742,4466,proofing,2026-04-07 13:59:40.569079,2026-04-07 23:41:52.832127,9.7,
9c25181b-12ad-f72e-4e40-73bce9b733cc,4466,awaiting_approval,2026-04-07 23:41:52.832127,2026-04-09 13:35:41.118604,37.9,waiting on customer
a6e55b64-91be-4021-97d5-13d7b7654c68,4466,plating,2026-04-09 13:35:41.118604,2026-04-09 23:17:53.381652,9.7,
e792eac9-1c1b-193e-fc4c-bd6f9aa331c6,4466,on_press,2026-04-09 23:17:53.381652,2026-04-10 09:00:05.644700,9.7,
39b0fbd9-9f82-02d2-a8dd-9931c9ef9691,4466,finishing,2026-04-10 09:00:05.644700,2026-04-10 18:42:17.907748,9.7,
092679ff-325b-b421-2577-bbe1b7987174,4466,dispatched,2026-04-10 18:42:17.907748,2026-04-11 04:24:30.170796,9.7,
a3cb1d30-87a9-fa92-a05d-b3d16e659371,4466,delivered,2026-04-11 04:24:30.170796,,,
9cdc099e-cee6-df3d-c948-b740baa14cb4,4467,received,2026-02-19 00:00:00,2026-02-19 03:09:18.586605,3.16,
6d93becd-cde4-1eab-097d-9c2ab6e9931a,4467,prepress,2026-02-19 03:09:18.586605,2026-02-19 11:15:43.850585,8.11,
d40dc084-f309-1b08-fe84-f12d3b4f92af,4467,proofing,2026-02-19 11:15:43.850585,2026-02-19 19:22:09.114565,8.11,
a558bba2-c0ac-b7f8-1b98-5046cd5e1b19,4467,awaiting_approval,2026-02-19 19:22:09.114565,2026-02-20 22:33:54.886564,27.2,waiting on customer
2874b61a-525d-4b5a-31ec-4e462227b8f6,4467,plating,2026-02-20 22:33:54.886564,2026-02-21 06:40:20.150544,8.11,
31cf5dc4-d5a1-dd67-0efd-5a8c84a13fff,4467,on_press,2026-02-21 06:40:20.150544,2026-02-21 14:46:45.414524,8.11,
30092770-e90b-f9cb-8192-22e3194a1507,4467,finishing,2026-02-21 14:46:45.414524,2026-02-21 22:53:10.678504,8.11,
264e143b-e0a7-2e41-be80-4956bd234170,4467,dispatched,2026-02-21 22:53:10.678504,2026-02-22 06:59:35.942484,8.11,
4c1a8e9b-0c95-6f6a-b128-d5f28328c7f5,4467,delivered,2026-02-22 06:59:35.942484,,,
05c8f78f-37a2-837b-5d7c-6f55032d394f,4468,received,2026-01-25 00:00:00,2026-01-25 03:01:08.632236,3.02,
3c9c6dc2-2f94-05cd-43f7-18ecac0fc1d6,4468,prepress,2026-01-25 03:01:08.632236,2026-01-26 02:26:06.339139,23.42,
4faa1ae4-5e3e-e54d-b53a-13f4f5e1af32,4468,proofing,2026-01-26 02:26:06.339139,2026-01-27 01:51:04.046042,23.42,
da3c2063-dbee-af76-7fcf-a60a6120e643,4468,awaiting_approval,2026-01-27 01:51:04.046042,2026-01-30 04:35:55.159567,74.75,waiting on customer
315f9169-d210-40b0-8a27-d97db87e2fc9,4468,plating,2026-01-30 04:35:55.159567,2026-01-31 04:00:52.866470,23.42,
8749bd9c-b52b-64ae-1aec-3c443c2c5ad5,4468,on_press,2026-01-31 04:00:52.866470,2026-02-01 03:25:50.573373,23.42,
92285693-ac92-60ca-5642-1a112e329731,4468,finishing,2026-02-01 03:25:50.573373,2026-02-02 02:50:48.280276,23.42,
0ac17e7d-1668-dc91-79ae-66c849f49fb3,4468,dispatched,2026-02-02 02:50:48.280276,,,
3ad335e0-a272-6b6e-f61f-4a4d8a7ddf2a,4469,received,2026-07-17 00:00:00,2026-07-17 02:16:31.875498,2.28,
67a86af4-a628-5626-b1b8-c7eb93210672,4469,prepress,2026-07-17 02:16:31.875498,2026-07-17 22:52:16.725361,20.6,
8b0fb79e-584c-685f-4c2c-716ebc0c37b0,4469,proofing,2026-07-17 22:52:16.725361,2026-07-18 19:28:01.575224,20.6,
c7302fab-d631-1586-27ad-ca04ae3c6568,4469,awaiting_approval,2026-07-18 19:28:01.575224,2026-07-23 06:20:45.296845,106.88,waiting on customer
d8e896b2-cfa1-e149-ec4c-2effec6b01cf,4469,plating,2026-07-23 06:20:45.296845,2026-07-24 02:56:30.146708,20.6,
8a7b499a-50fb-6b8f-0969-ea6bc605ffbe,4469,on_press,2026-07-24 02:56:30.146708,2026-07-24 23:32:14.996571,20.6,
b491997d-741e-0cc4-a146-999fa93ff50f,4469,finishing,2026-07-24 23:32:14.996571,2026-07-25 20:07:59.846434,20.6,
1504002a-7700-9faf-d96e-6942b3e3a941,4469,dispatched,2026-07-25 20:07:59.846434,2026-07-26 16:43:44.696297,20.6,
bae72497-9c64-0334-e304-27efdffaf0a4,4469,delivered,2026-07-26 16:43:44.696297,,,
a1b69e96-e2a3-9823-880d-2aa9a250f7ed,4470,received,2026-03-17 00:00:00,2026-03-17 02:15:34.763963,2.26,
1370b3bf-d923-467d-a6a3-3bd7ead0d22c,4470,prepress,2026-03-17 02:15:34.763963,2026-03-18 03:41:20.995052,25.43,
829e5e6e-25dc-41f5-c432-a958a31bc83b,4470,proofing,2026-03-18 03:41:20.995052,2026-03-19 05:07:07.226141,25.43,
53703595-d0ff-d250-c52e-42484d130951,4470,awaiting_approval,2026-03-19 05:07:07.226141,2026-03-19 08:05:21.584415,2.97,waiting on customer
bc7717bc-028e-1ad3-0fb3-5ddac993a9f4,4470,plating,2026-03-19 08:05:21.584415,2026-03-20 09:31:07.815504,25.43,
a5bbf79f-7a17-d6d7-6a96-bf49f77cf294,4470,on_press,2026-03-20 09:31:07.815504,2026-03-21 10:56:54.046593,25.43,
318dd895-2f71-9b3a-7ce5-02e5493d38ab,4470,finishing,2026-03-21 10:56:54.046593,2026-03-22 12:22:40.277682,25.43,
f21232cf-0f52-190a-a851-0233b0b3d8c6,4470,dispatched,2026-03-22 12:22:40.277682,2026-03-23 13:48:26.508771,25.43,
fcf5687b-8b9b-d506-a285-78119309ccc4,4470,delivered,2026-03-23 13:48:26.508771,,,
724fdb9b-c02e-db76-e647-ef08c4b70df1,4472,received,2026-01-05 00:00:00,2026-01-05 04:18:59.733720,4.32,
5f735e8e-3fcf-0e0b-0c41-1935ba61b883,4472,prepress,2026-01-05 04:18:59.733720,2026-01-05 15:31:22.750655,11.21,
e9052184-dc31-da9b-a49d-fd0534ba5261,4472,proofing,2026-01-05 15:31:22.750655,2026-01-06 02:43:45.767590,11.21,
5de718c7-fa48-ce48-a283-76a73f27ada2,4472,awaiting_approval,2026-01-06 02:43:45.767590,2026-01-07 11:29:32.719108,32.76,waiting on customer
c331a9ec-aec2-810a-5ed5-a8c2e04b62ea,4472,plating,2026-01-07 11:29:32.719108,2026-01-07 22:41:55.736043,11.21,
87e5ace7-9eaf-6d81-b246-038efbd63c25,4472,on_press,2026-01-07 22:41:55.736043,2026-01-08 09:54:18.752978,11.21,
af453105-4694-bbdb-81ce-58c261ad9a14,4472,finishing,2026-01-08 09:54:18.752978,2026-01-08 21:06:41.769913,11.21,
e6043a12-6f6c-03f8-ee40-16dc19ba10d7,4472,dispatched,2026-01-08 21:06:41.769913,2026-01-09 08:19:04.786848,11.21,
c6f86912-ca21-b8e6-3298-2854357c6da3,4472,delivered,2026-01-09 08:19:04.786848,,,
2bd3ab89-9404-a3fb-f654-c904b1ecd863,4473,received,2026-01-17 00:00:00,2026-01-17 03:12:47.776254,3.21,
7eb73137-436a-e5f1-1481-200748985b11,4473,prepress,2026-01-17 03:12:47.776254,2026-01-17 13:59:27.559374,10.78,
cfc3f9d8-711e-111c-e0a3-9273199c3926,4473,proofing,2026-01-17 13:59:27.559374,2026-01-18 00:46:07.342494,10.78,
b9bbce27-7655-e1d2-2634-73fe6546d827,4473,awaiting_approval,2026-01-18 00:46:07.342494,2026-01-20 14:41:34.833120,61.92,waiting on customer
74ab77d9-1c29-5011-1b8f-0e123452b88d,4473,plating,2026-01-20 14:41:34.833120,2026-01-21 01:28:14.616240,10.78,
a7eca706-fb0b-1d20-e327-e2741a84cbc8,4473,on_press,2026-01-21 01:28:14.616240,2026-01-21 12:14:54.399360,10.78,
573d8c29-3ae9-f3a3-b942-8e7255eb9fcb,4473,finishing,2026-01-21 12:14:54.399360,2026-01-21 23:01:34.182480,10.78,
d95516e1-88ec-8dda-ac73-111efde32577,4473,dispatched,2026-01-21 23:01:34.182480,2026-01-22 09:48:13.965600,10.78,
7695706a-cc33-27f2-fbb8-6154296e1640,4473,delivered,2026-01-22 09:48:13.965600,,,
8b78116f-228c-914b-238a-8b4cc8dd2bb5,4474,received,2026-03-17 00:00:00,2026-03-17 03:07:11.973398,3.12,
422d09a2-5b4e-115f-99fb-47ae586538ee,4474,prepress,2026-03-17 03:07:11.973398,2026-03-17 17:03:00.701430,13.93,
71852bad-16fb-63e2-87e5-d7972e723107,4474,proofing,2026-03-17 17:03:00.701430,2026-03-18 06:58:49.429462,13.93,
19a5bd4f-8de4-bfb2-0881-44bb4b5b30d3,4474,awaiting_approval,2026-03-18 06:58:49.429462,2026-03-21 19:17:57.967997,84.32,waiting on customer
1ed85731-a23d-ca3b-26c0-7f3ba5705c55,4474,plating,2026-03-21 19:17:57.967997,2026-03-22 09:13:46.696029,13.93,
27c0e0b2-8d3f-82f6-488e-53b8fe8d4e85,4474,on_press,2026-03-22 09:13:46.696029,2026-03-22 23:09:35.424061,13.93,
cac7d868-8c16-faea-ccc1-c863d7852ea8,4474,finishing,2026-03-22 23:09:35.424061,2026-03-23 13:05:24.152093,13.93,
96c49f1a-5f75-5269-27fa-e58aa1507a3f,4474,dispatched,2026-03-23 13:05:24.152093,,,
3daded0c-9413-0f0e-2605-17f1da11fc8d,4475,received,2025-11-14 00:00:00,2025-11-14 02:25:18.541098,2.42,
24ad1678-3a97-2050-5ac5-0ed0afdca709,4475,prepress,2025-11-14 02:25:18.541098,2025-11-14 13:55:09.078650,11.5,
13e5ad51-f83d-5643-5eae-32620b9190da,4475,proofing,2025-11-14 13:55:09.078650,2025-11-15 01:24:59.616202,11.5,
e3cabe2a-98da-dde5-8303-ebf07cfd1ff4,4475,awaiting_approval,2025-11-15 01:24:59.616202,2025-11-17 14:54:30.043677,61.49,waiting on customer
163a0c0c-37a3-5f9e-3a70-40834d2fa4ce,4475,plating,2025-11-17 14:54:30.043677,2025-11-18 02:24:20.581229,11.5,
ef522c48-7b66-41aa-9a76-d7caf2cad56f,4475,on_press,2025-11-18 02:24:20.581229,2025-11-18 13:54:11.118781,11.5,
79b2e0a6-b47d-846c-7e44-2d844dc0f030,4475,finishing,2025-11-18 13:54:11.118781,2025-11-19 01:24:01.656333,11.5,
9be2ee69-c1c7-9a80-1158-7db7447048c8,4475,dispatched,2025-11-19 01:24:01.656333,2025-11-19 12:53:52.193885,11.5,
242b5fa7-98a8-41f8-c3c0-554e59a07098,4475,delivered,2025-11-19 12:53:52.193885,,,
65ef2473-0148-fdcd-ca79-c5281e82caad,4476,received,2026-02-17 00:00:00,2026-02-17 02:33:55.816692,2.57,
d1dc8220-fa37-f792-1b05-113a345064bd,4476,prepress,2026-02-17 02:33:55.816692,2026-02-17 17:14:11.994172,14.67,
52559b74-eeb0-8556-5287-0f83ce16e04c,4476,proofing,2026-02-17 17:14:11.994172,2026-02-18 07:54:28.171652,14.67,
232a0529-8dc0-2507-f373-95e5cf10d8b1,4476,awaiting_approval,2026-02-18 07:54:28.171652,2026-02-19 22:18:41.418478,38.4,waiting on customer
0636cd2c-df75-81e0-c918-cbafe47d97dd,4476,plating,2026-02-19 22:18:41.418478,2026-02-20 12:58:57.595958,14.67,
4ff139b9-9fbb-db38-c22e-41b9f3634f6d,4476,on_press,2026-02-20 12:58:57.595958,2026-02-21 03:39:13.773438,14.67,
ad145e90-019e-8c33-5ded-b59fd6808aa5,4476,finishing,2026-02-21 03:39:13.773438,2026-02-21 18:19:29.950918,14.67,
84c3a460-9e2f-2a39-4609-4fcd063436ac,4476,dispatched,2026-02-21 18:19:29.950918,2026-02-22 08:59:46.128398,14.67,
f5b145e1-0d7d-b477-dbfd-7d8d85a1c17b,4476,delivered,2026-02-22 08:59:46.128398,,,
e2a80d84-5de7-4ae3-7c0f-256439588050,4477,received,2026-05-25 00:00:00,2026-05-25 02:08:30.642428,2.14,
396b9480-4a3d-f670-7e58-a53ac9e6b62a,4477,prepress,2026-05-25 02:08:30.642428,2026-05-25 13:53:05.895627,11.74,
cb3df1d2-7b5f-b692-949c-22b0343594ed,4477,proofing,2026-05-25 13:53:05.895627,2026-05-26 01:37:41.148826,11.74,
285be5be-c828-f4cf-7778-ee7b32c982d3,4477,awaiting_approval,2026-05-26 01:37:41.148826,2026-05-27 10:54:48.403084,33.29,waiting on customer
0e8cd5e2-0be6-1147-2372-4da561e7026f,4477,plating,2026-05-27 10:54:48.403084,2026-05-27 22:39:23.656283,11.74,
39aee1ef-23e4-0f1c-3253-823eaf57c1de,4477,on_press,2026-05-27 22:39:23.656283,2026-05-28 10:23:58.909482,11.74,
ee056306-34af-3802-3a60-37b12bdf577f,4477,finishing,2026-05-28 10:23:58.909482,2026-05-28 22:08:34.162681,11.74,
a2151b88-3a96-ca8a-adf7-81aafb9c4d11,4477,dispatched,2026-05-28 22:08:34.162681,2026-05-29 09:53:09.415880,11.74,
f33b5095-d496-b08a-0af4-5da918986d1e,4477,delivered,2026-05-29 09:53:09.415880,,,
b406179c-827e-c9e5-accc-a870fefa88ae,4478,received,2026-03-07 00:00:00,2026-03-07 02:41:24.155917,2.69,
92fa9e40-0ee0-6515-a46d-75e70f693cf5,4478,prepress,2026-03-07 02:41:24.155917,2026-03-07 18:20:45.443089,15.66,
18bc6ade-ec22-845c-d3c0-cdb973ae273b,4478,proofing,2026-03-07 18:20:45.443089,2026-03-08 10:00:06.730261,15.66,
0b34c6f7-e4af-b83e-7219-7a006b9752b0,4478,awaiting_approval,2026-03-08 10:00:06.730261,2026-03-09 22:30:24.666732,36.5,waiting on customer
41c0cb58-79b7-e045-0537-cbb5953d8949,4478,plating,2026-03-09 22:30:24.666732,2026-03-10 14:09:45.953904,15.66,
53a32c48-3522-9bbc-61b7-401726e85cb3,4478,on_press,2026-03-10 14:09:45.953904,2026-03-11 05:49:07.241076,15.66,
9baf04f7-fe48-51cc-957b-fae98a4af3ed,4478,finishing,2026-03-11 05:49:07.241076,2026-03-11 21:28:28.528248,15.66,
4c881c3e-ee7c-bdaa-bac5-5ba6728c2190,4478,dispatched,2026-03-11 21:28:28.528248,2026-03-12 13:07:49.815420,15.66,
1b31dbe3-a47c-d8a9-0c5d-dec74411f4ee,4478,delivered,2026-03-12 13:07:49.815420,,,
270ec44e-1ef2-1179-0f9e-7eef1151eefa,4479,received,2026-07-14 00:00:00,2026-07-14 03:49:30.262430,3.83,
33bf1800-5a36-c517-4c93-240b19013b72,4479,prepress,2026-07-14 03:49:30.262430,2026-07-14 14:45:34.453898,10.93,
a4aa44cb-888f-4701-2551-7c6e8ee4be07,4479,proofing,2026-07-14 14:45:34.453898,2026-07-15 01:41:38.645366,10.93,
31c6d8d4-f540-ce2e-3e44-55e4e6470cc2,4479,awaiting_approval,2026-07-15 01:41:38.645366,2026-07-17 11:16:16.876129,57.58,waiting on customer
793e022a-0672-5ce7-8e66-76bfcc2450c7,4479,plating,2026-07-17 11:16:16.876129,2026-07-17 22:12:21.067597,10.93,
e8ac04c0-d683-60a7-7ec1-ac1c9b683b79,4479,on_press,2026-07-17 22:12:21.067597,2026-07-18 09:08:25.259065,10.93,
f4352434-5867-365b-855a-b3349de3b1c3,4479,finishing,2026-07-18 09:08:25.259065,2026-07-18 20:04:29.450533,10.93,
98065bac-8fc9-92d2-f132-2eebefcd8cb4,4479,dispatched,2026-07-18 20:04:29.450533,2026-07-19 07:00:33.642001,10.93,
0a2f91f9-f47f-8860-bd3b-d1cefe51759c,4479,delivered,2026-07-19 07:00:33.642001,,,
fd2d001d-bd0d-cdaa-c7f1-5cc8c4f7defc,4480,received,2026-07-22 00:00:00,2026-07-22 04:17:22.334673,4.29,
6306a6e9-85fc-c6d5-f944-0356b47f6a22,4480,prepress,2026-07-22 04:17:22.334673,2026-07-22 22:27:41.042021,18.17,
2706d67d-7313-9f1c-ac74-9677e5bba212,4480,proofing,2026-07-22 22:27:41.042021,2026-07-23 16:37:59.749369,18.17,
c36962a2-c571-2efc-d92b-0219b8e1b77e,4480,awaiting_approval,2026-07-23 16:37:59.749369,2026-07-26 07:18:16.238206,62.67,waiting on customer
ba2dc168-1545-a444-3095-a79b24abc3eb,4480,plating,2026-07-26 07:18:16.238206,2026-07-27 01:28:34.945554,18.17,
b685e809-9189-9277-c40b-3a0217491ed0,4480,on_press,2026-07-27 01:28:34.945554,2026-07-27 19:38:53.652902,18.17,
27761a8b-491f-cc69-bbc5-9c4f7e3c7c64,4480,finishing,2026-07-27 19:38:53.652902,2026-07-28 13:49:12.360250,18.17,
7f5ab6f4-3bbf-aad1-3de7-099998dc05a1,4480,dispatched,2026-07-28 13:49:12.360250,2026-07-29 07:59:31.067598,18.17,
67c20ed5-28f8-dedf-6403-233faa04a70c,4480,delivered,2026-07-29 07:59:31.067598,,,
b15d1e4d-0cb9-c410-73c0-36312b21146e,4481,received,2026-01-16 00:00:00,2026-01-16 03:19:27.468495,3.32,
9ce0ebbe-086f-eacb-2f8b-78b17278732a,4481,prepress,2026-01-16 03:19:27.468495,2026-01-16 14:50:59.228901,11.53,
3e77fea4-76aa-b744-825e-574c4cd0bc84,4481,proofing,2026-01-16 14:50:59.228901,2026-01-17 02:22:30.989307,11.53,
9ebe9ae5-e43f-790e-bb63-0aae6ff46a46,4481,awaiting_approval,2026-01-17 02:22:30.989307,2026-01-21 06:57:13.221818,100.58,waiting on customer
8e743bca-d10e-1bbc-095c-11d59769425c,4481,plating,2026-01-21 06:57:13.221818,2026-01-21 18:28:44.982224,11.53,
fe43934f-6ec5-d35a-f184-83f93b626847,4481,on_press,2026-01-21 18:28:44.982224,2026-01-22 06:00:16.742630,11.53,
8ef7a4ad-b46a-2e41-7e09-36bf99293a13,4481,finishing,2026-01-22 06:00:16.742630,2026-01-22 17:31:48.503036,11.53,
d5647b95-eeee-1c43-7fe1-4f7e3d539c61,4481,dispatched,2026-01-22 17:31:48.503036,2026-01-23 05:03:20.263442,11.53,
2baccd36-1861-2929-5b2e-87aacdf6d086,4481,delivered,2026-01-23 05:03:20.263442,,,
5d443e64-482a-4992-4d60-48566f0078b9,4482,received,2026-04-28 00:00:00,2026-04-28 02:32:59.248674,2.55,
e70d3ea3-b18c-5518-ee3a-b6bf87764fbd,4482,prepress,2026-04-28 02:32:59.248674,2026-04-28 21:23:10.600893,18.84,
44dd4891-a029-ae68-9308-224552959edc,4482,proofing,2026-04-28 21:23:10.600893,2026-04-29 16:13:21.953112,18.84,
a120136b-9629-313e-c6a1-97b409fa519d,4482,awaiting_approval,2026-04-29 16:13:21.953112,2026-05-01 00:18:17.216167,32.08,waiting on customer
ce94807a-541b-02fa-5c6e-8e98d2fbd361,4482,plating,2026-05-01 00:18:17.216167,2026-05-01 19:08:28.568386,18.84,
2e85288f-013e-65ce-b0aa-61845db70558,4482,on_press,2026-05-01 19:08:28.568386,2026-05-02 13:58:39.920605,18.84,
1352b540-aec1-649c-7ca4-d2847e1db276,4482,finishing,2026-05-02 13:58:39.920605,2026-05-03 08:48:51.272824,18.84,
f5ddf36f-84f5-27ec-87b7-09f0430f2e16,4482,dispatched,2026-05-03 08:48:51.272824,2026-05-04 03:39:02.625043,18.84,
9adf12e6-aa40-17db-4dc2-1ab2ef53be3f,4482,delivered,2026-05-04 03:39:02.625043,,,
b467e5a8-321f-9dc2-ff5f-13ea1f3fd07a,4483,received,2026-05-03 00:00:00,2026-05-03 02:38:37.787386,2.64,
94eee1e7-efc5-8c32-bff3-bacfa3946e31,4483,prepress,2026-05-03 02:38:37.787386,2026-05-04 01:57:50.526978,23.32,
26f8e8f7-b053-fafc-a5fe-70051d326b88,4483,proofing,2026-05-04 01:57:50.526978,2026-05-05 01:17:03.266570,23.32,
2b41bde4-9d2c-fd62-142b-1d8b91f27048,4483,awaiting_approval,2026-05-05 01:17:03.266570,2026-05-08 21:07:06.504747,91.83,waiting on customer
1f13c90a-648b-e5cb-bc36-e3f9d9fe9f84,4483,plating,2026-05-08 21:07:06.504747,2026-05-09 20:26:19.244339,23.32,
dddd51ea-1375-7e81-31d2-c5f3979a41e5,4483,on_press,2026-05-09 20:26:19.244339,2026-05-10 19:45:31.983931,23.32,
01744c33-7214-5644-7c74-aa22e01fbbb4,4483,finishing,2026-05-10 19:45:31.983931,2026-05-11 19:04:44.723523,23.32,
8d28a1c0-fb52-18b9-507e-e2b742ac44d6,4483,dispatched,2026-05-11 19:04:44.723523,,,
88c8d29d-3c90-080e-240b-4e5168527fe9,4484,received,2026-05-28 00:00:00,2026-05-28 02:04:50.336315,2.08,
20c9f5be-4ad9-269c-d16f-2bd18fff15aa,4484,prepress,2026-05-28 02:04:50.336315,2026-05-28 16:05:18.352606,14.01,
2c5522e6-95eb-b5b0-6764-e227665f0309,4484,proofing,2026-05-28 16:05:18.352606,2026-05-29 06:05:46.368897,14.01,
a5ceda82-27ee-bfdc-dc5a-c9c1825927a0,4484,awaiting_approval,2026-05-29 06:05:46.368897,2026-05-30 19:19:27.399262,37.23,waiting on customer
6a52f271-b7dd-ac36-8f75-83fa93212dc6,4484,plating,2026-05-30 19:19:27.399262,2026-05-31 09:19:55.415553,14.01,
2b8375a0-0935-3480-ed4f-1d24588cb16c,4484,on_press,2026-05-31 09:19:55.415553,2026-05-31 23:20:23.431844,14.01,
3d90b742-7bc7-514a-8649-61cfecff7b4e,4484,finishing,2026-05-31 23:20:23.431844,2026-06-01 13:20:51.448135,14.01,
3b1f749f-fb98-3b21-9676-63dd62fabde8,4484,dispatched,2026-06-01 13:20:51.448135,2026-06-02 03:21:19.464426,14.01,
700857e2-bca4-b55c-6ccb-80718d295d82,4484,delivered,2026-06-02 03:21:19.464426,,,
4ccafd7d-e69c-a06f-9eaf-606ba06ab13e,4485,received,2026-03-25 00:00:00,2026-03-25 04:47:25.508435,4.79,
4ac95f8e-0107-d3b8-696c-db3a0940c44f,4485,prepress,2026-03-25 04:47:25.508435,2026-03-25 20:59:09.103038,16.2,
a32e42c3-3e8d-b32b-9a83-09558cc8aa7c,4485,proofing,2026-03-25 20:59:09.103038,2026-03-26 13:10:52.697641,16.2,
b80a7a02-ba75-959c-b25b-a9ef5accfd1d,4485,awaiting_approval,2026-03-26 13:10:52.697641,2026-03-27 18:02:22.947902,28.86,waiting on customer
3a0475d8-5888-6853-b1a4-5e8fc9ea3cd6,4485,plating,2026-03-27 18:02:22.947902,2026-03-28 10:14:06.542505,16.2,
fccc3c4d-c06a-bee9-e133-018fe0b67b2c,4485,on_press,2026-03-28 10:14:06.542505,2026-03-29 02:25:50.137108,16.2,
f298f296-c383-3581-c8ec-e5f4a21945a8,4485,finishing,2026-03-29 02:25:50.137108,2026-03-29 18:37:33.731711,16.2,
28264c07-965d-9af3-e2a7-6265938ab9c3,4485,dispatched,2026-03-29 18:37:33.731711,2026-03-30 10:49:17.326314,16.2,
cffa607e-2843-f78e-6853-3ec369daf23b,4485,delivered,2026-03-30 10:49:17.326314,,,
d1413d57-23fb-8577-95c3-959bcefa2ed4,4486,received,2026-06-06 00:00:00,2026-06-06 02:03:44.392668,2.06,
e1b4a9c5-465f-e735-a76c-1271556f31b3,4486,prepress,2026-06-06 02:03:44.392668,2026-06-06 11:51:27.069846,9.8,
bf6647e3-0d43-aa02-34e1-e4d07348d1d2,4486,proofing,2026-06-06 11:51:27.069846,2026-06-06 21:39:09.747024,9.8,
ed6899a1-28cc-600c-1c45-92a2fc4ec8af,4486,awaiting_approval,2026-06-06 21:39:09.747024,2026-06-09 11:39:13.027543,62.0,waiting on customer
1af4ae8b-3e90-278d-405d-8e1188781eb5,4486,plating,2026-06-09 11:39:13.027543,2026-06-09 21:26:55.704721,9.8,
b813e52b-20b0-51d5-8e2a-d10d7d15b9f0,4486,on_press,2026-06-09 21:26:55.704721,2026-06-10 07:14:38.381899,9.8,
e1d98e80-9ad3-0072-ae21-9be292c6e817,4486,finishing,2026-06-10 07:14:38.381899,2026-06-10 17:02:21.059077,9.8,
eedc3f50-5f8b-5ab7-c18e-bf3487fe6c8d,4486,dispatched,2026-06-10 17:02:21.059077,2026-06-11 02:50:03.736255,9.8,
43b569a4-162a-e96b-37ba-d805508e3a68,4486,delivered,2026-06-11 02:50:03.736255,,,
0d066e35-d855-1495-e0a5-ec9fa581536b,4487,received,2025-11-29 00:00:00,2025-11-29 03:49:46.068800,3.83,
f7dc29d7-db10-c39e-07c8-3478b6ff48e7,4487,prepress,2025-11-29 03:49:46.068800,2025-11-29 15:12:58.918892,11.39,
2b55ba76-20ac-e8a6-2980-6aaa9157812b,4487,proofing,2025-11-29 15:12:58.918892,2025-11-30 02:36:11.768984,11.39,
82d15db0-3edd-7c67-220c-db8eaed93df0,4487,awaiting_approval,2025-11-30 02:36:11.768984,2025-12-01 09:13:24.958088,30.62,waiting on customer
eb88a804-2848-e12c-3b87-0a12059d39f1,4487,plating,2025-12-01 09:13:24.958088,2025-12-01 20:36:37.808180,11.39,
cd5ff7e9-922d-d8e4-01f5-6faa6124d2f9,4487,on_press,2025-12-01 20:36:37.808180,2025-12-02 07:59:50.658272,11.39,
c23e9c2a-e0ac-a3f9-2817-32ae3d4590ef,4487,finishing,2025-12-02 07:59:50.658272,2025-12-02 19:23:03.508364,11.39,
cd303b55-26ff-4f38-b8e5-63cdaa837c20,4487,dispatched,2025-12-02 19:23:03.508364,2025-12-03 06:46:16.358456,11.39,
4564e76d-09af-c25c-79a1-fbae67137efd,4487,delivered,2025-12-03 06:46:16.358456,,,
97690078-911c-8dbb-e66b-a8dca867e9d6,4488,received,2026-02-01 00:00:00,2026-02-01 03:44:09.391075,3.74,
58b6dcdb-2be3-d36a-58c1-76705ff493ac,4488,prepress,2026-02-01 03:44:09.391075,2026-02-01 20:41:01.799491,16.95,
4967550e-12ee-94e3-b71c-b437e39e117e,4488,proofing,2026-02-01 20:41:01.799491,2026-02-02 13:37:54.207907,16.95,
2ef91f7b-12e5-71fd-9f8c-26298db61751,4488,awaiting_approval,2026-02-02 13:37:54.207907,2026-02-09 05:21:10.142422,159.72,waiting on customer
74da7342-2352-b0fc-a3d6-6aca774361d2,4488,plating,2026-02-09 05:21:10.142422,2026-02-09 22:18:02.550838,16.95,
26828a3c-1ccb-2e9d-b6dc-c8a42f6891a4,4488,on_press,2026-02-09 22:18:02.550838,2026-02-10 15:14:54.959254,16.95,
9f1c7369-5180-94b1-e34d-9339c522383c,4488,finishing,2026-02-10 15:14:54.959254,2026-02-11 08:11:47.367670,16.95,
1748aa5d-0669-1523-c509-7ae9ee713485,4488,dispatched,2026-02-11 08:11:47.367670,,,
ac62e7c3-ab2a-aaec-ce2d-ce9823c829cd,4489,received,2026-01-21 00:00:00,2026-01-21 03:56:30.827968,3.94,
83d33015-60ba-5786-932f-0181c0eca5f0,4489,prepress,2026-01-21 03:56:30.827968,2026-01-21 19:56:31.262369,16.0,
e2dbfe55-d4b8-3fce-a486-e623759e54f0,4489,proofing,2026-01-21 19:56:31.262369,2026-01-22 11:56:31.696770,16.0,
a68d939c-abc9-e392-4d00-e4ee37ab154e,4489,awaiting_approval,2026-01-22 11:56:31.696770,2026-01-23 14:08:08.997152,26.19,waiting on customer
6ab9d1b7-7694-adbd-d163-188b11ef86b3,4489,plating,2026-01-23 14:08:08.997152,2026-01-24 06:08:09.431553,16.0,
128f9794-090d-bfaa-a533-6f2b15c4dbb7,4489,on_press,2026-01-24 06:08:09.431553,2026-01-24 22:08:09.865954,16.0,
217531e4-518f-89fd-0265-fbfc8a8c9fc3,4489,finishing,2026-01-24 22:08:09.865954,2026-01-25 14:08:10.300355,16.0,
df75405a-097c-941c-5d57-d4542f7b5df7,4489,dispatched,2026-01-25 14:08:10.300355,2026-01-26 06:08:10.734756,16.0,
38b0690b-afcf-5231-8729-8116b8971009,4489,delivered,2026-01-26 06:08:10.734756,,,
f8183ee6-a289-79bb-348d-20c43d20bd4d,4490,received,2026-07-27 00:00:00,2026-07-27 01:29:47.527922,1.5,
3763804e-3d1d-c703-dd6b-8a8cc3e01a16,4490,prepress,2026-07-27 01:29:47.527922,2026-07-27 14:51:13.705846,13.36,
b3383d98-8015-7b7f-4c11-fb4efde1a568,4490,proofing,2026-07-27 14:51:13.705846,2026-07-28 04:12:39.883770,13.36,
5266dea0-f9cd-6c44-9b10-40a74919a4ae,4490,awaiting_approval,2026-07-28 04:12:39.883770,2026-07-29 16:23:00.644477,36.17,waiting on customer
a750156a-1494-6b99-c90c-fcfde8e0be79,4490,plating,2026-07-29 16:23:00.644477,2026-07-30 05:44:26.822401,13.36,
ac58d97c-1a1d-5723-4362-b6e16450875c,4490,on_press,2026-07-30 05:44:26.822401,2026-07-30 19:05:53.000325,13.36,
ed99ee8e-5d9e-6951-153b-02ca547d5d41,4490,finishing,2026-07-30 19:05:53.000325,2026-07-31 08:27:19.178249,13.36,
36a4baa6-aec3-3f35-0e2d-fb141f156022,4490,dispatched,2026-07-31 08:27:19.178249,2026-07-31 21:48:45.356173,13.36,
a84757e7-d452-6814-c2db-d585724d15eb,4490,delivered,2026-07-31 21:48:45.356173,,,
3464b4cd-6d59-2a0f-7a32-f384990f78bb,4491,received,2026-07-03 00:00:00,2026-07-03 04:44:47.189262,4.75,
12495732-02dd-0ac1-3d93-9d806573a49b,4491,prepress,2026-07-03 04:44:47.189262,2026-07-03 18:57:18.172112,14.21,
fc8d403a-b5b4-aae7-de82-39e3cdc4d09a,4491,proofing,2026-07-03 18:57:18.172112,2026-07-04 09:09:49.154962,14.21,
c64a8590-348d-1586-e80b-68bf538fe404,4491,awaiting_approval,2026-07-04 09:09:49.154962,2026-07-05 16:09:03.538415,30.99,waiting on customer
90782417-4692-ba9b-b043-e549d5107801,4491,plating,2026-07-05 16:09:03.538415,2026-07-06 06:21:34.521265,14.21,
26a201ad-d064-c29a-265a-4a94732b73ef,4491,on_press,2026-07-06 06:21:34.521265,2026-07-06 20:34:05.504115,14.21,
aaf28dd6-48d2-bf16-ff7e-c6044defba7e,4491,finishing,2026-07-06 20:34:05.504115,2026-07-07 10:46:36.486965,14.21,
32b1ca09-a0ce-784d-ce13-41aa7b959083,4491,dispatched,2026-07-07 10:46:36.486965,2026-07-08 00:59:07.469815,14.21,
af39e2f0-f85e-499c-3a54-847f70c69662,4491,delivered,2026-07-08 00:59:07.469815,,,
fd1aec58-005e-2694-27e3-221092b15d99,4492,received,2026-02-23 00:00:00,2026-02-23 01:14:20.262227,1.24,
2ab11476-1304-0cdc-d5f3-d33f8682591e,4492,prepress,2026-02-23 01:14:20.262227,2026-02-23 21:34:11.279081,20.33,
574528cd-3af1-8288-c8a4-6e276fe489b6,4492,proofing,2026-02-23 21:34:11.279081,2026-02-24 17:54:02.295935,20.33,
0a4d9e1c-9b02-2b1c-7a06-53e21130b116,4492,awaiting_approval,2026-02-24 17:54:02.295935,2026-02-26 14:45:25.982430,44.86,waiting on customer
862f3287-3f38-ee61-c130-d683887e291b,4492,plating,2026-02-26 14:45:25.982430,2026-02-27 11:05:16.999284,20.33,
01b76f4d-15a8-37a2-8fe6-ac2e2501ba58,4492,on_press,2026-02-27 11:05:16.999284,2026-02-28 07:25:08.016138,20.33,
aa00c64f-6b74-5954-0912-224c75a47a5a,4492,finishing,2026-02-28 07:25:08.016138,2026-03-01 03:44:59.032992,20.33,
7506d283-779a-450a-8e54-70c863505aaa,4492,dispatched,2026-03-01 03:44:59.032992,,,
77eec376-316e-a1ac-5c05-ee966351ebfe,4493,received,2026-06-09 00:00:00,2026-06-09 01:04:04.037232,1.07,
010d53ef-23bf-b70f-b217-d31b802bdbb0,4493,prepress,2026-06-09 01:04:04.037232,2026-06-09 20:50:12.958575,19.77,
216a9980-c900-fe37-6630-49b7b177fd40,4493,proofing,2026-06-09 20:50:12.958575,2026-06-10 16:36:21.879918,19.77,
8b026e7d-e93e-2953-82df-326318c0a234,4493,awaiting_approval,2026-06-10 16:36:21.879918,2026-06-13 14:36:12.846948,70.0,waiting on customer
26697ece-1059-e799-6a4a-13beb7c5d0c4,4493,plating,2026-06-13 14:36:12.846948,2026-06-14 10:22:21.768291,19.77,
90e8ff94-3093-f89f-ec17-e9b615659d4a,4493,on_press,2026-06-14 10:22:21.768291,2026-06-15 06:08:30.689634,19.77,
88a1af76-af92-b85a-e3a4-3dc68df02ffd,4493,finishing,2026-06-15 06:08:30.689634,2026-06-16 01:54:39.610977,19.77,
c7597523-b022-5519-9d4d-627b68c9a1ee,4493,dispatched,2026-06-16 01:54:39.610977,,,
da021144-e338-f490-5431-0d589da7800a,4494,received,2026-04-10 00:00:00,2026-04-10 03:24:30.751522,3.41,
f5f0c4a2-3bd3-a0d2-e213-33dc0daf0e93,4494,prepress,2026-04-10 03:24:30.751522,2026-04-10 10:03:14.911119,6.65,
b4697673-98dc-4b68-736f-9e6cfc25ec95,4494,proofing,2026-04-10 10:03:14.911119,2026-04-10 16:41:59.070716,6.65,
8a75a5ed-780d-b347-7d28-4f316125d333,4494,awaiting_approval,2026-04-10 16:41:59.070716,2026-04-14 13:34:04.280858,92.87,waiting on customer
be39691b-dd74-98fc-b822-d94ea275220e,4494,plating,2026-04-14 13:34:04.280858,2026-04-14 20:12:48.440455,6.65,
72957f38-a909-8f69-df6e-e9991419ea00,4494,on_press,2026-04-14 20:12:48.440455,2026-04-15 02:51:32.600052,6.65,
1a4b1275-6c2b-4d2f-4c4b-15b423eeb500,4494,finishing,2026-04-15 02:51:32.600052,2026-04-15 09:30:16.759649,6.65,
52078969-fcc9-493d-5795-6320f35fc038,4494,dispatched,2026-04-15 09:30:16.759649,2026-04-15 16:09:00.919246,6.65,
50c1ffda-c907-e199-8796-1aee7fa12538,4494,delivered,2026-04-15 16:09:00.919246,,,
a8acede7-6fd2-0dc2-ec07-ab067558b96e,4495,received,2026-07-12 00:00:00,2026-07-12 03:49:21.914295,3.82,
28a85f21-2e9a-673c-907b-50991c038cf4,4495,prepress,2026-07-12 03:49:21.914295,2026-07-12 10:58:05.049817,7.15,
6c4a39b2-5241-d6a7-63c2-8aea3703c15c,4495,proofing,2026-07-12 10:58:05.049817,2026-07-12 18:06:48.185339,7.15,
e445ff2a-cb9f-55a2-a466-72524856c4ba,4495,awaiting_approval,2026-07-12 18:06:48.185339,2026-07-15 04:11:54.596852,58.09,waiting on customer
4a706743-50f6-e521-ca46-133f07687713,4495,plating,2026-07-15 04:11:54.596852,2026-07-15 11:20:37.732374,7.15,
442c0f6d-4dfd-255d-b11a-0ab50e376d72,4495,on_press,2026-07-15 11:20:37.732374,2026-07-15 18:29:20.867896,7.15,
f2498ace-b1a5-3da3-3657-978e8845d620,4495,finishing,2026-07-15 18:29:20.867896,2026-07-16 01:38:04.003418,7.15,
9b2e5c2e-d633-bb18-e5cb-e70a96885d3f,4495,dispatched,2026-07-16 01:38:04.003418,2026-07-16 08:46:47.138940,7.15,
e54988d7-9727-b925-4b18-f10213f271be,4495,delivered,2026-07-16 08:46:47.138940,,,
82d3c103-3009-76de-8c17-47f8e8799222,4496,received,2026-04-11 00:00:00,2026-04-11 03:21:48.619583,3.36,
dfb7a642-a85b-66c5-0173-e9a16a7e0a9d,4496,prepress,2026-04-11 03:21:48.619583,2026-04-11 13:16:04.509271,9.9,
814336dd-a7eb-bf85-6904-642d3001aac0,4496,proofing,2026-04-11 13:16:04.509271,2026-04-11 23:10:20.398959,9.9,
fb18d25e-fb2a-dff5-5aba-c2437f9ddb29,4496,awaiting_approval,2026-04-11 23:10:20.398959,2026-04-13 12:54:04.847699,37.73,waiting on customer
80113958-df47-b458-9449-0824bae0c1bb,4496,plating,2026-04-13 12:54:04.847699,2026-04-13 22:48:20.737387,9.9,
788afa6d-1d9f-6ddb-7f5b-e715128d0dfe,4496,on_press,2026-04-13 22:48:20.737387,2026-04-14 08:42:36.627075,9.9,
dd81167c-4ce1-7ada-bb8e-f26ed8e2d937,4496,finishing,2026-04-14 08:42:36.627075,2026-04-14 18:36:52.516763,9.9,
94176eec-826e-e4f1-eab3-c2ccaaf3c0d6,4496,dispatched,2026-04-14 18:36:52.516763,2026-04-15 04:31:08.406451,9.9,
a944839d-b05b-bcc2-c38a-3928fa802aec,4496,delivered,2026-04-15 04:31:08.406451,,,
b09f1b7e-adc5-15c1-f556-77a191c6dfaa,4497,received,2026-02-22 00:00:00,2026-02-22 01:04:50.394863,1.08,
756e75ec-f39b-9147-0826-d1ae325a114b,4497,prepress,2026-02-22 01:04:50.394863,2026-02-22 15:52:56.491570,14.8,
6b605b2a-49c3-c976-d04e-3e310f056e5e,4497,proofing,2026-02-22 15:52:56.491570,2026-02-23 06:41:02.588277,14.8,
66ac35b1-1050-dbbd-564a-a4e37cc86806,4497,awaiting_approval,2026-02-23 06:41:02.588277,2026-03-02 13:24:27.455083,174.72,waiting on customer
3ccbc63e-e130-9841-caba-6d9e4e2049b2,4497,plating,2026-03-02 13:24:27.455083,2026-03-03 04:12:33.551790,14.8,
32d22651-3f4b-82db-5e5c-1dfc850b973f,4497,on_press,2026-03-03 04:12:33.551790,2026-03-03 19:00:39.648497,14.8,
3d76c5fa-406a-4df7-40f0-59c2ce1af43f,4497,finishing,2026-03-03 19:00:39.648497,2026-03-04 09:48:45.745204,14.8,
670b7cd1-e16e-245d-ca91-e4d57cd6191c,4497,dispatched,2026-03-04 09:48:45.745204,2026-03-05 00:36:51.841911,14.8,
e8f8fe88-f1c6-7950-83ce-b2d2c95a237e,4497,delivered,2026-03-05 00:36:51.841911,,,
b3ff0131-dd71-7cdf-1585-fa0bb4056b3c,4498,received,2026-02-08 00:00:00,2026-02-08 02:55:09.812158,2.92,
17cb82f6-710b-b9c3-ddfb-da4dccb7ad0a,4498,prepress,2026-02-08 02:55:09.812158,2026-02-08 17:47:52.195668,14.88,
85bc0d4c-75d3-3446-dae2-90ea0fe3ee98,4498,proofing,2026-02-08 17:47:52.195668,2026-02-09 08:40:34.579178,14.88,
36a6e832-b771-8b7a-fb42-ef1439a2a582,4498,awaiting_approval,2026-02-09 08:40:34.579178,2026-02-10 16:22:47.966084,31.7,waiting on customer
3995d803-a01b-5523-3e8e-11dd04907e9f,4498,plating,2026-02-10 16:22:47.966084,2026-02-11 07:15:30.349594,14.88,
d27384bf-9e3f-1802-62c1-114df645257e,4498,on_press,2026-02-11 07:15:30.349594,2026-02-11 22:08:12.733104,14.88,
837bf31f-111c-ff69-4c2b-59654ff73181,4498,finishing,2026-02-11 22:08:12.733104,2026-02-12 13:00:55.116614,14.88,
a9433e27-de16-d2e3-5df2-bcf767313125,4498,dispatched,2026-02-12 13:00:55.116614,2026-02-13 03:53:37.500124,14.88,
86a3c650-2715-07da-f270-428d1528a983,4498,delivered,2026-02-13 03:53:37.500124,,,
23f8ceab-2765-4053-29ad-714185a2770d,4499,received,2026-01-24 00:00:00,2026-01-24 01:42:40.234112,1.71,
562ff802-fc78-215b-897f-30ff09c387ed,4499,prepress,2026-01-24 01:42:40.234112,2026-01-24 15:31:43.136284,13.82,
51052b85-2545-6deb-fe0d-56970ebffca8,4499,proofing,2026-01-24 15:31:43.136284,2026-01-25 05:20:46.038456,13.82,
94ded5ea-0e69-c79f-b97e-a7184560dfb1,4499,awaiting_approval,2026-01-25 05:20:46.038456,2026-01-26 13:17:36.630658,31.95,waiting on customer
a5ef262e-8db1-8216-8784-828c9ddbee8c,4499,plating,2026-01-26 13:17:36.630658,2026-01-27 03:06:39.532830,13.82,
070664d6-1563-5861-6536-d1ce41d4e344,4499,on_press,2026-01-27 03:06:39.532830,2026-01-27 16:55:42.435002,13.82,
fcb3df01-6e12-c6c0-6ea6-fc0789b8610e,4499,finishing,2026-01-27 16:55:42.435002,2026-01-28 06:44:45.337174,13.82,
4e04e1ac-5e6a-35fa-a8f8-02dfc2827def,4499,dispatched,2026-01-28 06:44:45.337174,2026-01-28 20:33:48.239346,13.82,
4ecad378-cc2f-1a00-1799-988189815b85,4499,delivered,2026-01-28 20:33:48.239346,,,
6c8a937b-2db4-c45f-2739-131ca7b0e7b1,4500,received,2025-12-15 00:00:00,2025-12-15 01:26:31.261895,1.44,
92c1fde8-ae21-981a-d792-efef6bc2615a,4500,prepress,2025-12-15 01:26:31.261895,2025-12-15 19:22:39.046221,17.94,
5654487e-4d06-2c6a-079e-95029db4f0a0,4500,proofing,2025-12-15 19:22:39.046221,2025-12-16 13:18:46.830547,17.94,
75c3e419-630c-135c-251d-2babde494895,4500,awaiting_approval,2025-12-16 13:18:46.830547,2025-12-18 04:55:31.758171,39.61,waiting on customer
1f8e706e-4211-2062-5f80-a4bbf1cd85a7,4500,plating,2025-12-18 04:55:31.758171,2025-12-18 22:51:39.542497,17.94,
ac625abe-1bdb-a0c5-f340-8fc4227b026e,4500,on_press,2025-12-18 22:51:39.542497,2025-12-19 16:47:47.326823,17.94,
eebffc10-117b-ef3b-5159-1bb62148eed1,4500,finishing,2025-12-19 16:47:47.326823,2025-12-20 10:43:55.111149,17.94,
2e627fbe-bfca-8b5d-c74a-3a2f131c57cc,4500,dispatched,2025-12-20 10:43:55.111149,2025-12-21 04:40:02.895475,17.94,
6947bf69-5d7d-9fe8-e65b-05d4659984af,4500,delivered,2025-12-21 04:40:02.895475,,,
8a152d5b-aa31-28a6-1eee-f17384b37bbd,4501,received,2026-03-04 00:00:00,2026-03-04 04:30:03.745118,4.5,
dbe5cbbf-aa4f-8b02-fbfc-b6d1d1336b4e,4501,prepress,2026-03-04 04:30:03.745118,2026-03-05 04:20:39.330671,23.84,
12b3c5a1-4b78-ef6b-4fd9-1e4b68cbea17,4501,proofing,2026-03-05 04:20:39.330671,2026-03-06 04:11:14.916224,23.84,
a4e8a829-e645-2b52-c694-2c4cbfa06e9b,4501,awaiting_approval,2026-03-06 04:11:14.916224,2026-03-10 15:49:42.279129,107.64,waiting on customer
690937e3-f422-bad1-4523-f29b9ed75077,4501,plating,2026-03-10 15:49:42.279129,2026-03-11 15:40:17.864682,23.84,
887707a3-2a07-93e2-6359-8487ef80c5c5,4501,on_press,2026-03-11 15:40:17.864682,2026-03-12 15:30:53.450235,23.84,
4c69831b-96ff-015b-e76b-53e9fb544768,4501,finishing,2026-03-12 15:30:53.450235,2026-03-13 15:21:29.035788,23.84,
3f824ecd-89d5-b1f8-0b63-40cded10f152,4501,dispatched,2026-03-13 15:21:29.035788,,,
9a2bc312-1195-a147-5696-f171a7e30db2,4502,received,2026-01-21 00:00:00,2026-01-21 02:36:16.022482,2.6,
9ac0dafe-2c30-f562-e7ca-b91efac87711,4502,prepress,2026-01-21 02:36:16.022482,2026-01-21 14:17:15.372341,11.68,
ff350b2d-ccc5-239f-6fcf-5e6b08d9cd92,4502,proofing,2026-01-21 14:17:15.372341,2026-01-22 01:58:14.722200,11.68,
02d99927-9cee-b656-b42e-d167af6f33f9,4502,awaiting_approval,2026-01-22 01:58:14.722200,2026-01-23 22:33:03.113689,44.58,waiting on customer
b194df02-4b24-0a12-9c82-26c065a02be0,4502,plating,2026-01-23 22:33:03.113689,2026-01-24 10:14:02.463548,11.68,
d14d571d-da7d-5106-1dd7-bc62b40688a7,4502,on_press,2026-01-24 10:14:02.463548,2026-01-24 21:55:01.813407,11.68,
ad18dd43-b466-f3f6-06d4-6d0dc4cc0ba0,4502,finishing,2026-01-24 21:55:01.813407,2026-01-25 09:36:01.163266,11.68,
eb328a1f-9827-fd59-5375-4332655bad93,4502,dispatched,2026-01-25 09:36:01.163266,2026-01-25 21:17:00.513125,11.68,
7da3fbae-0ca4-58f8-b7ab-ad7fe83c3d6f,4502,delivered,2026-01-25 21:17:00.513125,,,
1a79fe5d-45dd-c6b4-10fc-bbe37be4caf8,4503,received,2026-05-04 00:00:00,2026-05-04 02:54:00.016553,2.9,
b419e238-c5bc-d46a-632f-b27e061def10,4503,prepress,2026-05-04 02:54:00.016553,2026-05-04 23:44:48.492049,20.85,
2efc0d35-f348-05f0-7100-44e7fab2a077,4503,proofing,2026-05-04 23:44:48.492049,2026-05-05 20:35:36.967545,20.85,
288c0ce1-7bf5-07ea-3dc2-718fbddf35bd,4503,awaiting_approval,2026-05-05 20:35:36.967545,2026-05-07 09:54:08.133823,37.31,waiting on customer
38089fc8-e47c-62db-676e-dcf0f86f6761,4503,plating,2026-05-07 09:54:08.133823,2026-05-08 06:44:56.609319,20.85,
578052ce-295e-6f20-c9d8-39aa471a0fbc,4503,on_press,2026-05-08 06:44:56.609319,2026-05-09 03:35:45.084815,20.85,
9bbaf978-e646-416f-69da-5e1301bac9a0,4503,finishing,2026-05-09 03:35:45.084815,2026-05-10 00:26:33.560311,20.85,
7e4b6b6e-e85c-7fd4-358a-dee00a62134c,4503,dispatched,2026-05-10 00:26:33.560311,,,
57df4f21-10e8-3b16-be1b-d45de24336ba,4504,received,2026-07-24 00:00:00,2026-07-24 01:59:06.750192,1.99,
ba9c9145-bab7-4192-5f89-e7f4cdb343e3,4504,prepress,2026-07-24 01:59:06.750192,2026-07-24 10:47:06.996100,8.8,
e536be00-0cf4-1680-a84d-dfa4e677becc,4504,proofing,2026-07-24 10:47:06.996100,2026-07-24 19:35:07.242008,8.8,
2ffb71eb-b54a-40d5-c36b-3ecf62e795c8,4504,awaiting_approval,2026-07-24 19:35:07.242008,2026-07-26 07:39:22.121205,36.07,waiting on customer
9fd2cc2c-c6e7-a87f-25a5-f638c8ea1a1b,4504,plating,2026-07-26 07:39:22.121205,2026-07-26 16:27:22.367113,8.8,
3d4be10c-23f8-51e8-8e5b-b1291dccacb8,4504,on_press,2026-07-26 16:27:22.367113,2026-07-27 01:15:22.613021,8.8,
c65c1f2a-62e3-3b6a-8f79-9434bd3edae0,4504,finishing,2026-07-27 01:15:22.613021,2026-07-27 10:03:22.858929,8.8,
9bd9b716-75c1-7879-0871-51eee2affed9,4504,dispatched,2026-07-27 10:03:22.858929,2026-07-27 18:51:23.104837,8.8,
fcdf97a2-1a0b-ccff-4021-4668b3ba29a0,4504,delivered,2026-07-27 18:51:23.104837,,,
b316679b-b3db-6e12-0181-8a8ec85d8a0c,4505,received,2026-07-31 00:00:00,2026-07-31 03:51:12.766749,3.85,
31101e72-61d7-2683-ec0d-5a56b46a7031,4505,prepress,2026-07-31 03:51:12.766749,2026-07-31 10:45:27.682245,6.9,
a161b446-23a3-a574-24ef-a354471a08f2,4505,proofing,2026-07-31 10:45:27.682245,2026-07-31 17:39:42.597741,6.9,
d0d364f7-14e8-d823-76bb-c575623ae645,4505,awaiting_approval,2026-07-31 17:39:42.597741,2026-08-05 08:41:09.027962,111.02,waiting on customer
d29a6b89-cdfd-41d4-b9f9-d671e518e0af,4505,plating,2026-08-05 08:41:09.027962,2026-08-05 15:35:23.943458,6.9,
971843a8-3513-1303-4d10-f60910ebfea9,4505,on_press,2026-08-05 15:35:23.943458,2026-08-05 22:29:38.858954,6.9,
23383607-83fb-ab24-4ab7-ea2cb1cf42d8,4505,finishing,2026-08-05 22:29:38.858954,2026-08-06 05:23:53.774450,6.9,
513ccd3f-de8c-137f-636d-dc323dcad743,4505,dispatched,2026-08-06 05:23:53.774450,2026-08-06 12:18:08.689946,6.9,
b718b34e-7a5d-ff2b-f832-94135671be42,4505,delivered,2026-08-06 12:18:08.689946,,,
f8bdb8a5-4eac-cd53-ef63-cbaa96fb80d4,4506,received,2026-03-12 00:00:00,2026-03-12 03:35:01.689745,3.58,
351135f9-1e99-73c8-f966-b0a8c6ea46bb,4506,prepress,2026-03-12 03:35:01.689745,2026-03-13 09:29:26.666286,29.91,
34705b73-3c8a-fd4d-69cb-472faf1744f7,4506,proofing,2026-03-13 09:29:26.666286,2026-03-14 15:23:51.642827,29.91,
9d8261ab-dc84-f170-433c-f7cb3564c641,4506,awaiting_approval,2026-03-14 15:23:51.642827,2026-03-14 23:29:16.681840,8.09,waiting on customer
14f9468a-20cc-bf64-fb94-d7f2d506705b,4506,plating,2026-03-14 23:29:16.681840,2026-03-16 05:23:41.658381,29.91,
28de19b1-5da2-25b4-5763-2db929183541,4506,on_press,2026-03-16 05:23:41.658381,2026-03-17 11:18:06.634922,29.91,
b21ff384-e856-2a88-acf4-a731e9f160e4,4506,finishing,2026-03-17 11:18:06.634922,2026-03-18 17:12:31.611463,29.91,
82d7d16c-ece8-a9dd-13bb-f4293dc1deaf,4506,dispatched,2026-03-18 17:12:31.611463,2026-03-19 23:06:56.588004,29.91,
23afe212-e3e5-bb05-d6c7-5f91137c8b3b,4506,delivered,2026-03-19 23:06:56.588004,,,
33f35d34-b211-e841-602e-96e301743203,4507,received,2026-04-28 00:00:00,2026-04-28 02:07:01.457473,2.12,
af85c394-7dd4-3b34-d1cc-6cc26bdb5ddf,4507,prepress,2026-04-28 02:07:01.457473,2026-04-28 20:57:21.132694,18.84,
86583e1c-7848-f14b-b813-dee547995ee7,4507,proofing,2026-04-28 20:57:21.132694,2026-04-29 15:47:40.807915,18.84,
4233b3c0-6a67-c1c6-aa20-7296d9385563,4507,awaiting_approval,2026-04-29 15:47:40.807915,2026-05-01 18:39:14.805123,50.86,waiting on customer
2fb03d98-fbe1-aa87-aaf5-6792f3b7c50d,4507,plating,2026-05-01 18:39:14.805123,2026-05-02 13:29:34.480344,18.84,
aca661f8-b9c9-7c3c-c963-482ba8c11550,4507,on_press,2026-05-02 13:29:34.480344,2026-05-03 08:19:54.155565,18.84,
ef6214e8-330b-74da-4b4d-05fb48abaf22,4507,finishing,2026-05-03 08:19:54.155565,2026-05-04 03:10:13.830786,18.84,
bca8186d-eef4-08c1-cde5-2a6081d81c9e,4507,dispatched,2026-05-04 03:10:13.830786,,,
2e724d34-3b55-f791-f606-10df612ddb8d,4508,received,2025-11-30 00:00:00,2025-11-30 01:59:17.143962,1.99,
53bc46b4-f254-d50b-3c25-6f605c22c900,4508,prepress,2025-11-30 01:59:17.143962,2025-11-30 19:17:24.073967,17.3,
ea21a842-e2c7-e736-f48e-865af7199aff,4508,proofing,2025-11-30 19:17:24.073967,2025-12-01 12:35:31.003972,17.3,
e7f1c0b3-5919-f52c-df4b-a5345cbb8c68,4508,awaiting_approval,2025-12-01 12:35:31.003972,2025-12-04 22:22:27.068948,81.78,waiting on customer
c2233b13-a4dd-0f98-6902-240781e3d176,4508,plating,2025-12-04 22:22:27.068948,2025-12-05 15:40:33.998953,17.3,
8450beb7-2a48-e202-57e4-b046b728b61d,4508,on_press,2025-12-05 15:40:33.998953,2025-12-06 08:58:40.928958,17.3,
fe9175ff-c3cf-da8a-cac5-3d6bc988b00f,4508,finishing,2025-12-06 08:58:40.928958,2025-12-07 02:16:47.858963,17.3,
62223264-1f41-bbf4-126a-194d141cb52d,4508,dispatched,2025-12-07 02:16:47.858963,,,
83d5bcc4-65d1-79d3-5f50-5455e1cd888a,4509,received,2026-05-31 00:00:00,2026-05-31 04:09:23.544336,4.16,
0acb905a-9423-b056-4e85-839446605e64,4509,prepress,2026-05-31 04:09:23.544336,2026-05-31 19:23:45.579491,15.24,
8fff5ce8-8ec1-ade2-9c64-99379f023b0b,4509,proofing,2026-05-31 19:23:45.579491,2026-06-01 10:38:07.614646,15.24,
026b4cb3-db40-7577-430e-3b357f0d8384,4509,awaiting_approval,2026-06-01 10:38:07.614646,2026-06-05 08:26:28.792205,93.81,waiting on customer
d7ed644e-38f7-b656-9f06-fb527f4530ba,4509,plating,2026-06-05 08:26:28.792205,2026-06-05 23:40:50.827360,15.24,
4409f187-f446-7772-0c53-bf637f1e3ba7,4509,on_press,2026-06-05 23:40:50.827360,2026-06-06 14:55:12.862515,15.24,
e1fe801c-f8ac-d03c-d588-689929515b80,4509,finishing,2026-06-06 14:55:12.862515,2026-06-07 06:09:34.897670,15.24,
cec5dcfe-7c0d-f012-1154-3244d3d76d46,4509,dispatched,2026-06-07 06:09:34.897670,,,
21b68d72-3a3a-2dc3-c76a-d43df31dbacf,4510,received,2026-05-16 00:00:00,2026-05-16 02:29:59.257458,2.5,
e7d18f85-8b10-7923-6e41-379bc7ad98b1,4510,prepress,2026-05-16 02:29:59.257458,2026-05-17 01:00:26.975156,22.51,
7e7d2d63-623c-3c04-74ab-679e265dc9e5,4510,proofing,2026-05-17 01:00:26.975156,2026-05-17 23:30:54.692854,22.51,
3dc323ea-9b86-e8fe-f6fb-5a9659a051f4,4510,awaiting_approval,2026-05-17 23:30:54.692854,2026-05-19 20:11:58.854541,44.68,waiting on customer
c848fcf9-8fb8-87c8-cef8-4f18dd84a444,4510,plating,2026-05-19 20:11:58.854541,2026-05-20 18:42:26.572239,22.51,
9d0e15ad-49d3-11b2-fc14-867fcea5c0e3,4510,on_press,2026-05-20 18:42:26.572239,2026-05-21 17:12:54.289937,22.51,
c362b367-f220-e30a-3091-210fad528556,4510,finishing,2026-05-21 17:12:54.289937,2026-05-22 15:43:22.007635,22.51,
a4dfd9fb-63ec-f598-1952-e16a93a1bf15,4510,dispatched,2026-05-22 15:43:22.007635,,,
6dbd5cbb-69ae-4367-2869-832077fe7759,4511,received,2026-01-28 00:00:00,2026-01-28 02:05:01.512214,2.08,
30a2c1ec-a39b-423c-b3af-fbb83e75177a,4511,prepress,2026-01-28 02:05:01.512214,2026-01-28 15:47:00.472464,13.7,
9bdc856f-98ab-e4b1-797f-c830e2d12723,4511,proofing,2026-01-28 15:47:00.472464,2026-01-29 05:28:59.432714,13.7,
f7900087-8ed0-8738-10ea-3d40a176e9fd,4511,awaiting_approval,2026-01-29 05:28:59.432714,2026-02-01 15:54:09.830414,82.42,waiting on customer
0d175290-1fe9-f695-5aae-258265f65a1a,4511,plating,2026-02-01 15:54:09.830414,2026-02-02 05:36:08.790664,13.7,
740074f8-6150-6fb5-df5c-340f244f3289,4511,on_press,2026-02-02 05:36:08.790664,2026-02-02 19:18:07.750914,13.7,
0a2ac634-a7fe-4aad-0d8a-5ff353300379,4511,finishing,2026-02-02 19:18:07.750914,2026-02-03 09:00:06.711164,13.7,
308aa2ca-a295-7ae1-ff14-f15e83dacf51,4511,dispatched,2026-02-03 09:00:06.711164,2026-02-03 22:42:05.671414,13.7,
81d06b72-eba9-8cb6-2566-20f1fea6161f,4511,delivered,2026-02-03 22:42:05.671414,,,
50dbca32-f040-9468-e483-4c21645924b0,4512,received,2026-07-28 00:00:00,2026-07-28 01:46:00.424120,1.77,
cd51245f-2884-5818-e174-53452a6759d8,4512,prepress,2026-07-28 01:46:00.424120,2026-07-28 21:56:57.003197,20.18,
f2d1ed2d-78d0-2b91-04b5-c1f0c13c4e68,4512,proofing,2026-07-28 21:56:57.003197,2026-07-29 18:07:53.582274,20.18,
82655414-e33d-5e0c-e617-41a7a56eda43,4512,awaiting_approval,2026-07-29 18:07:53.582274,2026-07-30 23:47:14.522005,29.66,waiting on customer
ce33584c-0938-e7fd-b4bd-5a9242e82fd8,4512,plating,2026-07-30 23:47:14.522005,2026-07-31 19:58:11.101082,20.18,
400bc4ce-5437-b1f4-1376-3515c659c3a2,4512,on_press,2026-07-31 19:58:11.101082,2026-08-01 16:09:07.680159,20.18,
ecd6fb33-b473-95d3-23ef-e3330a26e8a7,4512,finishing,2026-08-01 16:09:07.680159,2026-08-02 12:20:04.259236,20.18,
0df4b0ad-5f2a-00dc-f558-acc4d6b3c295,4512,dispatched,2026-08-02 12:20:04.259236,,,
e59497fc-ca46-aa69-0c97-11ea505acdd7,4513,received,2025-12-23 00:00:00,2025-12-23 03:50:09.145601,3.84,
ff34cb8e-1820-10b5-690e-62a2eee6f361,4513,prepress,2025-12-23 03:50:09.145601,2025-12-23 18:59:35.112916,15.16,
ef622c08-ba2e-bbb1-5eb5-4407168ec41d,4513,proofing,2025-12-23 18:59:35.112916,2025-12-24 10:09:01.080231,15.16,
92f052c6-f333-25ca-eb68-238e4cdca76a,4513,awaiting_approval,2025-12-24 10:09:01.080231,2025-12-26 21:06:56.169860,58.97,waiting on customer
d903d1db-cd9e-0b9e-f23c-47238f65b47c,4513,plating,2025-12-26 21:06:56.169860,2025-12-27 12:16:22.137175,15.16,
e354b766-ff3e-bcee-0ef3-89f951ac047c,4513,on_press,2025-12-27 12:16:22.137175,2025-12-28 03:25:48.104490,15.16,
7567dd3d-36dc-36fc-793b-96fd59abdd66,4513,finishing,2025-12-28 03:25:48.104490,2025-12-28 18:35:14.071805,15.16,
72ce31a1-0bbe-70b6-df2c-3d5502f92b67,4513,dispatched,2025-12-28 18:35:14.071805,2025-12-29 09:44:40.039120,15.16,
fa3a84a3-f018-62d5-c243-594a7b0113d4,4513,delivered,2025-12-29 09:44:40.039120,,,
cfc5fc59-fe5d-44f7-d1cc-e08c7e7d3ee3,4514,received,2025-12-19 00:00:00,2025-12-19 04:26:40.453336,4.44,
c22758fd-2b7c-039c-f53b-0af524029edf,4514,prepress,2025-12-19 04:26:40.453336,2025-12-19 14:14:33.996787,9.8,
25bbf49d-09a7-2a7a-f9ec-41a947c58ced,4514,proofing,2025-12-19 14:14:33.996787,2025-12-20 00:02:27.540238,9.8,
b2e27485-0d59-d490-fcf3-90c0fd3b162a,4514,awaiting_approval,2025-12-20 00:02:27.540238,2025-12-21 06:55:45.600051,30.89,waiting on customer
44f4861a-6cf1-2f61-d77e-1be04a0ec8a1,4514,plating,2025-12-21 06:55:45.600051,2025-12-21 16:43:39.143502,9.8,
85ed5c3f-dcb7-d43b-f14d-a272814f8bf0,4514,on_press,2025-12-21 16:43:39.143502,2025-12-22 02:31:32.686953,9.8,
0daf371a-da7f-40f1-060a-7b4f95b31f3f,4514,finishing,2025-12-22 02:31:32.686953,2025-12-22 12:19:26.230404,9.8,
7ff13546-6f25-6822-8bf4-60357073ad2a,4514,dispatched,2025-12-22 12:19:26.230404,,,
8dcccb69-247b-522b-fceb-1c5ef6f31975,4515,received,2026-07-03 00:00:00,2026-07-03 02:42:05.518868,2.7,
f117dea0-69fd-b837-bd5a-ac8fb61ebc24,4515,prepress,2026-07-03 02:42:05.518868,2026-07-04 14:32:47.880447,35.85,
e427d2ec-eb19-45eb-a9bc-f8bdf7edde1f,4515,proofing,2026-07-04 14:32:47.880447,2026-07-06 02:23:30.242026,35.85,
eba1bfdb-bb10-703e-4ba1-5ba835833bea,4515,awaiting_approval,2026-07-06 02:23:30.242026,2026-07-06 10:53:28.562105,8.5,waiting on customer
f77ce60d-c07d-1ca2-1097-675aac4b6e41,4515,plating,2026-07-06 10:53:28.562105,2026-07-07 22:44:10.923684,35.85,
379e8f0c-993c-93f0-d4f1-f8ae4caf49b6,4515,on_press,2026-07-07 22:44:10.923684,2026-07-09 10:34:53.285263,35.85,
ee8ade58-cd5e-d986-ff65-eb664bb10ffb,4515,finishing,2026-07-09 10:34:53.285263,2026-07-10 22:25:35.646842,35.85,
5578ade6-9bfc-dac0-bfde-234354a882a2,4515,dispatched,2026-07-10 22:25:35.646842,2026-07-12 10:16:18.008421,35.85,
1452352b-b15a-c1b8-e6cc-5c6d2b879efd,4515,delivered,2026-07-12 10:16:18.008421,,,
700c55bd-83c3-cdc3-1e47-2ee46165ade4,4516,received,2026-07-20 00:00:00,2026-07-20 02:05:16.500844,2.09,
7bd68b89-434d-1248-acdf-f1a4c389b648,4516,prepress,2026-07-20 02:05:16.500844,2026-07-20 21:42:42.779501,19.62,
702e37f5-a9c0-a1de-c9cf-af038d10d55a,4516,proofing,2026-07-20 21:42:42.779501,2026-07-21 17:20:09.058158,19.62,
9b572a02-461c-8fb6-8388-efc801b2e172,4516,awaiting_approval,2026-07-21 17:20:09.058158,2026-07-23 07:18:49.296057,37.98,waiting on customer
aeabc0a7-b887-e7a0-f46d-427cc9008bbb,4516,plating,2026-07-23 07:18:49.296057,2026-07-24 02:56:15.574714,19.62,
7cc70349-9dc0-8dac-f8da-fcf4bb58639f,4516,on_press,2026-07-24 02:56:15.574714,2026-07-24 22:33:41.853371,19.62,
a4c66f8d-89b7-22f0-a06a-574802e4fcb4,4516,finishing,2026-07-24 22:33:41.853371,2026-07-25 18:11:08.132028,19.62,
040d5bf2-8ad7-684a-c172-d28fc80cd149,4516,dispatched,2026-07-25 18:11:08.132028,,,
883cf2ac-4cb1-3953-c2a5-41ec6e9bfbd5,4517,received,2025-11-14 00:00:00,2025-11-14 03:17:32.336764,3.29,
dca0ce9c-c429-bef7-607b-afa63c2dace0,4517,prepress,2025-11-14 03:17:32.336764,2025-11-15 01:15:50.816595,21.97,
785a680a-f86e-5a13-305e-f6d34c591ca9,4517,proofing,2025-11-15 01:15:50.816595,2025-11-15 23:14:09.296426,21.97,
b96c3e36-2f1a-5d95-da0a-31bc20d43c78,4517,awaiting_approval,2025-11-15 23:14:09.296426,2025-11-20 00:19:03.743795,97.08,waiting on customer
3f32c178-a84a-5155-566d-781f588c24ee,4517,plating,2025-11-20 00:19:03.743795,2025-11-20 22:17:22.223626,21.97,
599c57ac-d7bd-1c83-e227-3a26adea689c,4517,on_press,2025-11-20 22:17:22.223626,2025-11-21 20:15:40.703457,21.97,
78446d10-206c-13bc-7f84-59b907192aad,4517,finishing,2025-11-21 20:15:40.703457,2025-11-22 18:13:59.183288,21.97,
d38df86d-1fa8-412e-8324-e174f5b7cf53,4517,dispatched,2025-11-22 18:13:59.183288,2025-11-23 16:12:17.663119,21.97,
130dc0dd-fabd-2dee-cfe6-13c07441746f,4517,delivered,2025-11-23 16:12:17.663119,,,
fb39a2c5-de81-7c3d-9619-610c7853b757,4518,received,2026-03-10 00:00:00,2026-03-10 02:41:25.851537,2.69,
14b0c24c-1949-73f5-b782-9a871bdb4816,4518,prepress,2026-03-10 02:41:25.851537,2026-03-10 18:30:59.213509,15.83,
a61cb119-71d7-3d7e-3eaf-35ffe98f90c1,4518,proofing,2026-03-10 18:30:59.213509,2026-03-11 10:20:32.575481,15.83,
70fa567a-208a-f840-11e2-5df128e3a32c,4518,awaiting_approval,2026-03-11 10:20:32.575481,2026-03-13 13:01:30.465251,50.68,waiting on customer
1cab560c-391a-b8d4-eca0-41cd574bb57a,4518,plating,2026-03-13 13:01:30.465251,2026-03-14 04:51:03.827223,15.83,
b350a2ec-aade-a54f-5463-710828e11be7,4518,on_press,2026-03-14 04:51:03.827223,2026-03-14 20:40:37.189195,15.83,
49d8259b-7dde-5213-77bc-e604bdae1636,4518,finishing,2026-03-14 20:40:37.189195,2026-03-15 12:30:10.551167,15.83,
4a73d89d-4d8f-da03-6f5e-ddace8c7ed9d,4518,dispatched,2026-03-15 12:30:10.551167,,,
d5aeb592-8013-5c2c-b599-dff474954443,4519,received,2025-12-27 00:00:00,2025-12-27 04:41:40.221173,4.69,
f34e9c2f-2256-60a8-335b-ed329a2cab04,4519,prepress,2025-12-27 04:41:40.221173,2025-12-27 15:18:48.823729,10.62,
2c6ec9a6-7697-fee3-eb54-c15a29c42967,4519,proofing,2025-12-27 15:18:48.823729,2025-12-28 01:55:57.426285,10.62,
a7d51841-50e5-8aa4-67e1-e22ac8e466c8,4519,awaiting_approval,2025-12-28 01:55:57.426285,2025-12-29 20:05:37.205473,42.16,waiting on customer
50465618-d33a-650c-00a5-c685658c8af0,4519,plating,2025-12-29 20:05:37.205473,2025-12-30 06:42:45.808029,10.62,
4a015573-a776-d60d-ffe0-39b02cbbcab7,4519,on_press,2025-12-30 06:42:45.808029,2025-12-30 17:19:54.410585,10.62,
38efdee4-bd93-77c0-cfb4-31a313fbbc06,4519,finishing,2025-12-30 17:19:54.410585,2025-12-31 03:57:03.013141,10.62,
28b18e15-ca60-171a-23d9-76c177a7c0b0,4519,dispatched,2025-12-31 03:57:03.013141,2025-12-31 14:34:11.615697,10.62,
5dfa56df-98e9-bdc1-9997-e47121c403f8,4519,delivered,2025-12-31 14:34:11.615697,,,
27c86692-86b5-a669-392c-bc7bb60695b7,4520,received,2025-12-12 00:00:00,2025-12-12 04:17:40.463714,4.29,
fe7bacad-a713-a11c-3066-acb980cd85a9,4520,prepress,2025-12-12 04:17:40.463714,2025-12-12 18:08:31.864654,13.85,
ccef3a0f-98db-005e-65e2-655917c648c9,4520,proofing,2025-12-12 18:08:31.864654,2025-12-13 07:59:23.265594,13.85,
4118a3d6-3f1f-bf26-41d1-e65dbe0fb730,4520,awaiting_approval,2025-12-13 07:59:23.265594,2025-12-14 17:15:13.225298,33.26,waiting on customer
99f6d378-562f-3502-1fc0-0b9469849436,4520,plating,2025-12-14 17:15:13.225298,2025-12-15 07:06:04.626238,13.85,
76cbd30f-f347-bfe9-2617-045b178d2466,4520,on_press,2025-12-15 07:06:04.626238,2025-12-15 20:56:56.027178,13.85,
bb53cdb2-b4f7-6d51-3778-b34d41b825fd,4520,finishing,2025-12-15 20:56:56.027178,2025-12-16 10:47:47.428118,13.85,
625ee8fd-a0ae-1673-648c-de131b212b58,4520,dispatched,2025-12-16 10:47:47.428118,,,
614a1012-dcaa-9a21-b5b5-b47f66034932,4521,received,2025-11-22 00:00:00,2025-11-22 02:32:21.125474,2.54,
c28cad3f-9e24-6dee-3d9b-7ba1a578c7dd,4521,prepress,2025-11-22 02:32:21.125474,2025-11-22 17:14:33.299173,14.7,
2335e4b9-d46f-79c7-f770-6fc764f5f062,4521,proofing,2025-11-22 17:14:33.299173,2025-11-23 07:56:45.472872,14.7,
0993179f-e032-def0-1502-6aa6f35f1f5e,4521,awaiting_approval,2025-11-23 07:56:45.472872,2025-11-26 15:29:11.695415,79.54,waiting on customer
2d660e1c-a8de-56e6-9ce7-bc65d26ddd38,4521,plating,2025-11-26 15:29:11.695415,2025-11-27 06:11:23.869114,14.7,
eb85e123-db8f-e92f-902f-5fdfcfe939b3,4521,on_press,2025-11-27 06:11:23.869114,2025-11-27 20:53:36.042813,14.7,
ce762fdf-1c94-2e3c-4136-bbc35edb6696,4521,finishing,2025-11-27 20:53:36.042813,2025-11-28 11:35:48.216512,14.7,
569f1d25-9699-a139-2ea1-63796f8e34a5,4521,dispatched,2025-11-28 11:35:48.216512,2025-11-29 02:18:00.390211,14.7,
1ebd4d18-6ad4-413b-c94d-a5a08c658d95,4521,delivered,2025-11-29 02:18:00.390211,,,
